"num","team","epa_rank","total_epa","norm_epa","unitless_epa","auto_epa","teleop_epa","endgame_epa","rp_1_epa","rp_2_epa","rp_3_epa","next_event_key","next_event_name","next_event_week","record","winrate"
"4414","HighTide","1","356.9","1996","2334","75.1","195.9","86","0.81","1.08","-0.34","2026cmptx","FIRST Championship - FIRST Robotics Competition","8","70-2-0","0.972"
"254","The Cheesy Poofs","2","328.1","1950","2257","78.5","169.9","79.8","0.71","0.86","-0.34","2026cmptx","FIRST Championship - FIRST Robotics Competition","8","65-6-0","0.915"
"7769","The CREW","3","311.6","1923","2213","67.8","175.4","68.5","0.8","0.78","-0.34","2026cmptx","FIRST Championship - FIRST Robotics Competition","8","70-5-0","0.933"
"1323","MadTown Robotics","4","310","1921","2209","73.8","169.6","66.6","0.82","1.06","-0.34","2026cmptx","FIRST Championship - FIRST Robotics Competition","8","69-4-0","0.945"
"2056","OP Robotics","5","302.2","1908","2188","83.9","169","49.3","0.8","0.93","-0.34","2026cmptx","FIRST Championship - FIRST Robotics Competition","8","63-10-0","0.863"
"1690","Orbit","6","295.4","1897","2170","67.5","165.9","62.1","0.62","0.42","-0.34","2026cmptx","FIRST Championship - FIRST Robotics Competition","8","16-4-0","0.800"
"27","Team RUSH","7","295.1","1897","2169","74","154.6","66.6","0.79","0.93","-0.34","2026cmptx","FIRST Championship - FIRST Robotics Competition","8","83-6-0","0.933"
"1114","Simbotics","8","287.6","1884","2149","73.1","140.5","73.9","0.68","0.65","-0.34","2026cmptx","FIRST Championship - FIRST Robotics Competition","8","62-7-0","0.899"
"2481","Roboteers","9","285","1880","2143","62.6","152.8","69.6","0.64","0.81","-0.34","2026cmptx","FIRST Championship - FIRST Robotics Competition","8","44-8-0","0.846"
"5687","The Outliers","10","282.7","1877","2136","74","155.1","53.6","0.85","0.76","-0.34","N/A","N/A","N/A","62-12-1","0.833"
"2910","Jack in the Bot","11","281.8","1875","2134","49","152.6","80.2","0.62","0.58","-0.34","2026cmptx","FIRST Championship - FIRST Robotics Competition","8","53-23-0","0.697"
"125","NUTRONs","12","281.6","1875","2133","54.2","161.2","66.2","0.74","0.71","-0.34","2026cur","Curie Division","8","68-17-1","0.797"
"9470","Ctrl-Alt-Defeat","13","278.9","1871","2126","61.4","148.1","69.4","0.65","0.79","-0.28","2026cmptx","FIRST Championship - FIRST Robotics Competition","8","60-13-0","0.822"
"7558","ALT-F4","14","278.9","1870","2126","54.5","159","65.4","0.76","0.56","-0.34","2026joh","Johnson Division","8","51-17-0","0.750"
"1678","Citrus Circuits","15","278.2","1869","2124","59.6","147.3","71.2","0.83","0.69","-0.34","2026cmptx","FIRST Championship - FIRST Robotics Competition","8","61-9-0","0.871"
"6369","Mercenary Robotics","16","273.8","1862","2112","59","150.1","64.7","0.88","0.64","-0.34","2026cmptx","FIRST Championship - FIRST Robotics Competition","8","77-9-0","0.895"
"6800","Valor","17","267.6","1852","2096","55.9","145","66.7","0.79","0.7","-0.34","2026cmptx","FIRST Championship - FIRST Robotics Competition","8","62-10-0","0.861"
"3467","Windham Windup","18","266.5","1850","2093","48.4","150.9","67.2","0.73","0.79","-0.34","2026hop","Hopper Division","8","75-10-0","0.882"
"9128","ITKAN Robotics","19","264.8","1848","2089","57.8","141.3","65.7","0.73","0.74","-0.34","2026new","Newton Division","8","60-7-0","0.896"
"1796","RoboTigers","20","263.3","1845","2085","54.2","153.3","55.8","0.74","0.61","-0.34","2026new","Newton Division","8","48-7-0","0.873"
"9483","Overcharge","21","261.3","1842","2079","57.3","150.8","53.2","0.75","0.64","-0.34","2026joh","Johnson Division","8","38-6-0","0.864"
"6329","The Bucks' Wrath","22","260","1840","2076","58.7","141.7","59.6","0.55","0.82","-0.34","2026cmptx","FIRST Championship - FIRST Robotics Competition","8","61-15-1","0.799"
"2046","Bear Metal","23","259.9","1840","2075","56.6","136.5","66.8","0.77","0.69","-0.34","2026cmptx","FIRST Championship - FIRST Robotics Competition","8","78-16-0","0.830"
"1987","Broncobots","24","259.1","1839","2073","49.3","161","48.7","0.7","0.67","-0.34","2026cur","Curie Division","8","54-6-0","0.900"
"1768","Nashoba Robotics","25","258.7","1838","2072","42.2","140.6","75.9","0.86","0.61","-0.34","2026gal","Galileo Division","8","70-17-0","0.805"
"8044","Denham Venom","26","256.5","1834","2066","57.3","133.1","66.1","0.65","0.58","-0.34","2026hop","Hopper Division","8","50-9-0","0.847"
"1706","Ratchet Rockers","27","256","1834","2065","47.6","151.2","57.2","0.73","0.26","-0.34","2026cmptx","FIRST Championship - FIRST Robotics Competition","8","45-2-0","0.957"
"9496","LYNK","28","253.6","1830","2059","62","137.5","54.1","0.93","0.51","-0.34","2026gal","Galileo Division","8","70-13-0","0.843"
"5460","Strike Zone","29","251.8","1827","2054","65.2","137.4","49.2","0.64","0.49","-0.28","2026cur","Curie Division","8","57-11-0","0.838"
"581","Blazing Bulldogs","30","251.3","1826","2052","56.6","126.5","68.1","0.69","0.54","-0.34","2026cmptx","FIRST Championship - FIRST Robotics Competition","8","47-19-0","0.712"
"1325","Inverse Paradox","31","245.7","1817","2038","46.4","133.9","65.4","0.67","0.64","-0.34","2026dal","Daly Division","8","56-27-0","0.675"
"498","The Cobra Commanders","32","242.9","1812","2030","63.7","139.1","40","0.58","0.42","-0.34","2026joh","Johnson Division","8","39-8-0","0.830"
"4522","Team SCREAM","33","241.8","1811","2027","64","118.6","59.2","0.65","0.39","-0.34","2026joh","Johnson Division","8","47-12-0","0.797"
"5000","HAMMERHEADS","34","235.8","1801","2011","46","128.4","61.4","0.66","0.48","-0.34","2026hop","Hopper Division","8","41-23-0","0.641"
"1833","Team BEAN","35","233.8","1798","2006","59.1","126.3","48.4","0.74","0.62","-0.34","2026cmptx","FIRST Championship - FIRST Robotics Competition","8","60-8-0","0.882"
"359","Hawaiian Kids","36","233.4","1797","2005","38.7","138.4","56.3","0.74","0.32","-0.27","2026mil","Milstein Division","8","69-11-0","0.863"
"2231","OnyxTronix","37","233","1797","2004","57","128.9","47","0.49","0.29","-0.34","2026gal","Galileo Division","8","8-5-0","0.615"
"9785","Alectrona","38","230.7","1793","1998","36.8","138.2","55.7","0.63","0.42","-0.34","2026hop","Hopper Division","8","53-18-0","0.746"
"4499","The Highlanders","39","230.1","1792","1996","52.5","119.8","57.7","0.73","0.17","-0.26","2026mil","Milstein Division","8","55-10-0","0.846"
"973","Greybots","40","229.3","1791","1994","39.4","131.3","58.7","0.59","0.47","-0.34","2026new","Newton Division","8","45-21-0","0.682"
"694","StuyPulse","41","228.8","1790","1993","42.5","132.9","53.4","0.62","0.32","-0.34","2026mil","Milstein Division","8","46-13-0","0.780"
"1241","THEORY6","42","228.6","1790","1992","43.1","121","64.5","0.61","0.47","-0.34","2026arc","Archimedes Division","8","52-15-1","0.772"
"2122","Team Tators","43","227.5","1788","1989","55","115.2","57.3","0.77","0.24","-0.34","2026mil","Milstein Division","8","50-10-1","0.828"
"2702","Rebels","44","227.2","1787","1988","39.9","138.1","49.3","0.59","0.43","-0.34","N/A","N/A","N/A","35-14-0","0.714"
"5907","CC Shambots","45","224.7","1783","1982","33.2","123.9","67.6","0.57","0.55","-0.34","2026cmptx","FIRST Championship - FIRST Robotics Competition","8","48-19-0","0.716"
"4678","CyberCavs","46","224.4","1783","1981","46.7","115.5","62.2","0.53","0.48","-0.34","2026dal","Daly Division","8","47-18-0","0.723"
"5736","Kingsmen Robotics","47","222.5","1780","1976","60.9","112","49.6","0.58","0.34","-0.34","2026new","Newton Division","8","28-10-0","0.737"
"604","Quixilver","48","222.4","1780","1976","43.2","123.8","55.5","0.64","0.43","-0.34","2026new","Newton Division","8","47-16-0","0.746"
"4469","R.A.I.D. (Raider Artificial...","49","219.1","1774","1967","33.1","123","62.9","0.49","0.39","-0.34","2026gal","Galileo Division","8","39-20-0","0.661"
"4476","W.A.F.F.L.E.S.","50","219","1774","1966","34.1","122.9","62","0.52","0.48","-0.34","2026mil","Milstein Division","8","45-20-0","0.692"
"8214","Cyber Unicorn","51","217.1","1771","1961","57.9","111.6","47.6","0.45","0.41","-0.34","2026hop","Hopper Division","8","16-8-0","0.667"
"695","Bison Robotics","52","215.9","1769","1958","44.5","114.1","57.3","0.73","0.16","-0.34","2026new","Newton Division","8","44-19-0","0.698"
"9023","Future Martians","53","215.8","1769","1958","35.8","128.1","51.9","0.54","0.45","-0.34","2026cur","Curie Division","8","57-22-0","0.722"
"2468","Team Appreciate","54","215","1768","1956","41.9","114.6","58.5","0.85","0.19","-0.34","2026cmptx","FIRST Championship - FIRST Robotics Competition","8","51-14-0","0.785"
"4946","The Alpha Dogs","55","214.7","1767","1955","56.8","113.8","44.1","0.53","0.58","-0.34","2026cmptx","FIRST Championship - FIRST Robotics Competition","8","62-12-0","0.838"
"4481","Team Rembrandts","56","214","1766","1953","38.7","131.6","43.7","0.6","0.12","-0.34","2026cmptx","FIRST Championship - FIRST Robotics Competition","8","37-15-0","0.712"
"3045","Gear Gremlins","57","213.7","1766","1952","48.4","114.2","51.1","0.6","0.4","-0.34","2026arc","Archimedes Division","8","43-20-0","0.683"
"316","LUNATECS","58","213.7","1765","1952","56","98","59.7","0.81","0.29","-0.34","2026dal","Daly Division","8","59-7-0","0.894"
"7457","suPURDUEper Robotics","59","213.7","1765","1952","52.6","122.1","38.9","0.57","0.45","-0.34","2026mil","Milstein Division","8","68-15-0","0.819"
"1732","Hilltopper Robotics","60","213.4","1765","1952","46.4","116","51","0.65","0.32","-0.34","2026hop","Hopper Division","8","54-13-1","0.801"
"6002","ZooBOTix","61","212.8","1764","1950","48.1","108.2","56.6","0.69","0.38","-0.34","2026mil","Milstein Division","8","63-23-0","0.733"
"3476","Code Orange","62","212","1763","1948","54.2","114.2","43.6","0.56","0.37","-0.34","2026arc","Archimedes Division","8","54-9-0","0.857"
"5193","Pantheon","63","212","1763","1948","48.9","112.3","50.9","0.71","0.41","-0.34","2026cur","Curie Division","8","51-15-0","0.773"
"8513","Sisters 1st","64","210.3","1760","1943","53.2","113.6","43.5","0.6","0.4","-0.34","2026hop","Hopper Division","8","50-13-0","0.794"
"6090","Wayland Wildcats","65","208.6","1757","1939","47.3","97.7","63.6","0.51","0.41","-0.34","2026mil","Milstein Division","8","51-15-0","0.773"
"4400","Cerbotics - Peñoles","66","208.6","1757","1939","32.3","117.8","58.5","0.75","0.14","-0.34","2026new","Newton Division","8","35-8-0","0.814"
"1540","Flaming Chickens","67","206.9","1755","1934","41.7","112.6","52.7","0.67","0.46","-0.34","2026new","Newton Division","8","63-20-1","0.756"
"6459","AG Robotik","68","206.5","1754","1933","33.6","126.1","46.8","0.72","0.12","-0.34","2026arc","Archimedes Division","8","32-13-0","0.711"
"195","CyberKnights","69","206","1753","1932","43.1","119.1","43.8","0.46","0.48","-0.34","2026new","Newton Division","8","45-21-1","0.679"
"3015","Ranger Robotics","70","205.4","1752","1930","35.6","116.2","53.6","0.64","0.19","-0.34","2026hop","Hopper Division","8","43-11-0","0.796"
"5813","Morpheus","71","204.9","1751","1929","32.7","123","49.2","0.68","0.28","-0.34","2026dal","Daly Division","8","41-20-1","0.669"
"7426","PAIR OF DICE ROBOTICS","72","204.8","1751","1929","37.8","106.3","60.7","0.58","0.33","-0.34","2026mil","Milstein Division","8","46-12-0","0.793"
"1918","Newaygo County GEARS","73","204","1750","1927","33.8","121.8","48.4","0.73","0.59","-0.34","N/A","N/A","N/A","38-11-0","0.776"
"4028","The Beak Squad","74","203.9","1750","1926","43.1","108.3","52.5","0.47","0.42","-0.34","2026dal","Daly Division","8","31-11-0","0.738"
"6328","Mechanical Advantage","75","203.8","1750","1926","59.2","107.4","37.3","0.56","0.4","-0.34","2026hop","Hopper Division","8","51-13-0","0.797"
"67","The HOT Team","76","203","1748","1924","43.8","111.5","47.7","0.5","0.35","-0.34","2026joh","Johnson Division","8","47-17-1","0.731"
"4089","Stealth Robotics","77","202.8","1748","1923","41","109.7","52","0.5","0.3","-0.34","2026mil","Milstein Division","8","43-21-0","0.672"
"4237","Team Lance-A-Bot","78","202.6","1748","1923","40","121.3","41.3","0.61","0.39","-0.34","N/A","N/A","N/A","52-16-0","0.765"
"4698","Raider Robotics","79","202.5","1747","1923","48.8","104.9","48.9","0.6","0.25","-0.34","2026hop","Hopper Division","8","36-25-0","0.590"
"3255","SuperNURDs","80","202.3","1747","1922","40.5","105.3","56.5","0.61","0.17","-0.34","2026joh","Johnson Division","8","37-23-0","0.617"
"5940","BREAD","81","202.1","1747","1921","42.2","94.7","65.2","0.68","0.4","-0.34","2026cmptx","FIRST Championship - FIRST Robotics Competition","8","57-13-0","0.814"
"3538","RoboJackets","82","200.3","1744","1917","39.2","115","46.1","0.52","0.36","-0.34","2026dal","Daly Division","8","53-17-0","0.757"
"10131","Royal Turtles","83","199.9","1743","1915","31.1","115.7","53","0.59","0.31","-0.34","2026hop","Hopper Division","8","36-13-0","0.735"
"176","Aces High","84","199.2","1742","1914","51.7","109","38.5","0.57","0.29","-0.34","2026dal","Daly Division","8","49-15-0","0.766"
"2106","The Junkyard Dogs","85","198.5","1741","1912","43","117.1","38.4","0.68","0.35","-0.34","2026arc","Archimedes Division","8","49-13-1","0.786"
"2813","Gear Heads","86","198.2","1741","1911","43.6","98.8","55.8","0.35","0.24","-0.34","2026gal","Galileo Division","8","38-22-0","0.633"
"1156","Under Control","87","197.8","1740","1910","40","112.6","45.3","0.56","0.07","-0.34","2026cmptx","FIRST Championship - FIRST Robotics Competition","8","48-12-0","0.800"
"5895","Peddie Robotics","88","197.4","1739","1909","44.6","107.4","45.4","0.38","0.37","-0.34","2026gal","Galileo Division","8","43-16-1","0.725"
"5987","Galaxia in memory of David ...","89","197.1","1739","1908","32.3","107.4","57.3","0.31","0.55","-0.34","2026cur","Curie Division","8","6-6-0","0.500"
"1868","Space Cookies","90","197","1739","1908","47.7","98.7","50.6","0.46","0.39","-0.34","2026arc","Archimedes Division","8","30-29-0","0.508"
"4646","Wildcard Robotics","91","196.9","1738","1908","38.8","102.2","56","0.6","-0.05","-0.34","2026arc","Archimedes Division","8","30-12-0","0.714"
"180","S.P.A.M.","92","196.9","1738","1907","54.2","104.1","38.6","0.63","0.13","-0.34","2026new","Newton Division","8","35-10-1","0.772"
"948","NRG (Newport Robotics Group)","93","196.9","1738","1907","42.4","107","47.5","0.48","0.37","-0.34","2026new","Newton Division","8","44-20-0","0.688"
"5406","Celt-X","94","196.5","1738","1906","34.6","119.9","42","0.55","0.29","-0.34","2026hop","Hopper Division","8","45-15-0","0.750"
"610","Crescent Coyotes","95","196","1737","1905","35.9","110","50.2","0.64","0.27","-0.34","N/A","N/A","N/A","45-20-0","0.692"
"10021","Guerin Catholic Golden Gears","96","195.9","1737","1905","36.9","102.8","56.3","0.57","0.19","-0.34","2026arc","Archimedes Division","8","48-21-0","0.696"
"6036","Peninsula Robotics","97","195.8","1737","1905","38.6","111.6","45.6","0.68","0.32","-0.34","2026new","Newton Division","8","46-19-0","0.708"
"971","Spartan Robotics","98","195.6","1736","1904","30.1","114","51.5","0.51","0.27","-0.34","2026arc","Archimedes Division","8","36-28-0","0.563"
"2539","Krypton Cougars","99","195.3","1736","1903","41.9","101.4","52.1","0.57","0.32","-0.34","2026arc","Archimedes Division","8","43-20-1","0.680"
"117","Steel Dragons","100","194.9","1735","1902","28.7","115.7","50.5","0.54","0.18","-0.34","2026joh","Johnson Division","8","23-15-0","0.605"
"1296","Full Metal Jackets","101","194.6","1735","1901","38.8","101.1","54.7","0.59","0.2","-0.34","2026hop","Hopper Division","8","40-21-0","0.656"
"341","Miss Daisy","102","194.3","1734","1901","35.5","117.7","41.1","0.69","0.26","-0.34","2026new","Newton Division","8","52-9-0","0.852"
"3256","WarriorBorgs","103","194.3","1734","1901","49.6","104.1","40.6","0.45","0.52","-0.34","2026new","Newton Division","8","42-24-0","0.636"
"6647","PrepaTec - VOLTEC","104","193.5","1733","1899","40.1","107.3","46.2","0.44","0.36","-0.34","2026new","Newton Division","8","40-19-0","0.678"
"870","TEAM  R. I. C. E.","105","193.3","1733","1898","48.5","98.6","46.2","0.54","0.16","-0.34","2026cur","Curie Division","8","30-11-0","0.732"
"599","The Robodox","106","192.8","1732","1897","38.8","112.4","41.6","0.57","0.52","-0.34","2026new","Newton Division","8","41-18-0","0.695"
"449","The Blair Robot Project","107","191.9","1730","1894","42.4","105.2","44.2","0.65","0.49","-0.34","2026gal","Galileo Division","8","49-15-0","0.766"
"8749","Farmersville  Robotics","108","191.5","1730","1893","42.1","99.9","49.5","0.38","0.29","-0.34","2026hop","Hopper Division","8","37-26-0","0.587"
"2200","BCR Blackout","109","191.4","1730","1893","55.3","102.8","33.3","0.49","0.18","-0.34","2026mil","Milstein Division","8","44-23-0","0.657"
"3128","The Aluminum Narwhals","110","191.1","1729","1892","37.6","103.3","50.2","0.42","0.15","-0.34","2026cur","Curie Division","8","49-15-0","0.766"
"841","The BioMechs","111","190.5","1728","1891","23.2","105.6","61.8","0.63","0.34","-0.34","N/A","N/A","N/A","28-19-0","0.596"
"1002","CircuitRunners Robotics","112","190.4","1728","1890","49.6","105.1","35.7","0.43","0.14","-0.34","2026joh","Johnson Division","8","50-18-1","0.732"
"5026","Iron Panthers","113","190.3","1728","1890","44.8","104.8","40.7","0.43","0.49","-0.34","2026joh","Johnson Division","8","38-25-0","0.603"
"484","Roboforce","114","190","1727","1889","38.3","103.2","48.6","0.7","0.33","-0.34","2026gal","Galileo Division","8","44-18-0","0.710"
"2630","Thunderbolts","115","189.7","1727","1888","48","111.3","30.4","0.42","0.27","-0.25","2026mil","Milstein Division","8","7-5-0","0.583"
"238","Crusaders","116","189.7","1727","1888","28.5","107.3","53.9","0.45","0.39","-0.34","2026hop","Hopper Division","8","49-15-0","0.766"
"10254","Regal Seagulls","117","189.3","1726","1887","30.2","114.3","44.8","0.54","0.22","-0.34","2026cur","Curie Division","8","39-21-0","0.650"
"5468","Chaos Theory","118","188.4","1725","1885","31.6","104","52.9","0.53","0.23","-0.34","2026arc","Archimedes Division","8","50-12-0","0.806"
"4174","Mustang Robotics","119","187.3","1723","1882","34.5","99.5","53.3","0.64","-0.17","-0.34","2026hop","Hopper Division","8","31-10-0","0.756"
"8608","Alpha Bots","120","187.2","1723","1882","32.9","107.8","46.5","0.63","0.41","-0.34","2026arc","Archimedes Division","8","48-15-0","0.762"
"1771","North Gwinnett Robotics","121","186.9","1722","1881","49.7","106.4","30.7","0.69","0.19","-0.34","2026mil","Milstein Division","8","51-13-0","0.797"
"2767","Stryke Force","122","186.2","1721","1879","49.8","99.1","37.3","0.6","0.47","-0.34","2026arc","Archimedes Division","8","55-12-0","0.821"
"9072","TigerBots","123","186","1721","1878","32.7","103.3","50","0.51","0.18","-0.34","2026cmptx","FIRST Championship - FIRST Robotics Competition","8","52-18-0","0.743"
"7220","Steel Falcons","124","185.9","1721","1878","43.6","104.6","37.8","0.41","0.31","-0.34","2026cmptx","FIRST Championship - FIRST Robotics Competition","8","44-22-0","0.667"
"360","The Revolution","125","185.8","1721","1878","27.3","112.4","46.1","0.57","0.31","-0.28","2026joh","Johnson Division","8","40-20-0","0.667"
"33","Killer Bees","126","185.7","1720","1878","29","97.8","59","0.54","0.24","-0.34","2026joh","Johnson Division","8","44-18-0","0.710"
"133","B.E.R.T.","127","185.5","1720","1877","41","110.8","33.6","0.63","0.37","-0.34","N/A","N/A","N/A","34-17-0","0.667"
"1701","Robocubs","128","185.3","1720","1877","39.3","106.7","39.4","0.58","0.25","-0.34","2026hop","Hopper Division","8","52-19-0","0.732"
"9408","Warren Warbots","129","185","1719","1876","42","97.4","45.6","0.61","0.23","-0.34","2026new","Newton Division","8","50-10-0","0.833"
"2052","KnightKrawler","130","184.7","1719","1875","38.3","94.5","52","0.72","0.06","-0.34","2026new","Newton Division","8","36-9-0","0.800"
"8159","Golden Horn","131","184.5","1718","1874","44.2","96.4","43.8","0.51","0.09","-0.34","2026gal","Galileo Division","8","28-12-0","0.700"
"2905","Sultans of Turkiye","132","184.3","1718","1874","37.2","107.9","39.2","0.58","0","-0.34","2026mil","Milstein Division","8","32-11-0","0.744"
"7166","Red Thunder Robotics","133","183.7","1717","1872","44.5","89.8","49.4","0.63","0.28","-0.34","2026arc","Archimedes Division","8","55-15-0","0.786"
"9032","RoboWhales","134","183.6","1717","1872","32.6","108.3","42.7","0.59","0.27","-0.34","2026arc","Archimedes Division","8","53-11-0","0.828"
"3937","Breakaway","135","183.4","1717","1871","35.5","96.3","51.5","0.58","-0.03","-0.34","2026gal","Galileo Division","8","26-18-0","0.591"
"3197","HexHounds","136","183.1","1716","1871","31.6","105.9","45.6","0.44","0.08","-0.34","2026cur","Curie Division","8","44-21-1","0.674"
"3414","Hackbots","137","183","1716","1870","41.8","100.3","40.9","0.58","0.35","-0.34","2026joh","Johnson Division","8","45-18-0","0.714"
"148","Robowranglers","138","182.9","1716","1870","31","99.8","52.1","0.54","0.14","-0.34","2026new","Newton Division","8","52-14-0","0.788"
"118","Robonauts","139","182.4","1715","1869","28.2","101.3","52.8","0.67","0.25","0.33","2026joh","Johnson Division","8","118-14-0","0.894"
"9068","The Chargers","140","182.3","1715","1869","30.2","102.3","49.9","0.55","0.31","-0.34","2026cur","Curie Division","8","32-14-0","0.696"
"1922","Oz-Ram","141","182","1714","1868","24.7","102.1","55.2","0.56","0.2","-0.34","2026new","Newton Division","8","35-26-0","0.574"
"2992","The S.S. Prometheus","142","181.3","1713","1866","36.6","98.7","46","0.47","0.09","-0.34","2026cur","Curie Division","8","30-17-0","0.638"
"5660","Symmetrical Chaos","143","181.3","1713","1866","33.7","99.6","48.1","0.7","0.19","-0.34","N/A","N/A","N/A","33-18-0","0.647"
"4391","BraveBots","144","180.6","1712","1864","31.6","94.9","54.2","0.58","0.25","-0.34","2026joh","Johnson Division","8","49-15-0","0.766"
"3641","The Flying Toasters","145","179.6","1711","1861","39.3","89.3","51","0.42","0.17","-0.28","2026hop","Hopper Division","8","41-24-0","0.631"
"2877","LigerBots","146","179.5","1710","1861","37.3","101.9","40.4","0.36","0.17","-0.34","2026joh","Johnson Division","8","41-20-0","0.672"
"4635","PrepaTec - Botbusters","147","178.7","1709","1859","42.7","97.1","39","0.55","0.16","-0.34","2026joh","Johnson Division","8","48-6-0","0.889"
"5913","Patriotics","148","178.7","1709","1859","36.3","109.4","33","0.47","0.04","-0.34","2026gal","Galileo Division","8","34-13-0","0.723"
"7520","Team MineKee","149","178.3","1709","1858","25.5","104.9","48","0.39","0.2","-0.34","2026dal","Daly Division","8","35-25-0","0.583"
"10340","ITKAN Girls","150","177.9","1708","1857","41.7","101.7","34.6","0.45","0.34","-0.34","2026joh","Johnson Division","8","52-15-0","0.776"
"3683","Team DAVE","151","177.7","1707","1856","30.2","107.6","39.9","0.68","0.26","-0.34","N/A","N/A","N/A","43-19-0","0.694"
"503","Frog Force","152","177.1","1707","1855","30.7","101.1","45.3","0.58","0.2","-0.28","2026hop","Hopper Division","8","51-28-0","0.646"
"346","RoboHawks","153","176.8","1706","1854","30","105.8","41","0.5","0.18","-0.34","2026new","Newton Division","8","41-20-0","0.672"
"2491","NoMythic","154","176.7","1706","1854","31.7","89.9","55.2","0.48","0.04","-0.34","2026gal","Galileo Division","8","34-11-0","0.756"
"103","Cybersonics","155","176.7","1706","1854","16.4","91.2","69.1","0.54","0.21","-0.34","2026arc","Archimedes Division","8","42-16-2","0.717"
"7415","Jaguar Robotics Sponsored B...","156","176.6","1706","1853","49.5","93.5","33.6","0.43","0.37","-0.34","2026gal","Galileo Division","8","49-17-0","0.742"
"190","Gompei and the HERD","157","175.8","1704","1851","33","92.9","50","0.51","0.27","-0.35","2026joh","Johnson Division","8","78-26-0","0.750"
"3006","Red Rock Robotics","158","175.7","1704","1851","38.9","95.3","41.4","0.32","0.13","-0.34","2026arc","Archimedes Division","8","32-10-0","0.762"
"8046","LakerBots","159","174.5","1702","1848","28.6","102.1","43.8","0.43","0.18","-0.34","2026new","Newton Division","8","33-25-0","0.569"
"3478","PrepaTec - LamBot","160","173.9","1702","1846","39.3","98.8","35.8","0.58","0.07","-0.34","2026dal","Daly Division","8","28-13-0","0.683"
"9609","Paraducks","161","173.8","1701","1846","44.3","90.4","39.1","0.55","0","-0.34","2026cur","Curie Division","8","37-11-0","0.771"
"3620","Average Joes","162","173.8","1701","1846","26","99.3","48.5","0.51","0.18","-0.34","2026joh","Johnson Division","8","39-18-0","0.684"
"340","G.R.R. (Greater Rochester R...","163","172.5","1699","1843","39.3","96.9","36.4","0.62","-0.03","-0.34","2026dal","Daly Division","8","31-9-0","0.775"
"4020","Cyber Tribe","164","171.9","1698","1841","40.1","91.9","39.9","0.45","0","-0.34","2026gal","Galileo Division","8","28-12-0","0.700"
"1986","Team Titanium","165","171.8","1698","1841","39.9","96.3","35.5","0.51","0.1","-0.34","2026hop","Hopper Division","8","34-10-0","0.773"
"5199","Robot Dolphins From Outer S...","166","171.7","1698","1840","33","91.1","47.6","0.36","0.35","-0.34","2026cur","Curie Division","8","46-16-0","0.742"
"9401","Midas' Mayhem","167","171.5","1698","1840","35","95.8","40.7","0.48","0.02","-0.34","2026arc","Archimedes Division","8","30-12-0","0.714"
"2137","The Oxford RoboCats","168","171.4","1698","1840","46","78.9","46.6","0.66","0.31","-0.34","2026arc","Archimedes Division","8","48-16-0","0.750"
"7407","Wired Boars","169","171.2","1697","1839","37","79.8","54.4","0.58","0.35","-0.34","2026cmptx","FIRST Championship - FIRST Robotics Competition","8","46-24-0","0.657"
"836","The RoboBees","170","171","1697","1839","35.7","94.9","40.5","0.51","0.15","-0.34","2026cmptx","FIRST Championship - FIRST Robotics Competition","8","56-13-0","0.812"
"6324","The Blue Devils","171","170.5","1696","1837","27.1","95.7","47.8","0.48","0.24","-0.34","2026cmptx","FIRST Championship - FIRST Robotics Competition","8","45-22-0","0.672"
"2935","NACI Robotics","172","170","1695","1836","31.3","93.4","45.3","0.58","0.12","-0.34","N/A","N/A","N/A","29-19-0","0.604"
"4143","MARS/WARS","173","170","1695","1836","44","95.3","30.7","0.63","-0.06","-0.34","2026cmptx","FIRST Championship - FIRST Robotics Competition","8","40-10-0","0.800"
"111","WildStang","174","169.8","1695","1835","27.7","99","43.1","0.4","-0.03","-0.34","2026gal","Galileo Division","8","30-15-0","0.667"
"1710","The Ravonics Revolution","175","169.7","1695","1835","39.6","98.7","31.4","0.53","0.17","-0.34","2026hop","Hopper Division","8","25-17-0","0.595"
"2337","EngiNERDs","176","169.6","1695","1835","35.9","91.9","41.8","0.55","0.31","-0.34","2026cmptx","FIRST Championship - FIRST Robotics Competition","8","62-12-0","0.838"
"2659","RoboWarriors","177","169.1","1694","1834","23.4","100.6","45.2","0.46","0.31","-0.34","2026hop","Hopper Division","8","38-22-0","0.633"
"7028","Binary Battalion","178","169","1694","1833","50.7","87.6","30.7","0.29","0.03","-0.34","2026cur","Curie Division","8","32-10-0","0.762"
"1261","Robo Lions Team1261","179","169","1694","1833","27.5","93.2","48.3","0.26","0.02","-0.34","2026arc","Archimedes Division","8","35-27-0","0.565"
"2073","EagleForce","180","168.8","1693","1833","23.3","88.9","56.6","0.41","0.18","-0.34","2026dal","Daly Division","8","36-25-1","0.589"
"8267","Riptide Robotics 8267","181","168.5","1693","1832","27.7","97.8","43.1","0.32","-0.01","-0.34","2026hop","Hopper Division","8","23-17-0","0.575"
"8","Paly Robotics","182","168.2","1692","1831","36","94.7","37.5","0.5","0.18","-0.34","2026joh","Johnson Division","8","44-14-0","0.759"
"687","The Nerd Herd","183","167.8","1692","1830","37","91.2","39.6","0.28","0.2","-0.34","2026new","Newton Division","8","42-21-1","0.664"
"1189","Gearheads","184","167.1","1691","1828","37.8","92.8","36.5","0.42","0.32","-0.28","2026arc","Archimedes Division","8","36-21-0","0.632"
"1360","Orbit Robotics","185","167.1","1691","1828","25.5","91.6","49.9","0.55","0.15","-0.34","N/A","N/A","N/A","32-19-0","0.627"
"2960","Automation Nation","186","167","1690","1828","31.5","99.7","35.9","0.46","0.16","-0.34","2026arc","Archimedes Division","8","35-22-0","0.614"
"9098","FireHawks","187","166.7","1690","1827","28.1","93.6","45","0.47","0.38","-0.34","N/A","N/A","N/A","31-17-0","0.646"
"7039","❌⭕","188","165.4","1688","1823","32.9","94.6","37.8","0.31","0.25","-0.25","2026mil","Milstein Division","8","6-4-0","0.600"
"1391","The Metal Moose","189","165.1","1687","1823","30.6","102.1","32.4","0.39","0.1","-0.34","2026gal","Galileo Division","8","40-18-0","0.690"
"1699","Robocats","190","165","1687","1823","22.6","100.8","41.7","0.6","0.19","-0.34","N/A","N/A","N/A","31-19-0","0.620"
"4322","Clockwork","191","165","1687","1822","41.6","86.8","36.5","0.48","0.16","-0.34","2026cmptx","FIRST Championship - FIRST Robotics Competition","8","36-27-1","0.570"
"201","The FEDS","192","164.4","1687","1821","30.8","87.3","46.4","0.58","0.07","-0.34","2026mil","Milstein Division","8","35-26-1","0.573"
"571","Paragon Robotics","193","164.4","1687","1821","28.8","92.8","42.8","0.42","0.14","-0.34","2026cur","Curie Division","8","40-17-0","0.702"
"1787","The Flying Circuits","194","164.1","1686","1820","42.4","83.7","38","0.38","0.14","-0.34","2026hop","Hopper Division","8","28-12-0","0.700"
"2067","Apple Pi","195","164.1","1686","1820","42.4","89.3","32.4","0.47","0.12","-0.34","2026new","Newton Division","8","41-19-0","0.683"
"11415","Storm Surge","196","164.1","1686","1820","21.4","93.9","48.9","0.57","0.24","-0.34","N/A","N/A","N/A","26-19-0","0.578"
"2996","Cougars Gone Wired","197","164","1686","1820","34.6","88.5","40.8","0.53","0.25","-0.07","2026new","Newton Division","8","27-15-0","0.643"
"469","Las Guerrillas","198","163.8","1686","1819","33.8","86","44","0.39","0.28","-0.34","2026dal","Daly Division","8","42-20-0","0.677"
"1506","Metal Muscle","199","163.6","1686","1819","32","87.1","44.5","0.33","0.18","-0.34","2026gal","Galileo Division","8","32-29-0","0.525"
"494","Martians","200","163.5","1686","1819","25.4","89.9","48.2","0.53","0.24","-0.34","2026hop","Hopper Division","8","36-22-0","0.621"
"3656","Dexter Dreadbots","201","163.3","1685","1818","35.8","94.3","33.2","0.56","0.03","-0.34","2026dal","Daly Division","8","37-24-0","0.607"
"846","The Funky Monkeys","202","162.6","1685","1816","35.9","81.1","45.6","0.43","0.19","-0.34","N/A","N/A","N/A","42-21-0","0.667"
"2194","Fondy Fire","203","161.6","1683","1813","38","91.9","31.6","0.48","0.05","-0.34","2026new","Newton Division","8","40-20-0","0.667"
"4362","Gems","204","161.5","1683","1813","29.9","99.6","32","0.35","0.27","-0.34","2026mil","Milstein Division","8","44-18-0","0.710"
"9597","Luban Robotics","205","161.4","1683","1813","34.3","89.6","37.5","0.37","-0.1","-0.34","2026joh","Johnson Division","8","13-10-0","0.565"
"7183","W.A.R.","206","161","1683","1812","20.6","100","40.4","0.47","0","-0.34","2026gal","Galileo Division","8","26-13-0","0.667"
"987","HIGHROLLERS","207","160.6","1682","1811","27.7","90.6","42.4","0.36","-0.06","-0.34","2026cur","Curie Division","8","21-16-0","0.568"
"2338","Gear It Forward","208","160.5","1682","1811","31.3","86.1","43.1","0.32","0.12","-0.34","2026dal","Daly Division","8","28-13-0","0.683"
"1306","BadgerBOTS","209","160.4","1682","1810","19.7","103.4","37.4","0.23","0.12","-0.34","2026joh","Johnson Division","8","46-15-0","0.754"
"3181","Pittsford Panthers","210","159.8","1681","1809","35","90.2","34.5","0.39","-0.11","-0.34","2026cur","Curie Division","8","25-15-0","0.625"
"1619","Up-A-Creek Robotics","211","159.1","1681","1807","40.9","77.6","40.7","0.5","0.06","-0.34","2026arc","Archimedes Division","8","25-17-0","0.595"
"3501","Firebots","212","159.1","1681","1807","20.8","88.3","50","0.47","0.36","-0.34","2026gal","Galileo Division","8","32-25-0","0.561"
"6941","IronPulse Robotics","213","158.9","1680","1806","31.8","85","42.1","0.39","0.12","-0.34","2026dal","Daly Division","8","28-13-0","0.683"
"1388","Eagle Robotics","214","158.9","1680","1806","25.1","89.3","44.4","0.52","0.23","-0.34","N/A","N/A","N/A","25-21-0","0.543"
"68","Truck Town Thunder","215","158.8","1680","1806","31.7","84.4","42.7","0.37","0.2","-0.34","2026mil","Milstein Division","8","36-23-0","0.610"
"9572","CC Shambytes","216","158.7","1680","1806","30.1","77.7","50.9","0.53","0.03","-0.34","2026gal","Galileo Division","8","34-25-0","0.576"
"3966","Gryphon Command","217","158.1","1679","1804","22.6","98.9","36.5","0.34","-0.12","-0.34","2026cmptx","FIRST Championship - FIRST Robotics Competition","8","25-14-1","0.637"
"4206","Robo Vikes","218","157.9","1679","1804","27.8","94.4","35.8","0.3","0.3","-0.34","2026cmptx","FIRST Championship - FIRST Robotics Competition","8","47-28-0","0.627"
"5584","ICRobotics","219","157.9","1679","1804","21.8","101","35.1","0.63","-0.12","-0.34","N/A","N/A","N/A","15-0-0","1.000"
"3847","Spectrum   -△◅","220","157.6","1679","1803","29.1","95","33.5","0.53","0.18","-0.34","2026cur","Curie Division","8","39-27-0","0.591"
"955","Ctrl C","221","157.4","1679","1802","39.9","80.5","37.1","0.39","0.19","-0.34","2026joh","Johnson Division","8","42-21-1","0.664"
"2054","Tech Vikes","222","157","1678","1801","27","90.5","39.6","0.38","0.2","-0.34","2026gal","Galileo Division","8","36-23-0","0.610"
"88","TJ²","223","156.6","1678","1800","36.2","78.3","42.1","0.41","0.22","-0.34","2026new","Newton Division","8","36-25-0","0.590"
"8373","The Flying Octopi","224","156.6","1678","1800","21.2","86.8","48.6","0.44","0.32","-0.34","2026new","Newton Division","8","32-23-0","0.582"
"11270","Nova","225","156.5","1678","1800","36.2","81.8","38.5","0.25","0.14","-0.34","2026hop","Hopper Division","8","35-27-0","0.565"
"4915","Spartronics","226","156.3","1677","1799","28.3","90","38.1","0.32","0.23","-0.34","2026cmptx","FIRST Championship - FIRST Robotics Competition","8","45-23-0","0.662"
"294","Beach Cities Robotics","227","156.2","1677","1799","31.1","88.9","36.2","0.32","0.25","-0.34","2026cur","Curie Division","8","43-16-0","0.729"
"1498","The Polar Pilots","228","156.1","1677","1799","32.7","80.8","42.6","0.53","0.17","-0.34","2026cur","Curie Division","8","40-20-0","0.667"
"4421","FORGE Robotics","229","155.8","1677","1798","26.4","93.2","36.2","0.36","-0.05","-0.34","2026mil","Milstein Division","8","25-15-0","0.625"
"3707","TechnoDogs","230","155.2","1676","1796","25.4","77.5","52.3","0.38","-0.04","-0.34","2026cmptx","FIRST Championship - FIRST Robotics Competition","8","34-29-0","0.540"
"4611","OZone","231","155","1676","1796","33.8","81.7","39.6","0.57","0.04","-0.34","2026cur","Curie Division","8","28-13-0","0.683"
"1756","Argos","232","155","1676","1796","27.8","91.4","35.8","0.34","0.07","-0.34","2026cmptx","FIRST Championship - FIRST Robotics Competition","8","32-17-0","0.653"
"3276","TOOLCATS","233","154.1","1675","1793","36.6","87.5","29.9","0.59","-0.03","-0.34","2026new","Newton Division","8","25-15-0","0.625"
"3035","Droid Rage","234","153.8","1674","1793","28.7","79.2","45.9","0.43","0.14","-0.34","2026hop","Hopper Division","8","41-18-0","0.695"
"6152","Robo-Falcons","235","153.7","1674","1793","20","93.6","40.1","0.36","0.33","-0.34","2026hop","Hopper Division","8","31-28-0","0.525"
"3512","Spartatroniks","236","153.6","1674","1792","17.8","84.9","50.9","0.36","0.23","-0.34","2026hop","Hopper Division","8","34-22-0","0.607"
"108","SigmaC@T Robotics Team","237","153.6","1674","1792","32.6","88.9","32.1","0.59","0.05","-0.34","N/A","N/A","N/A","21-9-0","0.700"
"2240","Brute Force","238","153.3","1674","1791","35.8","84.9","32.5","0.52","0.08","-0.34","N/A","N/A","N/A","15-10-0","0.600"
"11216","FLAZIA ROBOTICS","239","153.2","1674","1791","24.8","93.2","35.2","0.6","0.16","-0.34","N/A","N/A","N/A","19-10-0","0.655"
"4403","PrepaTec - ROULT - Peñoles","240","152.4","1673","1789","32.8","86.3","33.3","0.38","-0.08","-0.34","2026arc","Archimedes Division","8","30-12-0","0.714"
"1058","PVC Pirates","241","152.2","1672","1788","42.4","83","26.8","0.41","0.09","-0.34","2026dal","Daly Division","8","36-23-0","0.610"
"236","Techno-Ticks","242","152.2","1672","1788","31.8","75.7","44.7","0.53","0.14","-0.23","N/A","N/A","N/A","35-16-0","0.686"
"287","Floyd Robotics","243","152.1","1672","1788","23.8","88.4","39.9","0.52","0","-0.34","2026mil","Milstein Division","8","25-13-0","0.658"
"2370","IBOTS","244","151.9","1672","1788","33.8","84.8","33.3","0.46","0.17","-0.34","2026new","Newton Division","8","37-22-0","0.627"
"8595","This Is How We Play","245","151.8","1672","1787","32","86.6","33.2","0.48","0.14","-0.34","2026cmptx","FIRST Championship - FIRST Robotics Competition","8","25-11-0","0.694"
"5216","E-Ville Empire","246","151.3","1671","1786","23.9","80.5","46.8","0.38","0.13","-0.34","2026new","Newton Division","8","38-24-0","0.613"
"5549","Gryphon Robotics","247","150.8","1671","1785","22.5","82.3","46","0.41","0.19","-0.34","2026new","Newton Division","8","40-19-0","0.678"
"2713","Red Hawk Robotics","248","150.8","1671","1785","19.9","100.2","30.6","0.34","0.06","-0.34","2026new","Newton Division","8","34-24-1","0.585"
"4593","Rapid Acceleration","249","150.3","1670","1783","26.8","88","35.5","0.48","-0.14","-0.34","2026arc","Archimedes Division","8","22-15-0","0.595"
"6919","The Commodores","250","150.1","1670","1783","23.7","78.7","47.6","0.51","0.06","-0.34","2026dal","Daly Division","8","47-18-0","0.723"
"1640","Sab-BOT-age","251","149.9","1670","1782","26.4","82.7","40.8","0.38","0.13","-0.34","2026mil","Milstein Division","8","37-23-0","0.617"
"6517","So-Kno Robo","252","149.6","1669","1782","33.2","84.3","32.1","0.66","0.01","-0.34","2026hop","Hopper Division","8","25-15-0","0.625"
"5937","MI Robotics","253","149.3","1669","1781","29.8","83.9","35.7","0.36","0.01","-0.34","2026dal","Daly Division","8","37-24-0","0.607"
"1023","Bedford Express","254","149.3","1669","1781","36.8","86.3","26.2","0.38","0.25","-0.34","2026gal","Galileo Division","8","33-24-1","0.578"
"5847","Ironclad","255","149.3","1669","1781","37.7","77.2","34.4","0.35","-0.02","-0.34","2026dal","Daly Division","8","31-13-0","0.705"
"3161","Tronic Titans","256","149","1669","1780","28.8","82.8","37.4","0.35","0.19","-0.34","N/A","N/A","N/A","34-14-0","0.708"
"2851","Crevolution","257","148.5","1668","1779","25.8","86.5","36.3","0.42","0.17","-0.34","2026arc","Archimedes Division","8","40-20-0","0.667"
"1792","Round Table Robotics","258","148.5","1668","1779","37","74.3","37.2","0.5","0.05","-0.34","2026joh","Johnson Division","8","46-22-0","0.676"
"3572","Wavelength","259","148.5","1668","1778","27.3","72.4","48.8","0.31","0.02","-0.34","2026arc","Archimedes Division","8","33-23-1","0.588"
"1425","Error Code Xero","260","147.9","1667","1777","23.9","89.4","34.6","0.53","0.16","-0.34","N/A","N/A","N/A","33-16-0","0.673"
"2783","Engineers of Tomorrow","261","147.7","1667","1776","26.9","89.9","31","0.5","-0.17","-0.34","2026new","Newton Division","8","31-10-0","0.756"
"1714","MORE Robotics","262","147.7","1667","1776","30","79.7","38","0.32","-0.04","-0.34","2026cmptx","FIRST Championship - FIRST Robotics Competition","8","43-20-0","0.683"
"3928","Team Neutrino","263","147.5","1667","1776","31.8","79.1","36.6","0.38","-0.11","-0.34","2026mil","Milstein Division","8","26-16-0","0.619"
"166","Chop Shop","264","147.4","1667","1776","35.7","83.4","28.3","0.48","0.07","-0.34","2026cur","Curie Division","8","39-25-0","0.609"
"2974","Walton Robotics","265","147.3","1667","1775","30.7","74","42.6","0.4","-0.03","-0.34","2026mil","Milstein Division","8","45-15-0","0.750"
"4451","ROBOTZ Garage","266","147.2","1667","1775","18.4","79.1","49.7","0.44","-0.2","-0.34","2026joh","Johnson Division","8","51-13-0","0.797"
"930","Mukwonago BEARs","267","146.7","1666","1774","16.8","82.6","47.2","0.36","-0.01","-0.34","2026cmptx","FIRST Championship - FIRST Robotics Competition","8","39-28-0","0.582"
"4655","Stateline Robotics","268","146.6","1666","1773","31.3","88.6","26.7","0.32","0","-0.34","2026gal","Galileo Division","8","30-11-0","0.732"
"179","Children of the Swamp","269","146.5","1666","1773","28.8","76.6","41.1","0.46","-0.02","-0.34","2026joh","Johnson Division","8","29-14-0","0.674"
"272","Cyber Crusaders","270","146.4","1666","1773","28.4","87.9","30.1","0.49","0.06","-0.34","2026dal","Daly Division","8","41-19-0","0.683"
"2383","Ninjineers","271","146.3","1665","1773","26.5","75.4","44.4","0.33","-0.07","-0.34","2026hop","Hopper Division","8","25-14-0","0.641"
"5114","Titanium Tigers","272","146","1665","1772","39.3","83.9","22.8","0.63","0.14","-0.34","N/A","N/A","N/A","39-12-0","0.765"
"4561","TerrorBytes","273","145.9","1665","1772","31.5","86.2","28.2","0.48","-0.07","-0.34","2026new","Newton Division","8","46-17-0","0.730"
"6436","PARS ROBOTICS","274","145","1664","1769","28.6","75.1","41.3","0.4","0.12","-0.34","2026new","Newton Division","8","28-14-0","0.667"
"2724","Avalanche Robotics","275","144.8","1664","1769","29.3","82.4","33.1","0.34","-0.1","-0.34","2026cur","Curie Division","8","44-17-0","0.721"
"6995","NOMAD","276","144.8","1664","1769","29","80.5","35.3","0.68","0.14","-0.34","N/A","N/A","N/A","31-19-0","0.620"
"686","Bovine Intervention","277","144.6","1663","1768","35.1","77.3","32.1","0.4","0.2","-0.34","2026cmptx","FIRST Championship - FIRST Robotics Competition","8","42-19-0","0.689"
"2582","PantherBots","278","144.4","1663","1768","23.9","76.4","44.2","0.37","0.07","-0.28","2026gal","Galileo Division","8","37-20-0","0.649"
"2075","Enigma Robotics","279","144.1","1663","1767","28.3","72.2","43.6","0.42","0.11","-0.34","2026arc","Archimedes Division","8","41-19-0","0.683"
"8517","Bounty Hunters","280","143.4","1662","1765","28.2","79","36.2","0.55","0.06","-0.34","N/A","N/A","N/A","33-17-0","0.660"
"6773","Max Throttle Mavericks","281","143.4","1662","1765","30.5","79.8","33","0.43","-0.07","-0.34","2026cur","Curie Division","8","36-24-0","0.600"
"2848","Rangers","282","143.4","1662","1765","20.9","79.7","42.8","0.39","0.02","-0.34","2026joh","Johnson Division","8","49-16-0","0.754"
"9245","Laker Dreadnoughts","283","143.2","1662","1764","33.2","67","43.1","0.53","0.02","-0.34","2026new","Newton Division","8","35-24-0","0.593"
"3339","BumbleB","284","142.5","1661","1763","26.7","77.1","38.7","0.13","-0.14","-0.34","2026dal","Daly Division","8","6-7-0","0.462"
"1024","Kil-A-Bytes","285","142.2","1660","1762","31.5","70.6","40.1","0.28","-0.11","-0.34","2026cur","Curie Division","8","42-20-0","0.677"
"4272","Maverick Robotics","286","142","1660","1761","27.6","76","38.4","0.51","0.08","-0.34","2026arc","Archimedes Division","8","44-17-0","0.721"
"10213","BALTA","287","141.6","1660","1760","21.9","85.4","34.3","0.61","-0.17","-0.34","2026dal","Daly Division","8","34-10-0","0.773"
"11","MORT","288","141.6","1660","1760","21.6","79.1","40.9","0.48","-0.05","-0.34","2026dal","Daly Division","8","42-24-0","0.636"
"4039","MakeShift Robotics","289","141.1","1659","1759","22.4","81.1","37.6","0.53","0.02","-0.34","N/A","N/A","N/A","32-15-0","0.681"
"131","CHAOS","290","140.8","1659","1758","24.4","68.1","48.3","0.37","0.22","-0.34","2026arc","Archimedes Division","8","26-31-0","0.456"
"2102","Team Paradox","291","140.7","1659","1758","19.5","73.2","48.1","0.34","0.08","-0.34","2026hop","Hopper Division","8","37-21-0","0.638"
"4099","The Falcons","292","140.6","1658","1757","33.5","71.9","35.1","0.37","0.09","-0.34","2026new","Newton Division","8","44-17-0","0.721"
"3674","CloverBots","293","140.3","1658","1757","29","79.1","32.2","0.62","0.08","-0.34","N/A","N/A","N/A","29-19-0","0.604"
"6017","PrepaTec - Cyberius","294","140.2","1658","1756","26.2","82.2","31.8","0.5","-0.09","-0.34","2026cmptx","FIRST Championship - FIRST Robotics Competition","8","31-16-0","0.660"
"1538","The Holy Cows","295","140","1658","1756","32","73.5","34.5","0.35","0.17","-0.34","2026dal","Daly Division","8","39-22-0","0.639"
"401","Copperhead Robotics","296","140","1658","1756","30.6","75.4","34.1","0.21","0.12","-0.34","2026hop","Hopper Division","8","35-30-0","0.538"
"1073","The Force Team","297","139.5","1657","1755","29","61.8","48.8","0.54","0.15","-0.34","2026joh","Johnson Division","8","33-24-0","0.579"
"865","WARP7","298","138.9","1656","1753","34.3","75.6","29","0.51","0.08","-0.34","N/A","N/A","N/A","19-24-0","0.442"
"2590","Nemesis","299","138.4","1656","1752","36.9","67.2","34.3","0.26","0.04","-0.34","2026gal","Galileo Division","8","35-26-0","0.574"
"548","Robostangs","300","138.2","1655","1751","19.6","74.2","44.4","0.4","0.02","-0.34","2026arc","Archimedes Division","8","34-27-0","0.557"
"5086","Cadillac Connectors","301","137.9","1655","1750","22.4","71.8","43.7","0.57","0.18","-0.34","2026hop","Hopper Division","8","36-21-0","0.632"
"422","The Mech Tech Dragons","302","137.9","1655","1750","28.5","78.8","30.6","0.26","0.05","-0.34","2026joh","Johnson Division","8","43-19-0","0.694"
"4069","Lo-Ellen Robotics","303","137.8","1655","1750","17.6","83.3","36.9","0.53","0.11","-0.34","N/A","N/A","N/A","28-19-0","0.596"
"2583","Orange Dynamite","304","137.5","1655","1749","36.4","67.1","34","0.37","0.03","-0.34","2026arc","Archimedes Division","8","38-22-0","0.633"
"9094","The Earthquakers","305","137.5","1655","1749","26.1","70.8","40.6","0.41","0.09","-0.34","2026dal","Daly Division","8","46-17-0","0.730"
"972","Iron Claw","306","136.6","1654","1747","21.4","73.3","41.9","0.26","0.27","-0.34","2026cmptx","FIRST Championship - FIRST Robotics Competition","8","42-18-0","0.700"
"1908","ShoreBots","307","136.4","1654","1746","15.9","77.9","42.6","0.24","-0.06","-0.34","2026joh","Johnson Division","8","39-22-0","0.639"
"3354","PrepaTec - TecDroid","308","136.3","1653","1746","26.2","73.4","36.7","0.57","-0.08","-0.34","2026new","Newton Division","8","22-15-0","0.595"
"8119","TigerBotics","309","136.2","1653","1746","18.3","71.6","46.3","0.2","0.07","-0.34","2026gal","Galileo Division","8","29-26-0","0.527"
"4512","Otter Chaos","310","136","1653","1745","18.7","83.2","34.2","0.6","0.12","-0.34","N/A","N/A","N/A","22-21-0","0.512"
"4450","Olympia Robotics Federation","311","135.9","1653","1745","24.1","68","43.9","0.26","0.13","-0.34","2026gal","Galileo Division","8","23-30-0","0.434"
"51","Wings of Fire","312","135.9","1653","1745","29.6","72.9","33.4","0.33","0.05","-0.34","2026gal","Galileo Division","8","29-27-0","0.518"
"167","Children of the Corn","313","135.8","1653","1745","25.8","70.7","39.3","0.43","-0.03","-0.34","2026arc","Archimedes Division","8","19-16-0","0.543"
"6045","Sabre Robotics","314","135.7","1653","1745","15.4","76.4","44","0.45","-0.22","-0.34","2026cur","Curie Division","8","29-9-0","0.763"
"5951","Makers Assemble","315","135.1","1652","1743","11.7","64.5","58.9","0.22","0.17","-0.34","2026new","Newton Division","8","3-7-0","0.300"
"3931","Cockadoodle Dominators","316","135.1","1652","1743","27.2","68.6","39.3","0.42","-0.13","-0.34","2026gal","Galileo Division","8","31-9-0","0.775"
"1403","Team 1403 Cougar Robotics","317","134.9","1652","1742","33.9","67","34","0.54","0.09","-0.34","2026gal","Galileo Division","8","40-18-0","0.690"
"761","TechPUPS","318","134.5","1652","1741","33","72.3","29.3","0.22","-0.08","-0.34","2026hop","Hopper Division","8","37-24-0","0.607"
"78","AIR STRIKE","319","134.5","1652","1741","30.4","68.3","35.7","0.57","-0.03","-0.34","N/A","N/A","N/A","22-23-0","0.489"
"4909","Bionics","320","134.5","1652","1741","22.2","71.8","40.5","0.71","0.28","-0.35","N/A","N/A","N/A","66-34-0","0.660"
"8229","Balikbayan Bots","321","134.3","1651","1741","26.8","67","40.5","0.42","-0.09","-0.34","2026gal","Galileo Division","8","22-18-0","0.550"
"1778","Chill Out","322","134.1","1651","1740","22.9","77.3","33.9","0.47","0.03","-0.34","N/A","N/A","N/A","25-19-0","0.568"
"59","RamTech","323","134","1651","1740","34","73.5","26.5","0.32","0","-0.34","2026cur","Curie Division","8","26-11-0","0.703"
"2472","Centurions","324","133.9","1651","1740","25.1","75.6","33.3","0.36","-0.09","-0.34","2026dal","Daly Division","8","26-17-0","0.605"
"5990","TRIGON","325","133.7","1651","1739","29.2","71.4","33.1","0.39","-0.21","-0.33","N/A","N/A","N/A","0-0-0","0.000"
"5066","Singularity","326","133.7","1651","1739","31.9","74.3","27.4","0.27","-0.01","-0.34","2026arc","Archimedes Division","8","32-28-0","0.533"
"9406","TechJunior","327","133.7","1651","1739","29.8","79.6","24.2","0.74","-0.17","-0.34","N/A","N/A","N/A","26-12-0","0.684"
"3257","Vortechs","328","133.7","1651","1739","40.1","60.4","33.1","0.35","0.23","-0.34","N/A","N/A","N/A","26-20-0","0.565"
"5675","WiredCats","329","133.6","1651","1739","26.7","72","35","0.48","0.24","-0.34","N/A","N/A","N/A","25-24-0","0.510"
"9084","Octobots","330","133.5","1651","1739","16.2","78.4","38.9","0.3","0.07","-0.34","2026arc","Archimedes Division","8","32-25-0","0.561"
"7539","Elev8","331","133.5","1650","1738","27.2","70","36.3","0.45","-0.1","-0.34","2026cur","Curie Division","8","35-11-0","0.761"
"6907","The G.O.A.T","332","133.1","1650","1738","34.9","70.5","27.8","0.42","0.01","-0.34","2026arc","Archimedes Division","8","27-10-0","0.730"
"4201","The Vitruvian Bots","333","132.8","1650","1737","20.3","68.7","43.8","0.39","0.19","-0.34","2026hop","Hopper Division","8","40-20-0","0.667"
"2611","Jacktown Vectors","334","132.4","1649","1735","22.8","73.5","36","0.63","0.2","-0.34","N/A","N/A","N/A","25-19-0","0.568"
"3494","The Quadrangles","335","132.3","1649","1735","33.8","66.1","32.3","0.21","-0.08","-0.21","2026arc","Archimedes Division","8","32-24-0","0.571"
"6672","Fusion Corps","336","132.1","1649","1735","21.6","81.8","28.8","0.22","0.12","-0.34","N/A","N/A","N/A","19-26-0","0.422"
"5809","The Jesubots 5809","337","131.9","1649","1734","23.5","76.5","32","0.5","-0.07","-0.34","N/A","N/A","N/A","17-10-0","0.630"
"5010","Tiger Dynasty","338","131.8","1649","1734","25.2","67","39.6","0.12","0.01","-0.34","2026arc","Archimedes Division","8","36-28-0","0.563"
"5507","Robotic Eagles","339","131.4","1648","1733","21.5","81.6","28.3","0.49","0.03","-0.34","N/A","N/A","N/A","30-14-0","0.682"
"6696","Cardinal Dynamics","340","131.1","1648","1732","25.6","76.2","29.3","0.29","0.22","-0.34","2026dal","Daly Division","8","42-18-0","0.700"
"6366","RAM Rodz Robotics","341","130.8","1648","1731","22.4","81.3","27.1","0.24","-0.1","-0.34","2026cur","Curie Division","8","39-22-0","0.639"
"4795","Eastbots","342","130.5","1647","1731","22.9","68.2","39.4","0.25","-0.13","-0.34","2026mil","Milstein Division","8","54-10-0","0.844"
"9025","Mechameleons","343","130.3","1647","1730","26.5","68.6","35.3","0.55","-0.18","-0.34","2026cmptx","FIRST Championship - FIRST Robotics Competition","8","23-15-0","0.605"
"3940","CyberTooth","344","130.2","1647","1730","29.1","69.6","31.6","0.56","0","-0.34","N/A","N/A","N/A","34-17-0","0.667"
"4766","Team SCREAM Jr.","345","130","1647","1729","20","71.3","38.8","0.44","-0.08","-0.34","2026gal","Galileo Division","8","39-21-0","0.650"
"8612","Calvin Christian Robotics","346","130","1647","1729","32","79.2","18.8","0.35","0.07","-0.34","2026joh","Johnson Division","8","39-19-0","0.672"
"2252","The Mavericks","347","129.7","1647","1728","18.9","76","34.8","0.43","-0.1","-0.34","2026joh","Johnson Division","8","20-17-0","0.541"
"6615","Bellevillains","348","129.5","1646","1728","25.3","65.4","38.8","0.46","-0.06","-0.34","2026cur","Curie Division","8","37-22-0","0.627"
"3314","Mechanical Mustangs","349","129.4","1646","1728","29.4","73.6","26.5","0.28","0.01","-0.34","2026dal","Daly Division","8","40-17-0","0.702"
"5572","Rosbots","350","129.4","1646","1728","21.3","79.2","28.8","0.47","-0.04","-0.34","2026cur","Curie Division","8","38-21-0","0.644"
"8048","East Palo Alto ChurroBots","351","129.3","1646","1727","27.9","72.8","28.6","0.65","-0.04","-0.34","N/A","N/A","N/A","27-19-0","0.587"
"4188","Columbus Space Program","352","129.3","1646","1727","20.7","69.2","39.3","0.21","0","-0.34","2026dal","Daly Division","8","49-12-0","0.803"
"7250","OsCODEa 0w|5","353","129.3","1646","1727","16.2","75.4","37.7","0.18","0.02","-0.34","2026mil","Milstein Division","8","31-25-0","0.554"
"868","TechHOUNDS","354","129.1","1646","1727","23.7","67.8","37.6","0.52","-0.04","-0.34","2026cmptx","FIRST Championship - FIRST Robotics Competition","8","49-21-0","0.700"
"6238","Popcorn Penguins","355","128.9","1646","1726","36.6","66.5","25.9","0.47","0.09","-0.34","2026mil","Milstein Division","8","38-21-0","0.644"
"7160","Ludington O-Bots","356","128.8","1646","1726","17.8","70.1","40.9","0.42","0.05","-0.34","2026new","Newton Division","8","39-19-0","0.672"
"48","Team E.L.I.T.E.","357","128.2","1645","1724","23","68.9","36.3","0.41","-0.14","-0.34","2026joh","Johnson Division","8","29-23-1","0.557"
"3044","Team 0xBE4","358","128.1","1645","1724","25.6","65.3","37.3","0.37","-0.09","-0.34","2026new","Newton Division","8","22-10-0","0.688"
"2412","Robototes","359","128.1","1645","1724","26.7","71.2","30.2","0.22","0.04","-0.34","2026cur","Curie Division","8","46-22-0","0.676"
"9430","CTEC Robotics","360","127.7","1644","1723","28.2","72.1","27.3","0.49","0.19","-0.34","N/A","N/A","N/A","20-23-0","0.465"
"4590","GreenBlitz","361","127.7","1644","1723","21.8","73.7","32.1","0.3","0.09","-0.34","2026new","Newton Division","8","6-4-0","0.600"
"1086","Blue Cheese","362","127.6","1644","1723","25.1","70.8","31.8","0.41","0.01","-0.34","N/A","N/A","N/A","28-18-0","0.609"
"1625","Winnovation","363","127.6","1644","1723","25","63.3","39.3","0.37","-0.07","-0.34","2026hop","Hopper Division","8","23-18-0","0.561"
"3005","RoboChargers","364","127.6","1644","1723","28.8","68.5","30.4","0.47","0.01","-0.34","2026new","Newton Division","8","35-25-0","0.583"
"1153","Timberwolves","365","127.5","1644","1723","21.3","71.8","34.4","0.43","0.09","-0.34","N/A","N/A","N/A","25-23-0","0.521"
"4907","Thunderstamps","366","127.4","1644","1722","40","46.1","41.2","0.12","-0.19","-0.28","2026mil","Milstein Division","8","31-28-0","0.525"
"6528","Terror Bytes","367","127.3","1644","1722","28.6","64.5","34.2","0.29","0.03","-0.34","2026gal","Galileo Division","8","31-25-0","0.554"
"9140","The Robobots","368","127.2","1644","1722","24.6","67.8","34.8","0.16","0.06","-0.34","2026mil","Milstein Division","8","39-26-0","0.600"
"4122","Ossining OBOTS","369","126.8","1643","1721","26.5","63.9","36.4","0.37","-0.05","-0.34","2026mil","Milstein Division","8","30-19-0","0.612"
"10980","The Deadbolts","370","126.7","1643","1720","30.3","75.1","21.3","0.23","-0.02","-0.34","2026gal","Galileo Division","8","24-15-0","0.615"
"7632","An Kang Robotics Maker","371","126.6","1643","1720","19.5","70.7","36.5","0.39","-0.04","-0.34","2026dal","Daly Division","8","32-16-0","0.667"
"4096","Ctrl-Z","372","126.4","1643","1720","27.2","70.3","28.9","0.41","0.08","-0.34","2026cmptx","FIRST Championship - FIRST Robotics Competition","8","31-17-0","0.646"
"461","Westside Boiler Invasion","373","126.2","1643","1719","17.9","68.8","39.6","0.52","0.06","-0.27","N/A","N/A","N/A","26-20-0","0.565"
"5474","Clairemonster","374","126.2","1643","1719","22","70.3","33.9","0.42","0.22","-0.34","N/A","N/A","N/A","27-17-0","0.614"
"11141","AlphaZ","375","126","1643","1718","27.1","71.4","27.5","0.18","-0.04","-0.34","2026dal","Daly Division","8","23-18-0","0.561"
"4189","Chargers","376","125.7","1642","1718","28.1","65.3","32.4","0.27","-0.06","-0.34","2026dal","Daly Division","8","39-20-1","0.658"
"8005","Mega MeadowBots","377","125.7","1642","1718","28.7","74.2","22.8","0.4","-0.11","-0.34","2026hop","Hopper Division","8","37-24-0","0.607"
"7419","TECH Support","378","125.6","1642","1717","23.8","71.2","30.5","0.48","0.2","-0.34","N/A","N/A","N/A","25-20-0","0.556"
"1481","The Riveters","379","125.2","1641","1716","23.2","71.6","30.4","0.59","0.21","-0.34","N/A","N/A","N/A","21-25-0","0.457"
"6497","Pymble P-Platers","380","125","1641","1716","21.2","72","31.8","0.43","-0.19","-0.34","2026cur","Curie Division","8","26-15-0","0.634"
"3875","Red Storm Robotics","381","124.9","1641","1716","14.3","69.2","41.4","0.38","0.17","-0.34","N/A","N/A","N/A","28-16-0","0.636"
"2728","♨️ TACO ♨️","382","124.6","1640","1715","25.2","64","35.4","0.41","0.06","-0.34","N/A","N/A","N/A","26-21-0","0.553"
"9692","Sigma","383","124.4","1640","1714","16.4","69","39","0.38","-0.22","-0.34","2026hop","Hopper Division","8","17-20-0","0.459"
"2714","♨️ BBQ ♨️","384","124.4","1640","1714","21.9","64.2","38.3","0.35","-0.06","-0.34","N/A","N/A","N/A","25-21-0","0.543"
"2040","DERT - Dunlap Eagles Roboti...","385","124.4","1640","1714","16.6","66.7","41.1","0.34","-0.21","-0.34","2026joh","Johnson Division","8","31-15-0","0.674"
"188","Blizzard","386","124.4","1640","1714","18.3","70.6","35.4","0.18","0.03","-0.34","2026hop","Hopper Division","8","35-25-0","0.583"
"2881","Lady Cans","387","124.2","1639","1714","29.4","68","26.7","0.34","0.02","-0.28","2026arc","Archimedes Division","8","37-19-0","0.661"
"3100","The Lightning Turtles","388","124.2","1639","1714","18","71.6","34.6","0.33","-0.13","-0.34","2026dal","Daly Division","8","27-14-0","0.659"
"8858","Beast from the East","389","123.9","1639","1713","17.1","75.5","31.3","0.4","-0.08","-0.34","2026gal","Galileo Division","8","34-23-0","0.596"
"1218","SCH Robotics","390","123.8","1639","1713","26","68.1","29.7","0.54","-0.06","-0.34","2026arc","Archimedes Division","8","39-19-0","0.672"
"5948","PrepaTec - Lebotics","391","123.8","1639","1713","19.5","74.4","29.9","0.41","-0.09","-0.34","2026new","Newton Division","8","21-6-0","0.778"
"424","Rust Belt Robotics","392","123.5","1638","1712","25.9","57.5","40.1","0.43","-0.22","-0.34","2026new","Newton Division","8","20-14-0","0.588"
"3173","IgKnighters","393","123.3","1638","1711","23.7","77.7","21.9","0.64","-0.17","-0.34","N/A","N/A","N/A","20-15-0","0.571"
"2556","RadioActive Roaches","394","123.2","1638","1711","24","71.8","27.4","0.39","-0.14","-0.34","2026gal","Galileo Division","8","20-16-1","0.554"
"5104","BreakerBots","395","123.2","1638","1711","18.1","69.9","35.1","0.5","0.09","-0.34","N/A","N/A","N/A","25-19-0","0.568"
"3175","Knight Vision","396","123.1","1638","1711","23.3","68.1","31.8","0.42","-0.02","-0.34","2026hop","Hopper Division","8","33-24-0","0.579"
"8393","The Giant Diencephalic Brai...","397","123.1","1637","1711","29","54.6","39.5","0.33","-0.08","-0.34","2026dal","Daly Division","8","19-21-0","0.475"
"7565","SESI SENAI ROBONÁTICOS","398","123","1637","1710","19.7","69.8","33.4","0.45","-0.16","-0.34","2026cur","Curie Division","8","31-13-0","0.705"
"8884","Knight Owls","399","122.9","1637","1710","33.1","67.5","22.3","0.4","0.01","-0.34","2026arc","Archimedes Division","8","36-22-0","0.621"
"1676","The Pascack PI-oneers","400","122.9","1637","1710","30.8","58.7","33.4","0.17","0.09","-0.34","2026dal","Daly Division","8","35-24-1","0.592"
"7915","Ripon Robotics","401","122.7","1637","1710","17.8","64.8","40.2","0.29","-0.14","-0.34","2026gal","Galileo Division","8","37-21-1","0.636"
"3061","Huskie Robotics","402","122.7","1637","1710","33","72.8","16.9","0.31","-0.12","-0.34","2026joh","Johnson Division","8","24-14-0","0.632"
"818","The Steel Armadillos","403","122.6","1637","1709","33.1","69.4","20","0.26","-0.16","-0.28","2026new","Newton Division","8","26-27-0","0.491"
"9635","Cyber Rabbit","404","122.4","1636","1709","30.4","59.4","32.6","0.21","-0.09","-0.34","2026mil","Milstein Division","8","13-10-0","0.565"
"319","Big Bad Bob","405","122.2","1636","1708","15.7","66.5","40","0.43","0.09","-0.34","N/A","N/A","N/A","27-22-0","0.551"
"7421","PrepaTec - OVERTURE","406","122.2","1636","1708","25.5","66.4","30.3","0.31","-0.1","-0.34","2026cur","Curie Division","8","19-18-0","0.514"
"3536","Electro Eagles","407","122.1","1636","1708","23.5","70.7","27.9","0.18","-0.11","-0.34","2026joh","Johnson Division","8","33-24-0","0.579"
"4488","Shockwave","408","122.1","1636","1708","23.9","68.3","29.9","0.3","0.2","-0.34","N/A","N/A","N/A","26-21-0","0.553"
"2471","Team Mean Machine","409","122","1636","1708","41.9","61.5","18.6","0.26","0.14","-0.34","N/A","N/A","N/A","29-19-0","0.604"
"234","Cyber Blue","410","121.9","1635","1708","17.3","68.1","36.5","0.56","0.03","-0.34","N/A","N/A","N/A","35-29-0","0.547"
"6431","NoktaParantez","411","121.7","1635","1707","14.9","74.2","32.6","0.72","-0.02","-0.34","N/A","N/A","N/A","26-18-1","0.589"
"2883","F.R.E.D (FIRST Robotics Eng...","412","121.6","1635","1707","22","68.2","31.3","0.58","-0.25","-0.34","2026dal","Daly Division","8","23-15-0","0.605"
"2079","4H ALARM Robotics","413","121.5","1635","1707","26.7","68.4","26.4","0.22","0.12","-0.34","N/A","N/A","N/A","26-20-0","0.565"
"3075","Ha-Dream Team","414","121.2","1634","1706","34.2","70.7","16.4","0.28","0.05","-0.34","2026mil","Milstein Division","8","4-6-0","0.400"
"2486","CocoNuts","415","121.2","1634","1706","23.9","63.4","33.9","0.43","-0.1","-0.34","2026hop","Hopper Division","8","30-20-0","0.600"
"1259","Paradigm Shift","416","121.1","1634","1706","15.4","64.4","41.3","0.27","0.01","-0.34","2026hop","Hopper Division","8","41-19-0","0.683"
"888","Robotiators","417","121","1634","1705","29","66.2","25.8","0.41","0.04","-0.34","N/A","N/A","N/A","31-16-0","0.660"
"3293","OtterBots","418","121","1634","1705","25.7","63.2","32.1","0.51","-0.23","-0.23","N/A","N/A","N/A","23-7-0","0.767"
"1108","Panther Robotics","419","121","1634","1705","22.9","56.9","41.2","0.43","-0.04","-0.34","2026new","Newton Division","8","22-15-0","0.595"
"2638","Rebel Robotics","420","120.9","1634","1705","36.4","59","25.5","0.2","-0.27","-0.34","2026joh","Johnson Division","8","24-16-0","0.600"
"1671","Buchanan Bird Brains","421","120.9","1634","1705","13","69.4","38.4","0.14","0.05","-0.34","2026mil","Milstein Division","8","21-29-0","0.420"
"4607","C.I.S.","422","120.9","1634","1705","28.1","64.8","28.1","0.22","-0.2","-0.34","2026gal","Galileo Division","8","16-16-0","0.500"
"6989","KAISER","423","120.7","1633","1704","24.7","64.9","31.1","0.25","-0.25","-0.34","2026mil","Milstein Division","8","31-17-0","0.646"
"7563","SESI SENAI MEGAZORD","424","120.7","1633","1704","23","62.8","34.9","0.33","-0.22","-0.34","2026joh","Johnson Division","8","31-7-0","0.816"
"70","More Martians","425","120.6","1633","1704","25.9","61.8","32.9","0.1","0.07","-0.34","2026mil","Milstein Division","8","33-23-0","0.589"
"5653","Iron Mosquitos","426","120.6","1633","1704","22.9","65.1","32.6","0.4","-0.2","-0.34","2026gal","Galileo Division","8","18-18-0","0.500"
"8011","Wayi Guangzhou","427","120.5","1633","1704","28.8","70","21.7","0.54","0.03","-0.34","N/A","N/A","N/A","16-10-0","0.615"
"1089","Team Mercury","428","120.3","1633","1703","20.5","73.8","25.9","0.43","0.04","-0.34","N/A","N/A","N/A","23-22-0","0.511"
"5338","RoboLoCo","429","120.1","1632","1703","18.8","56.2","45.1","0.4","0.02","-0.34","2026arc","Archimedes Division","8","39-25-0","0.609"
"2399","The Fighting Unicorns","430","120.1","1632","1703","20.8","66.8","32.5","0.48","-0.15","-0.34","2026dal","Daly Division","8","24-16-0","0.600"
"3604","Goon Squad","431","119.9","1632","1702","23.7","62.6","33.6","0.02","-0.04","0.06","2026arc","Archimedes Division","8","30-24-1","0.555"
"10633","BeeBotics","432","119.7","1632","1702","20.1","74","25.6","0.28","0.12","-0.34","2026mil","Milstein Division","8","37-21-0","0.638"
"122","NASA Knights","433","119.1","1631","1700","21.7","66.6","30.9","0.24","0","-0.34","N/A","N/A","N/A","25-23-0","0.521"
"4270","Crusaders","434","119.1","1630","1700","17.8","75.4","25.8","0.37","-0.1","-0.34","2026mil","Milstein Division","8","38-23-0","0.623"
"3970","Duncan Dynamics","435","119","1630","1700","23.7","59.3","36.1","0.41","-0.03","-0.34","N/A","N/A","N/A","31-18-0","0.633"
"7056","The F.A.S.T. Team - Fowlerv...","436","118.8","1630","1699","19.6","66.5","32.7","0.42","0.19","-0.34","N/A","N/A","N/A","23-22-1","0.511"
"6417","Fridolins","437","118.7","1630","1699","16.7","69.6","32.5","0.25","-0.1","-0.34","2026cur","Curie Division","8","30-13-0","0.698"
"1501","Team THRUST","438","118.7","1630","1699","41.5","64","13.3","0.22","-0.02","-0.34","2026arc","Archimedes Division","8","45-15-0","0.750"
"5712","Hemlock's Gray Matter","439","118.6","1630","1699","23.9","59.2","35.5","0.3","0.18","-0.34","2026cur","Curie Division","8","44-20-0","0.688"
"1720","PhyXTGears","440","118.5","1630","1699","26.9","65.3","26.4","0.11","0.02","-0.34","2026dal","Daly Division","8","31-24-0","0.564"
"2230","General Angels","441","118.4","1629","1698","25.8","63.2","29.4","0.34","-0.21","-0.33","N/A","N/A","N/A","0-0-0","0.000"
"10435","IRS - Intelligent Robotic S...","442","118.4","1629","1698","15.7","66.5","36.3","0.53","-0.17","-0.34","N/A","N/A","N/A","13-11-1","0.540"
"1507","Warlocks","443","118.4","1629","1698","17.1","76.6","24.7","0.61","-0.17","-0.34","N/A","N/A","N/A","20-11-0","0.645"
"2846","FireBears","444","118","1629","1697","26.7","62.6","28.7","0.39","-0.11","-0.34","2026mil","Milstein Division","8","24-14-0","0.632"
"8808","SWLA Tech Pirates","445","118","1629","1697","22.1","69.1","26.8","0.12","-0.06","-0.34","2026mil","Milstein Division","8","20-17-0","0.541"
"8725","MistyPanther","446","117.8","1628","1697","27.7","71.7","18.4","0.46","-0.08","-0.34","2026cur","Curie Division","8","36-9-0","0.800"
"2393","Robotichauns","447","117.5","1628","1696","24.9","64.3","28.4","0.43","-0.03","-0.34","2026gal","Galileo Division","8","20-18-0","0.526"
"193","MORT Beta","448","117.5","1628","1696","14.1","69.6","33.8","0.38","0.05","-0.34","N/A","N/A","N/A","29-17-0","0.630"
"6985","ENKA TECH","449","117.4","1628","1696","30.3","64.1","23","0.26","-0.04","-0.34","2026gal","Galileo Division","8","18-16-0","0.529"
"4398","Gladiators","450","117.2","1627","1695","25.1","59.5","32.7","0.49","0.09","-0.34","N/A","N/A","N/A","31-17-0","0.646"
"876","Thunder Robotics","451","117","1627","1695","28.9","67.1","21","0.53","-0.08","-0.34","N/A","N/A","N/A","13-12-0","0.520"
"9452","LHS Steel Stingers","452","117","1627","1694","11.6","69.4","36","0.44","0.01","-0.34","N/A","N/A","N/A","26-20-0","0.565"
"1405","Finney Falcons","453","117","1627","1694","13.8","68.8","34.3","0.49","-0.15","-0.34","N/A","N/A","N/A","15-8-0","0.652"
"6413","Degrees of Freedom","454","116.7","1626","1694","24.1","60","32.7","0.42","-0.19","-0.34","2026cur","Curie Division","8","21-19-0","0.525"
"8613","Barker Greybacks","455","116.5","1626","1693","26.2","66.5","23.8","0.23","-0.09","-0.34","2026cmptx","FIRST Championship - FIRST Robotics Competition","8","24-9-0","0.727"
"5454","Obsidian","456","116.2","1625","1692","26.4","67.8","22","0.22","0.02","-0.34","2026hop","Hopper Division","8","25-16-0","0.610"
"6978","QuickStrike Niagara","457","116.1","1625","1692","19.7","66.4","30.1","0.35","-0.01","-0.34","N/A","N/A","N/A","21-26-0","0.447"
"2522","Royal Robotics","458","116.1","1625","1692","35.8","43.5","36.8","0.21","-0.21","-0.28","2026joh","Johnson Division","8","40-20-0","0.667"
"4728","ROCORI Robotics","459","116","1625","1692","13.1","63","39.9","0.32","-0.05","-0.34","2026arc","Archimedes Division","8","22-18-0","0.550"
"8429","Valence Robotics","460","116","1625","1692","22.2","56.7","37.1","0.25","-0.19","-0.34","2026mil","Milstein Division","8","36-27-1","0.570"
"6237","Martin Motion","461","115.8","1625","1691","16.1","73.3","26.4","0.49","0","-0.34","N/A","N/A","N/A","15-12-0","0.556"
"3243","Amperes","462","115.8","1625","1691","21.4","65.6","28.8","0.36","-0.21","-0.34","2026gal","Galileo Division","8","22-15-1","0.592"
"8706","MXS Bulldog Bots","463","115.6","1624","1691","31.4","53","31.2","0.4","-0.02","-0.34","N/A","N/A","N/A","24-20-0","0.545"
"10349","Pontiac Firebirds","464","115.6","1624","1691","17.8","70.7","27.1","0.05","0.06","-0.34","2026cur","Curie Division","8","31-26-0","0.544"
"3136","O.R.C.A.","465","115.6","1624","1691","15","67.2","33.4","0.31","0","-0.34","N/A","N/A","N/A","22-23-0","0.489"
"324","Chips","466","115.4","1624","1690","13.8","70.8","30.8","0.41","-0.13","-0.34","N/A","N/A","N/A","22-25-1","0.469"
"3637","The Daleks","467","115.4","1624","1690","19.6","62","33.7","0.2","-0.02","-0.34","2026mil","Milstein Division","8","38-23-1","0.621"
"3297","Full Metal Jackets","468","115.3","1624","1690","25","61.4","28.9","0.33","-0.14","-0.34","2026hop","Hopper Division","8","29-15-0","0.659"
"1731","Fresta Valley Robotics Club","469","114.9","1623","1689","20.5","58.9","35.5","0.24","0.06","-0.34","2026arc","Archimedes Division","8","40-21-0","0.656"
"4027","Centre Punch","470","114.9","1623","1689","19.7","53.1","42.1","0.34","-0.07","-0.24","2026cur","Curie Division","8","19-18-0","0.514"
"3132","Thunder Down Under","471","114.1","1622","1687","17.3","69.3","27.4","0.62","-0.12","-0.34","N/A","N/A","N/A","11-3-0","0.786"
"6121","RoboVikes","472","113.9","1622","1686","24.1","70.3","19.5","0.24","0.12","-0.34","2026hop","Hopper Division","8","34-22-0","0.607"
"2872","CyberCats","473","113.9","1622","1686","19.1","70.7","24.2","0.56","-0.08","-0.34","N/A","N/A","N/A","16-7-0","0.696"
"4065","Nerds of Prey","474","113.9","1621","1686","16","64.2","33.7","0.37","-0.11","-0.34","2026cmptx","FIRST Championship - FIRST Robotics Competition","8","40-26-0","0.606"
"696","Circuit Breakers","475","113.8","1621","1686","30.5","54.8","28.6","0.39","0.31","-0.34","N/A","N/A","N/A","26-20-0","0.565"
"1305","Ice Cubed","476","113.8","1621","1686","26","58","29.9","0.36","-0.03","-0.34","N/A","N/A","N/A","26-22-0","0.542"
"6500","GearCats","477","113.7","1621","1686","19.7","70.2","23.8","0.25","-0.12","-0.34","N/A","N/A","N/A","33-18-0","0.647"
"5462","2Paw Robotics","478","113.6","1621","1685","12.3","62.4","38.9","0.21","0","-0.34","2026mil","Milstein Division","8","35-23-0","0.603"
"6377","Howdy Bots","479","113.5","1621","1685","25","64.8","23.7","0.43","-0.08","-0.34","N/A","N/A","N/A","27-20-0","0.574"
"1511","Rolling Thunder","480","113.1","1620","1684","20.4","64.2","28.5","0.36","-0.26","-0.34","2026arc","Archimedes Division","8","24-11-0","0.686"
"8839","Shoshone Robotics","481","113","1620","1684","20.2","70.2","22.5","0.39","-0.14","-0.34","N/A","N/A","N/A","7-6-0","0.538"
"3539","Byting Bulldogs","482","112.9","1620","1684","28.9","59.6","24.5","0.28","0","-0.34","2026hop","Hopper Division","8","41-17-0","0.707"
"7444","MOON STAR ROBOTICS","483","112.7","1619","1683","26.8","65.1","20.8","0.46","-0.11","-0.34","N/A","N/A","N/A","9-3-0","0.750"
"4123","Tribe Robotics","484","112.6","1619","1683","27.3","56.9","28.5","0.37","-0.09","-0.34","N/A","N/A","N/A","31-15-0","0.674"
"4063","TriKzR4Kidz","485","112.6","1619","1683","20.9","60","31.7","0.47","0","-0.34","N/A","N/A","N/A","25-21-0","0.543"
"10554","Team VIPER","486","112.5","1619","1683","16.1","62.3","34.1","0.18","0.05","-0.34","N/A","N/A","N/A","23-22-0","0.511"
"8013","Boston Lions","487","112.5","1619","1682","24.1","65.5","22.8","0.29","0.12","-0.34","N/A","N/A","N/A","27-21-0","0.563"
"4467","Titanium Titans","488","112.3","1619","1682","15.5","62.8","34","0.45","0.06","-0.34","N/A","N/A","N/A","11-10-0","0.524"
"3986","Express-O","489","111.9","1618","1681","22.4","63.3","26.1","0.52","-0.23","-0.34","N/A","N/A","N/A","11-7-0","0.611"
"3753","BulahBots!","490","111.9","1618","1681","17","52.3","42.5","0.25","-0.18","-0.34","2026gal","Galileo Division","8","23-13-0","0.639"
"4152","Hoya Robotics","491","111.8","1618","1681","16.8","70.9","24.1","0.36","-0.06","-0.34","N/A","N/A","N/A","28-19-1","0.594"
"2847","The MegaHertz","492","111.7","1618","1680","18.4","72","21.2","0.46","-0.2","-0.34","2026arc","Archimedes Division","8","29-15-0","0.659"
"6766","AtomStorm","493","111.5","1617","1680","22.2","54.6","34.8","0.22","-0.21","-0.34","2026joh","Johnson Division","8","18-21-0","0.462"
"5740","Trojanators","494","111.4","1617","1680","23.5","60.7","27.3","0.5","-0.23","-0.34","N/A","N/A","N/A","14-11-0","0.560"
"6721","Tindley Trailblazers","495","111.4","1617","1680","24.5","63.8","23.2","0.34","-0.06","-0.34","N/A","N/A","N/A","22-24-0","0.478"
"10079","Arrowdynamics","496","111.4","1617","1680","28.4","54.8","28.2","0.63","0.07","-0.34","N/A","N/A","N/A","26-21-0","0.553"
"619","Cavalier Robotics","497","111.3","1617","1679","17","62.3","31.9","0.31","0.05","-0.34","2026joh","Johnson Division","8","37-22-0","0.627"
"5614","Team Sycamore","498","111.3","1617","1679","28.9","62.7","19.6","0.43","0.26","-0.34","N/A","N/A","N/A","0-0-0","0.000"
"386","Team Voltage","499","111","1617","1679","17.9","60.5","32.6","0.3","-0.2","-0.34","2026new","Newton Division","8","15-20-0","0.429"
"8744","Leviathans","500","110.9","1616","1678","18.5","60.8","31.6","0.36","-0.12","-0.34","N/A","N/A","N/A","27-20-0","0.574"
"10014","REBELLION","501","110.6","1616","1678","21.3","46.5","42.8","0.01","-0.11","-0.34","2026joh","Johnson Division","8","33-30-0","0.524"
"5422","Stormgears","502","110.5","1616","1677","16.2","64.1","30.2","0.23","0.09","-0.34","N/A","N/A","N/A","21-22-0","0.488"
"4087","Voodoo Voltage","503","110.4","1615","1677","29.4","56.2","24.8","0.23","-0.05","-0.34","2026gal","Galileo Division","8","21-16-0","0.568"
"1477","Texas Torque","504","110.4","1615","1677","24.9","65.6","19.9","0.23","-0.08","-0.34","2026cur","Curie Division","8","26-30-0","0.464"
"829","The Digital Goats","505","110.2","1615","1677","22.4","61.8","26.1","0.49","0.13","-0.34","N/A","N/A","N/A","23-22-0","0.511"
"1025","Impi Warriors","506","110","1615","1676","14.2","66.5","29.3","0.44","-0.05","-0.34","N/A","N/A","N/A","23-20-0","0.535"
"8085","MOJO","507","110","1615","1676","21.2","63","25.9","0.45","-0.12","-0.34","N/A","N/A","N/A","22-21-0","0.512"
"5427","Steel Talons","508","110","1615","1676","20.5","60.4","29.1","0.29","-0.14","-0.34","N/A","N/A","N/A","24-24-0","0.500"
"2135","Presentation Invasion","509","110","1615","1676","17.9","57.5","34.6","0.48","0","-0.34","N/A","N/A","N/A","22-19-1","0.536"
"457","⚙️ The Grease Monkeys ⚙️","510","109.9","1615","1676","16.5","65.9","27.6","0.41","-0.02","-0.34","N/A","N/A","N/A","23-20-1","0.534"
"1939","THE KUHNIGHTS","511","109.9","1614","1676","24.5","59.3","26.1","0.37","-0.13","-0.24","2026dal","Daly Division","8","26-13-0","0.667"
"418","Purple Haze","512","109.8","1614","1675","24.8","61.9","23.1","0.51","-0.07","-0.34","N/A","N/A","N/A","25-23-0","0.521"
"45","TechnoKats Robotics Team","513","109.7","1614","1675","12.7","70.5","26.5","0.28","-0.05","-0.34","N/A","N/A","N/A","26-22-0","0.542"
"2584","Flame of The West","514","109.3","1613","1674","19.5","64.6","25.2","0.35","0.05","-0.34","N/A","N/A","N/A","22-18-0","0.550"
"910","The Foley Freeze","515","109.3","1613","1674","25.9","59","24.4","0.27","-0.05","-0.34","2026hop","Hopper Division","8","35-22-0","0.614"
"9757","Mecha Marauders","516","109.2","1613","1674","17.8","60.2","31.1","0.3","-0.12","-0.34","2026joh","Johnson Division","8","38-22-0","0.633"
"2718","Team OKC e'possums (Σ 1/n! ...","517","109.1","1613","1674","24.1","58.1","26.9","0.33","-0.09","-0.34","2026dal","Daly Division","8","24-16-0","0.600"
"8255","Robodogs","518","109.1","1613","1674","20.7","60.3","28.1","0.57","-0.23","-0.34","N/A","N/A","N/A","12-11-0","0.522"
"95","Grasshoppers","519","109","1613","1673","22.6","62","24.4","0.5","-0.09","-0.34","N/A","N/A","N/A","32-16-0","0.667"
"10385","Cycle-Breakers","520","108.9","1613","1673","17.2","62.6","29","0.35","-0.13","-0.34","N/A","N/A","N/A","23-23-0","0.500"
"2373","The Crickets","521","108.6","1612","1672","15.8","65.2","27.7","0.42","0.07","-0.34","N/A","N/A","N/A","13-13-0","0.500"
"744","Shark Attack","522","108.6","1612","1672","12.3","67.3","29","0.55","-0.1","-0.34","N/A","N/A","N/A","18-15-0","0.545"
"840","Aragon Robotics Team","523","108.2","1612","1671","17.7","55.7","34.8","0.32","0.06","-0.34","N/A","N/A","N/A","24-19-0","0.558"
"8576","Golden Warriors Robotics","524","108.1","1611","1671","16.4","66.1","25.6","0.41","-0.07","-0.34","N/A","N/A","N/A","27-19-0","0.587"
"364","Team Fusion 364","525","108.1","1611","1671","33.2","59.9","15","0.26","-0.19","-0.34","2026gal","Galileo Division","8","26-20-0","0.565"
"9301","PrepaTec - MechRams","526","108.1","1611","1671","12.8","68.6","26.7","0.65","-0.18","-0.34","N/A","N/A","N/A","16-11-0","0.593"
"5046","Jacked Up Jackets","527","108","1611","1670","19.7","59.7","28.6","0.44","-0.13","-0.34","N/A","N/A","N/A","26-17-0","0.605"
"8841","OTTER","528","107.9","1611","1670","16.3","66.8","24.8","0.57","-0.16","-0.34","N/A","N/A","N/A","17-8-1","0.673"
"5409","Chargers","529","107.9","1611","1670","30.4","52.5","25","0.33","0","-0.34","N/A","N/A","N/A","23-22-0","0.511"
"9029","Team NF","530","107.7","1611","1670","27.8","60.6","19.3","0.23","-0.07","-0.34","2026new","Newton Division","8","26-18-1","0.589"
"8592","Newton Squared","531","107.2","1610","1668","15.4","65.2","26.6","0.32","0","-0.34","N/A","N/A","N/A","25-20-0","0.556"
"1577","Steampunk","532","106.9","1609","1668","19.1","61.5","26.3","0.15","0.04","-0.34","2026new","Newton Division","8","5-5-0","0.500"
"4392","The Deceivers","533","106.8","1609","1667","19.7","55.5","31.6","0.32","0.06","-0.34","N/A","N/A","N/A","24-20-0","0.545"
"16","Bomb Squad","534","106.6","1609","1667","8.5","63.4","34.8","0.19","0.01","-0.34","2026gal","Galileo Division","8","21-18-1","0.537"
"6574","Ferradermis","535","106.5","1609","1667","24.7","61.6","20.3","0.36","0.01","-0.34","N/A","N/A","N/A","24-20-0","0.545"
"1339","Angelbotics","536","106.5","1609","1666","30.1","52.8","23.5","0.63","-0.17","-0.34","N/A","N/A","N/A","17-12-0","0.586"
"247","Da Bears","537","106.1","1608","1666","12.3","56.9","36.9","0.48","-0.03","-0.27","N/A","N/A","N/A","22-23-0","0.489"
"4285","Camo-Bots","538","106.1","1608","1665","14.8","62","29.4","0.25","-0.02","-0.34","N/A","N/A","N/A","24-19-1","0.557"
"9400","BagelBytes","539","105.9","1608","1665","16.6","58.6","30.7","0.48","-0.01","-0.34","N/A","N/A","N/A","26-19-0","0.578"
"6962","Antares","540","105.5","1607","1664","18.8","63.5","23.2","0.31","0.12","-0.34","N/A","N/A","N/A","27-20-0","0.574"
"3990","Tech for Kids","541","105.1","1606","1663","31.4","50.2","23.5","0.24","-0.12","-0.34","2026dal","Daly Division","8","28-23-0","0.549"
"5505","V2 - Volts Squared","542","104.9","1606","1662","20.4","55.2","29.2","0.42","-0.01","-0.34","N/A","N/A","N/A","23-26-0","0.469"
"4415","EPIC Robotz","543","104.7","1605","1662","22.9","47.9","33.9","0.35","0.03","-0.34","N/A","N/A","N/A","25-21-0","0.543"
"7712","ACCN UMOJA","544","104.6","1605","1662","18.7","57","29","0.15","-0.03","-0.34","2026dal","Daly Division","8","34-26-0","0.567"
"5829","Awtybots","545","104.6","1605","1662","17.6","60","27.1","0.06","-0.14","-0.34","2026arc","Archimedes Division","8","35-26-0","0.574"
"7890","SeQuEnCe","546","104.6","1605","1661","19.3","54.1","31.3","0.2","-0.18","-0.34","2026mil","Milstein Division","8","38-23-0","0.623"
"6419","Kernel Chaos","547","104.4","1605","1661","17.8","55.8","30.8","0.61","-0.17","-0.34","N/A","N/A","N/A","14-13-0","0.519"
"11118","The Baybies","548","104.2","1605","1660","19.7","60","24.4","0.23","-0.08","-0.34","2026hop","Hopper Division","8","13-9-0","0.591"
"1727","REX","549","104","1604","1660","18.4","54.7","30.9","0.05","-0.08","-0.34","2026dal","Daly Division","8","32-29-0","0.525"
"4","Team 4 ELEMENT","550","104","1604","1660","10.6","61.4","32","0.43","-0.03","-0.34","N/A","N/A","N/A","21-19-0","0.525"
"5934","Crowbotics","551","103.8","1604","1659","28.5","53","22.4","0.47","-0.12","-0.34","N/A","N/A","N/A","10-6-0","0.625"
"1188","The Ravens","552","103.8","1604","1659","20","65","18.8","0.48","-0.08","-0.34","N/A","N/A","N/A","26-24-0","0.520"
"9726","Notus Pirates","553","103.6","1604","1659","16.9","59.9","26.8","0.41","-0.11","-0.34","N/A","N/A","N/A","13-15-0","0.464"
"957","SWARM - South and West Alba...","554","103.5","1603","1659","20.6","59.6","23.2","0.25","-0.01","-0.34","N/A","N/A","N/A","19-21-1","0.476"
"7902","Markham FireBirds","555","103.3","1603","1658","21.6","48.9","32.8","0.33","-0.03","-0.34","N/A","N/A","N/A","29-20-0","0.592"
"5024","Raider Robotics","556","103.2","1603","1658","21.3","57.3","24.7","0.36","-0.09","-0.34","N/A","N/A","N/A","23-23-0","0.500"
"9001","Delta Force","557","103.1","1603","1658","18.2","61.5","23.4","0.12","-0.19","-0.34","2026arc","Archimedes Division","8","15-14-0","0.517"
"1038","Lakota Robotics","558","103","1603","1657","21.8","58.5","22.8","0.41","-0.23","-0.34","N/A","N/A","N/A","12-12-0","0.500"
"226","Hammerheads","559","102.9","1602","1657","19.5","62.1","21.3","0.51","-0.01","-0.34","N/A","N/A","N/A","28-18-0","0.609"
"9545","Caracal Robotics","560","102.8","1602","1657","21","57.5","24.4","0.25","-0.26","-0.34","2026dal","Daly Division","8","22-16-0","0.579"
"3158","PrepaTec - TECBOT","561","102.8","1602","1657","16.8","57.4","28.6","0.58","-0.09","-0.34","N/A","N/A","N/A","18-10-0","0.643"
"6986","PPT Bots","562","102.8","1602","1657","18.7","52.9","31.2","0.41","-0.23","-0.34","N/A","N/A","N/A","6-5-0","0.545"
"3176","Purple Precision","563","102.7","1602","1657","12.6","60.1","30","0.35","-0.01","-0.34","N/A","N/A","N/A","29-20-0","0.592"
"3310","Black Hawk Robotics","564","102.7","1602","1656","14.9","63","24.8","0.39","-0.2","-0.34","N/A","N/A","N/A","31-18-0","0.633"
"6948","EAGLES","565","102.3","1601","1655","17.4","61.8","23.1","0.5","-0.17","-0.34","N/A","N/A","N/A","15-13-0","0.536"
"2506","Saber Robotics","566","102.1","1601","1655","11.1","59.5","31.5","0.35","-0.18","-0.34","N/A","N/A","N/A","20-22-1","0.477"
"9569","Milliken Mills Silver Knights","567","102","1601","1655","12.1","57.5","32.4","0.37","-0.14","-0.34","N/A","N/A","N/A","17-24-0","0.415"
"1810","CATATRONICS","568","102","1601","1655","24.6","60.5","16.9","0.42","-0.07","-0.34","N/A","N/A","N/A","12-12-0","0.500"
"1493","Falcons","569","101.8","1600","1654","24.4","57.3","20.2","0.42","-0.22","-0.34","N/A","N/A","N/A","4-6-0","0.400"
"6706","Golem","570","101.8","1600","1654","19","62.2","20.6","0.48","-0.22","-0.34","N/A","N/A","N/A","7-5-0","0.583"
"4674","RoboJacks","571","101.7","1600","1654","15.3","63","23.4","0.33","-0.21","-0.34","2026dal","Daly Division","8","22-15-0","0.595"
"4145","WorBots","572","101.6","1600","1654","22.7","54.3","24.7","0.59","-0.07","-0.34","N/A","N/A","N/A","15-12-0","0.556"
"6147","Tonkabots","573","101.6","1600","1654","15.9","60.8","24.9","0.47","-0.1","-0.34","N/A","N/A","N/A","24-16-0","0.600"
"1629","Garrett Coalition (GaCo)","574","101.5","1600","1653","22.3","48.7","30.6","0.16","-0.11","-0.34","2026dal","Daly Division","8","33-23-0","0.589"
"2990","Hotwire","575","101.3","1600","1653","17.2","54.5","29.6","0.42","-0.04","-0.34","N/A","N/A","N/A","11-18-0","0.379"
"8724","Mayhem","576","101.2","1599","1653","16.9","54.5","29.9","0.03","0.02","-0.34","2026dal","Daly Division","8","33-21-0","0.611"
"7312","T3","577","101","1599","1652","18.3","51.7","31","0.25","-0.02","-0.34","N/A","N/A","N/A","22-22-1","0.500"
"3506","YETI Robotics","578","101","1599","1652","22.8","44.5","33.7","0.32","-0.17","-0.34","2026cmptx","FIRST Championship - FIRST Robotics Competition","8","51-18-0","0.739"
"230","Gaelhawks","579","101","1599","1652","14.6","57.9","28.4","0.47","0.05","-0.23","N/A","N/A","N/A","28-18-0","0.609"
"3882","Lunas","580","101","1599","1652","21.1","59","20.9","0.49","-0.17","-0.34","N/A","N/A","N/A","18-12-0","0.600"
"4311","Swampscott Currents","581","100.9","1599","1652","15.1","51.3","34.5","0.41","0.05","-0.34","N/A","N/A","N/A","19-20-1","0.487"
"3277","ProDigi","582","100.8","1599","1651","22","45.5","33.3","0.29","-0.17","-0.34","2026mil","Milstein Division","8","24-18-0","0.571"
"6487","Clockwork Knights","583","100.8","1599","1651","18.6","58.4","23.7","0.23","-0.23","-0.34","2026gal","Galileo Division","8","19-15-1","0.557"
"233","The Pink Team","584","100.7","1598","1651","16.5","49.1","35.1","0.4","-0.29","-0.34","2026new","Newton Division","8","23-12-0","0.657"
"3932","The Dirty Mechanics","585","100.6","1598","1651","30.7","47.6","22.4","0.47","-0.18","-0.34","2026cur","Curie Division","8","21-17-0","0.553"
"2357","System Meltdown","586","100.4","1598","1650","22.4","55.9","22.1","0.27","-0.23","-0.34","2026cur","Curie Division","8","19-19-0","0.500"
"1684","The Chimeras","587","100.2","1598","1650","14.1","52.9","33.2","0.13","-0.05","-0.34","2026cur","Curie Division","8","31-24-0","0.564"
"8051","TinkRex","588","100.2","1598","1650","23.8","56.9","19.5","0.08","0.03","-0.34","N/A","N/A","N/A","23-19-0","0.548"
"624","CRyptonite","589","99.8","1597","1649","27.4","50.3","22.1","0.22","-0.23","-0.28","2026dal","Daly Division","8","38-24-0","0.613"
"10416","Radical Raccoons","590","99.7","1597","1648","13.6","55.4","30.8","0.32","0.12","-0.34","N/A","N/A","N/A","19-25-0","0.432"
"5229","Heritage Hawkbots","591","99","1596","1647","10.6","59.8","28.7","0.36","0","-0.34","N/A","N/A","N/A","24-19-0","0.558"
"6352","LAUNCH TEAM","592","99","1596","1647","14.6","53.9","30.5","0.07","-0.12","-0.34","2026new","Newton Division","8","6-13-0","0.316"
"5144","LISD TECHnicians","593","98.9","1595","1646","9","53.4","36.6","0.29","-0.11","-0.34","N/A","N/A","N/A","26-17-0","0.605"
"2199","Robo-Lions","594","98.8","1595","1646","17.3","48.7","32.8","0.19","-0.03","-0.34","2026hop","Hopper Division","8","39-18-0","0.684"
"3218","Panther Robotics","595","98.8","1595","1646","14.9","55.2","28.7","0.29","0.1","-0.34","N/A","N/A","N/A","24-20-0","0.545"
"1512","The Big Red","596","98.8","1595","1646","10.1","63.6","25.1","0.21","0.2","-0.34","N/A","N/A","N/A","21-24-0","0.467"
"5843","Flurb","597","98.7","1595","1646","24.3","50.2","24.3","0.61","0.15","-0.34","N/A","N/A","N/A","26-19-0","0.578"
"3602","RoboMos","598","98.4","1595","1645","19.7","57.1","21.7","0.4","-0.04","-0.34","N/A","N/A","N/A","25-21-0","0.543"
"1942","Cinderella Tel-Nof","599","98.2","1594","1644","21.4","52.5","24.3","0.28","-0.21","-0.33","N/A","N/A","N/A","0-0-0","0.000"
"4920","Belle River Boltheads","600","98.1","1594","1644","16.4","56.8","24.9","0.43","0.05","-0.34","N/A","N/A","N/A","31-15-0","0.674"
"5885","Villanova WiredCats","601","98","1594","1644","27.2","57.4","13.4","0.3","-0.1","-0.34","N/A","N/A","N/A","27-20-0","0.574"
"753","High Desert Droids","602","97.8","1593","1643","16.6","53.2","28","0.31","-0.09","-0.27","N/A","N/A","N/A","22-20-0","0.524"
"573","Mech Warriors","603","97.7","1593","1643","13.8","50","33.9","0.12","-0.06","-0.28","2026hop","Hopper Division","8","27-27-0","0.500"
"3668","TroBots","604","97.6","1593","1643","13.8","48.1","35.7","0.42","-0.02","-0.34","N/A","N/A","N/A","35-18-0","0.660"
"10291","MUTUM-X","605","97.5","1593","1643","16.3","49.9","31.3","0.1","-0.13","-0.34","2026new","Newton Division","8","12-11-0","0.522"
"3603","Cyber Coyotes","606","97.5","1593","1643","15.1","45.1","37.3","0.11","-0.12","-0.34","2026joh","Johnson Division","8","35-24-0","0.593"
"9418","Pastabots","607","97.5","1593","1643","16.7","50.5","30.3","0.23","-0.14","-0.34","N/A","N/A","N/A","26-23-0","0.531"
"263","Aftershock","608","97.5","1593","1642","14.6","52.9","30","0.17","-0.24","-0.34","2026mil","Milstein Division","8","19-16-0","0.543"
"3322","Eagle Evolution","609","97.3","1593","1642","15.1","53.4","28.8","0.42","-0.02","-0.27","N/A","N/A","N/A","22-22-0","0.500"
"5136","MechaPirates","610","97.3","1593","1642","13.9","48.5","34.9","0.2","0.01","-0.34","N/A","N/A","N/A","24-18-0","0.571"
"6829","Ignite Robotics","611","97.3","1593","1642","19.6","49.7","28","0.11","-0.29","-0.28","2026joh","Johnson Division","8","35-23-1","0.602"
"492","Titan Robotics Club","612","97","1592","1641","22.9","51.7","22.3","0.61","-0.16","-0.34","N/A","N/A","N/A","30-14-0","0.682"
"10224","MAV MECHANICS (NASA)","613","96.9","1592","1641","11","50.3","35.7","0.37","0","-0.34","N/A","N/A","N/A","27-19-0","0.587"
"8079","River Robotics Team","614","96.7","1591","1640","19.8","55.4","21.5","0.5","-0.07","-0.34","N/A","N/A","N/A","20-10-0","0.667"
"2607","The Fighting RoboVikings","615","96.2","1591","1639","26.1","40.2","30","0.19","-0.05","-0.34","2026hop","Hopper Division","8","48-13-0","0.787"
"6510","Pymble Pride","616","96.2","1591","1639","15.8","52.9","27.5","0.18","-0.23","-0.34","2026cur","Curie Division","8","15-12-0","0.556"
"2619","The Charge","617","96.2","1591","1639","28.8","39","28.4","0.19","-0.11","-0.28","2026joh","Johnson Division","8","33-23-0","0.589"
"3146","GRANBY GRUNTS","618","96.1","1590","1639","11.3","53.1","31.7","0.39","-0.05","-0.34","N/A","N/A","N/A","18-23-0","0.439"
"2586","Copper Bots","619","96.1","1590","1639","21.4","46.6","28.1","0.25","-0.14","-0.34","2026new","Newton Division","8","35-29-0","0.547"
"9126","Silver Hawks","620","96","1590","1638","20","51.2","24.8","0.21","-0.12","-0.34","2026arc","Archimedes Division","8","17-10-0","0.630"
"1912","Team Combustion","621","95.8","1590","1638","24.2","53.5","18.1","0.19","-0.29","-0.34","2026arc","Archimedes Division","8","24-12-0","0.667"
"11019","X.PLORE","622","95.8","1590","1638","17","60.3","18.6","0.42","-0.2","-0.34","2026arc","Archimedes Division","8","26-12-0","0.684"
"3039","Wildcat Robotics","623","95.8","1590","1638","15.1","54","26.6","0.38","-0.05","-0.34","N/A","N/A","N/A","12-10-0","0.545"
"4779","RoboSapiens","624","95.7","1590","1638","16.7","59.4","19.6","0.44","-0.03","-0.34","N/A","N/A","N/A","28-16-0","0.636"
"9484","Robot's District","625","95.5","1589","1637","21.8","49.9","23.8","0.4","-0.31","-0.34","2026joh","Johnson Division","8","15-20-0","0.429"
"7200","Banting Robotics","626","95.4","1589","1637","16.2","57.8","21.4","0.2","-0.04","-0.34","N/A","N/A","N/A","22-22-0","0.500"
"5166","Fabricators","627","95.4","1589","1637","16.7","58.1","20.6","0.21","-0.1","-0.34","2026cur","Curie Division","8","39-25-0","0.609"
"7257","Semiconductors","628","95.3","1589","1637","21.6","48.2","25.5","0.25","-0.28","-0.23","2026joh","Johnson Division","8","24-14-0","0.632"
"85","B.O.B. (Built on Brains)","629","95.1","1589","1636","20.1","46","29.1","0.41","-0.21","-0.34","N/A","N/A","N/A","22-24-0","0.478"
"5137","Iron Kodiaks","630","95.1","1589","1636","15.2","54.7","25.1","0.33","0.05","-0.34","N/A","N/A","N/A","19-22-0","0.463"
"2053","Southern Tier Robotics","631","95.1","1589","1636","24.5","42.3","28.2","0.44","-0.23","-0.34","2026cur","Curie Division","8","21-16-0","0.568"
"670","Homestead Robotics","632","95","1588","1636","19","51.7","24.3","0.32","-0.12","-0.34","N/A","N/A","N/A","21-20-0","0.512"
"4327","Q Branch","633","94.9","1588","1636","15.1","45.9","33.9","0.45","0.06","-0.34","N/A","N/A","N/A","22-31-0","0.415"
"2062","CORE 2062","634","94.5","1588","1635","20.4","51.1","23.1","0.39","-0.11","-0.34","N/A","N/A","N/A","28-18-1","0.606"
"2429","The Blockheads","635","94.5","1588","1635","27.6","43.9","23.1","0.13","-0.07","-0.34","2026dal","Daly Division","8","26-26-0","0.500"
"123","Team - Cosmos","636","94.5","1588","1635","26","44","24.5","0.04","-0.09","-0.27","N/A","N/A","N/A","30-18-0","0.625"
"114","Eaglestrike","637","94.3","1587","1634","23","46.6","24.7","0.3","0.24","-0.34","N/A","N/A","N/A","28-20-0","0.583"
"3544","Spartiates","638","94.2","1587","1634","15.7","45.2","33.3","0.14","-0.24","-0.34","2026gal","Galileo Division","8","17-10-0","0.630"
"7667","OtterBots","639","94.1","1587","1634","19.8","50.9","23.4","0.34","-0.06","-0.34","N/A","N/A","N/A","29-18-0","0.617"
"2601","Steel Hawks","640","94","1587","1633","16.4","57.8","19.9","0.16","-0.26","-0.34","2026mil","Milstein Division","8","16-16-0","0.500"
"9450","Velocity Raptors","641","93.8","1586","1633","21.5","51.8","20.6","0.21","-0.18","-0.34","2026new","Newton Division","8","33-29-0","0.532"
"8089","Rockway Robotics","642","93.7","1586","1632","25.3","50.8","17.7","0.23","-0.19","-0.34","N/A","N/A","N/A","23-21-0","0.523"
"1574","MisCar","643","93.6","1586","1632","20.4","50","23.2","0.27","-0.21","-0.33","N/A","N/A","N/A","0-0-0","0.000"
"2689","Team Alpha","644","93.6","1586","1632","25.5","39.7","28.4","0.33","-0.07","-0.34","N/A","N/A","N/A","28-17-0","0.622"
"7197","Mountie Megabots","645","93.5","1586","1632","15.6","49.1","28.8","0.37","-0.16","-0.27","N/A","N/A","N/A","35-17-0","0.673"
"4068","Bearbotics","646","93.4","1586","1632","16.9","50.5","26","0.45","-0.24","-0.16","N/A","N/A","N/A","18-11-0","0.621"
"3130","The ERRORs","647","93.3","1586","1631","20.4","52.3","20.6","0.49","-0.23","-0.23","N/A","N/A","N/A","15-12-0","0.556"
"4639","The RoboSpartans","648","93.2","1585","1631","16.9","55.9","20.3","0.39","-0.01","-0.34","N/A","N/A","N/A","25-22-0","0.532"
"7054","SC Sailors","649","93","1585","1630","14.3","52.7","25.9","0.49","-0.15","-0.34","N/A","N/A","N/A","21-23-0","0.477"
"5528","Ultime","650","92.9","1585","1630","32.1","43.4","17.4","0.57","-0.23","-0.34","N/A","N/A","N/A","19-10-0","0.655"
"1100","Inverse Polarity","651","92.8","1585","1630","17.7","51.2","23.9","0.37","0.01","-0.34","N/A","N/A","N/A","22-21-0","0.512"
"5152","Alotobots","652","92.7","1585","1630","18.4","48.6","25.7","0.14","-0.16","-0.27","N/A","N/A","N/A","24-20-0","0.545"
"3748","Ragnarok Robotics","653","92.6","1584","1629","15.5","54.6","22.5","0.26","-0.18","-0.34","N/A","N/A","N/A","18-23-0","0.439"
"1318","Issaquah Robotics Society","654","92.5","1584","1629","19","49.7","23.8","0.25","-0.11","-0.34","N/A","N/A","N/A","24-20-0","0.545"
"9506","Conspiracy Robotics","655","92.5","1584","1629","18.1","49.5","24.9","0.43","-0.18","-0.34","N/A","N/A","N/A","19-26-0","0.422"
"7656","MC Hammers","656","92.2","1584","1629","10.8","56.1","25.3","0.54","-0.24","-0.34","N/A","N/A","N/A","14-16-0","0.467"
"7506","WILDCARDS","657","91.9","1583","1628","12.9","51.9","27.1","0.29","-0.07","-0.34","N/A","N/A","N/A","31-16-0","0.660"
"1591","Greece Gladiators","658","91.8","1583","1628","20.8","47.8","23.2","0.46","-0.11","-0.34","N/A","N/A","N/A","11-11-0","0.500"
"8873","Rockefeller Robotics","659","91.8","1583","1628","6.8","54.7","30.3","0.1","-0.2","-0.34","2026mil","Milstein Division","8","33-21-0","0.611"
"8709","Pathfinder Tech","660","91.8","1583","1627","19.9","50.5","21.3","0.47","-0.02","-0.34","N/A","N/A","N/A","22-23-0","0.489"
"7174","Charger Robotics","661","91.5","1582","1627","20.1","46.2","25.2","0.54","-0.18","-0.34","N/A","N/A","N/A","19-11-0","0.633"
"1502","Technical Difficulties","662","91.4","1582","1626","15.7","45.3","30.4","0.29","0.16","-0.34","N/A","N/A","N/A","18-23-0","0.439"
"2614","Mountaineer Area RoboticS (...","663","91.4","1582","1626","20.8","50.5","20.1","0.4","-0.23","-0.34","N/A","N/A","N/A","11-14-0","0.440"
"4026","Decatur Robotics","664","91.1","1582","1625","19.7","50.2","21.2","0.33","-0.19","-0.34","N/A","N/A","N/A","28-18-1","0.606"
"2220","Blue Twilight","665","91.1","1582","1625","10.7","52.7","27.7","0.24","-0.19","-0.34","2026hop","Hopper Division","8","21-19-0","0.525"
"127","Bluetonium","666","91","1582","1625","16.9","48.2","26","0.24","-0.03","-0.34","N/A","N/A","N/A","23-32-1","0.420"
"3647","Millennium Falcons","667","91","1582","1625","20.5","48.5","22.1","0.27","-0.08","-0.34","N/A","N/A","N/A","24-18-0","0.571"
"668","The Apes of Wrath","668","91","1582","1625","17.5","45.1","28.4","0.43","-0.04","-0.34","N/A","N/A","N/A","11-19-0","0.367"
"9232","IBBTECH","669","91","1582","1625","18.8","47.5","24.7","0.54","-0.13","-0.34","N/A","N/A","N/A","15-9-1","0.620"
"5535","Bionic Bison","670","91","1581","1625","17.5","50.4","23.1","0.35","0.09","-0.34","N/A","N/A","N/A","30-16-0","0.652"
"5401","Fightin' Robotic Owls","671","90.9","1581","1625","14.9","51.1","24.9","0.31","-0.2","-0.34","N/A","N/A","N/A","25-20-1","0.554"
"4947","Fenix","672","90.8","1581","1625","6.8","52.7","31.3","0.48","-0.23","-0.23","N/A","N/A","N/A","12-4-0","0.750"
"2059","The Hitchhikers","673","90.8","1581","1625","10.6","55.5","24.7","0.28","-0.18","-0.34","N/A","N/A","N/A","31-17-0","0.646"
"3216","MRT","674","90.6","1581","1624","17.4","50.2","23","0.6","-0.16","-0.34","N/A","N/A","N/A","13-14-0","0.481"
"7433","Iona Fusion","675","90.5","1581","1624","23.5","46.9","20","0.35","-0.23","-0.34","N/A","N/A","N/A","10-3-0","0.769"
"6175","EVW Mystery Machine","676","90.4","1581","1624","14.2","55.5","20.7","0.42","-0.23","-0.34","N/A","N/A","N/A","14-10-0","0.583"
"9215","T-Town Tech","677","90.4","1581","1624","12.8","45.2","32.4","0.33","0.05","-0.34","N/A","N/A","N/A","24-21-0","0.533"
"6861","The Tyros Team","678","90.2","1580","1623","5.5","51","33.6","0.47","-0.17","-0.34","N/A","N/A","N/A","15-14-0","0.517"
"7188","SaddleBots","679","90","1580","1623","12.5","61.6","16","0.43","0.07","-0.34","N/A","N/A","N/A","24-19-0","0.558"
"7034","2B Determined","680","89.9","1580","1622","13.6","50.7","25.6","0.27","-0.04","-0.34","N/A","N/A","N/A","25-20-0","0.556"
"2587","DiscoBots","681","89.9","1580","1622","16.8","45.3","27.8","0.32","-0.19","-0.34","N/A","N/A","N/A","30-20-0","0.600"
"6418","The Missfits","682","89.9","1580","1622","15.8","50.1","24","0.25","-0.22","-0.34","N/A","N/A","N/A","24-22-0","0.522"
"8575","The Due Westerners","683","89.7","1579","1622","22.3","49","18.3","-0.05","-0.25","-0.34","2026cur","Curie Division","8","45-19-0","0.703"
"2340","Mercy Robotics-Xcentrics","684","89.4","1579","1621","13.6","54.1","21.8","0.5","-0.11","-0.34","N/A","N/A","N/A","9-10-0","0.474"
"10541","CarbonPulse Robotics","685","89.3","1579","1621","20.3","43.3","25.7","0.44","-0.12","-0.34","N/A","N/A","N/A","4-5-0","0.444"
"3018","Nordic Storm","686","89.3","1579","1621","10","58.5","20.8","0.41","-0.23","-0.34","N/A","N/A","N/A","7-5-0","0.583"
"9427","iDeer","687","89.3","1579","1621","20.5","46.5","22.3","0.17","-0.19","-0.34","2026arc","Archimedes Division","8","28-17-1","0.620"
"2158","the ausTIN CANs","688","89.2","1578","1621","12.9","48.2","28.2","0.3","-0.04","-0.23","N/A","N/A","N/A","25-19-0","0.568"
"5826","Avis Automata","689","89.2","1578","1621","19","52.1","18.1","0.42","-0.09","-0.34","N/A","N/A","N/A","22-22-0","0.500"
"171","Cheese Curd Herd","690","88.8","1578","1620","14.9","47.7","26.3","0.19","-0.06","-0.34","N/A","N/A","N/A","20-23-1","0.466"
"177","Bobcat Robotics","691","88.8","1578","1619","11.4","53","24.4","0.36","0","-0.34","N/A","N/A","N/A","27-21-0","0.563"
"9410","PowerHouse","692","88.8","1578","1619","11.9","51.9","25","0.49","-0.23","-0.34","N/A","N/A","N/A","15-11-1","0.574"
"7503","Radicubs","693","88.7","1578","1619","17.2","45.2","26.4","0.27","-0.04","-0.34","N/A","N/A","N/A","21-22-0","0.488"
"6353","EFZ Robotics","694","88.5","1577","1619","5.4","55.6","27.6","0.36","-0.06","-0.34","N/A","N/A","N/A","9-10-0","0.474"
"1730","Team Driven","695","88.5","1577","1619","23.2","48.3","17","0.58","-0.07","-0.34","N/A","N/A","N/A","17-9-0","0.654"
"9210","Fighting Falcons","696","88.5","1577","1618","13.6","45.3","29.6","0.34","-0.22","-0.34","N/A","N/A","N/A","29-14-1","0.670"
"74","Team CHAOS","697","88.3","1577","1618","14","52.6","21.8","0.4","-0.1","-0.34","N/A","N/A","N/A","13-15-0","0.464"
"4613","Barker Redbacks","698","88.3","1577","1618","10.9","47.5","30","0.02","-0.08","-0.34","2026hop","Hopper Division","8","13-11-0","0.542"
"5823","ACE","699","88","1576","1617","14","50.6","23.5","0.57","-0.13","-0.34","N/A","N/A","N/A","14-11-0","0.560"
"540","TALON 540 Godwin Robotics","700","88","1576","1617","20","39.7","28.3","0.04","0.12","-0.34","2026hop","Hopper Division","8","33-28-0","0.541"
"10015","Bubbles","701","88","1576","1617","18","46","24","0.1","-0.11","-0.34","2026arc","Archimedes Division","8","32-26-0","0.552"
"7674","RaiderBots","702","87.6","1576","1616","14.4","43","30.2","0.21","-0.07","-0.34","N/A","N/A","N/A","21-23-0","0.477"
"1880","Warriors of East Harlem","703","87.4","1575","1616","12.6","55.6","19.2","0.18","-0.17","-0.34","2026dal","Daly Division","8","26-20-0","0.565"
"4738","Patribots","704","87.4","1575","1616","21.4","38.2","27.8","0.39","-0.17","-0.34","N/A","N/A","N/A","21-21-0","0.500"
"7840","EMONER ROBOTICS","705","87.4","1575","1616","17","49.9","20.5","0.17","-0.22","-0.34","2026gal","Galileo Division","8","19-16-0","0.543"
"2521","SERT","706","87.4","1575","1616","17.1","52.1","18.1","0.39","0.01","-0.34","N/A","N/A","N/A","17-24-0","0.415"
"8806","Our Lady of Providence Drea...","707","87.2","1575","1615","10.2","56.2","20.9","0.53","-0.18","-0.34","N/A","N/A","N/A","15-14-1","0.517"
"8503","Raid One","708","87.2","1575","1615","22","44.3","20.8","0.43","-0.15","-0.34","N/A","N/A","N/A","14-10-1","0.580"
"3360","Hyperion","709","87.1","1575","1615","20.4","58.5","8.1","0.52","-0.23","-0.34","N/A","N/A","N/A","13-5-0","0.722"
"11242","Golden Eagle Mechanics","710","87.1","1575","1615","20.6","45.8","20.7","-0.15","-0.07","-0.28","2026gal","Galileo Division","8","24-27-1","0.471"
"2654","Polar Rams","711","87.1","1575","1615","14.3","47.5","25.3","0.49","-0.16","-0.34","N/A","N/A","N/A","13-9-0","0.591"
"86","Team Resistance","712","86.9","1574","1614","20.1","43.6","23.1","0.27","-0.17","-0.34","N/A","N/A","N/A","13-9-0","0.591"
"8116","Hatchet Robotics","713","86.8","1574","1614","10.1","42.5","34.2","0.36","-0.07","-0.34","N/A","N/A","N/A","39-26-0","0.600"
"10973","Sea Raiders","714","86.8","1574","1614","16.7","42.1","28.1","0.23","-0.1","-0.34","N/A","N/A","N/A","23-20-0","0.535"
"894","The Power Chargers","715","86.7","1574","1614","16.2","44.8","25.7","0.4","-0.1","-0.27","N/A","N/A","N/A","24-19-0","0.558"
"7425","Green Valley Robotics","716","86.7","1574","1614","12.4","48.6","25.6","0.33","-0.23","-0.34","N/A","N/A","N/A","13-10-0","0.565"
"3735","VorTX","717","86.6","1574","1613","16.5","45.8","24.3","0.28","-0.26","-0.34","N/A","N/A","N/A","30-14-0","0.682"
"1076","PiHi Samurai","718","86.6","1574","1613","20.4","46.4","19.8","0.2","-0.18","-0.34","2026joh","Johnson Division","8","27-29-1","0.482"
"4855","Ramageddon","719","86.4","1574","1613","14.3","48.1","24.1","0.25","0.04","-0.34","N/A","N/A","N/A","21-22-0","0.488"
"9067","The Goonies","720","86.4","1573","1613","19","44","23.4","0.37","-0.18","-0.34","2026new","Newton Division","8","17-22-0","0.436"
"3959","Mech Tech","721","86.4","1573","1613","15.3","49.8","21.3","0.41","-0.19","-0.34","N/A","N/A","N/A","9-15-0","0.375"
"1014","Bad Robots","722","86.2","1573","1613","14.1","50.3","21.9","0.19","-0.2","-0.34","2026hop","Hopper Division","8","15-19-0","0.441"
"228","GUS","723","86.2","1573","1613","16.3","52.8","17.1","0.2","0.08","-0.34","N/A","N/A","N/A","21-25-0","0.457"
"8852","Drew Robotics","724","86.1","1573","1612","16.5","59.2","10.4","0.26","-0.11","-0.34","N/A","N/A","N/A","14-16-0","0.467"
"8032","SAASquatch Robotics","725","85.8","1572","1611","16.8","47.4","21.5","0.44","-0.17","-0.34","N/A","N/A","N/A","16-13-0","0.552"
"8152","Escouade","726","85.8","1572","1611","7.3","59.5","19","0.49","-0.23","-0.34","N/A","N/A","N/A","9-5-0","0.643"
"8515","Photon","727","85.7","1572","1611","23.7","44","18","0.41","-0.24","-0.34","N/A","N/A","N/A","18-17-0","0.514"
"8817","Buccaneer Robotics","728","85.6","1572","1611","15.2","48.5","21.9","0.28","-0.21","-0.34","2026arc","Archimedes Division","8","18-18-1","0.500"
"6502","DARC SIDE","729","85.5","1572","1611","15.9","49.7","19.9","0.27","-0.11","-0.34","N/A","N/A","N/A","23-20-0","0.535"
"9449","Yellowjackets","730","85.5","1572","1610","18.9","46.1","20.4","0.26","-0.18","-0.34","2026hop","Hopper Division","8","24-16-0","0.600"
"7492","Turbo Torque","731","85.4","1572","1610","12.5","47.9","25","0.24","-0.13","-0.34","N/A","N/A","N/A","22-22-0","0.500"
"4967","That ONE Team-OurNextEngineers","732","85.2","1571","1610","20.6","39.6","25","0.13","0.07","-0.34","2026joh","Johnson Division","8","45-32-0","0.584"
"2503","Warrior Robotics","733","85","1571","1609","15.6","47.6","21.8","0.48","-0.23","-0.34","N/A","N/A","N/A","15-11-0","0.577"
"5811","BONDS","734","84.9","1571","1609","12.4","47","25.5","0.25","-0.17","-0.34","N/A","N/A","N/A","15-16-0","0.484"
"8020","CyberpunK","735","84.8","1571","1609","21.5","44.1","19.2","0.12","-0.23","-0.34","2026mil","Milstein Division","8","22-18-0","0.550"
"5438","Technological Terrors","736","84.7","1570","1608","19.5","50.2","15","0.32","-0.09","-0.34","N/A","N/A","N/A","23-19-0","0.548"
"9512","Horsepower","737","84.7","1570","1608","12.9","50.8","21","0.45","-0.17","-0.34","N/A","N/A","N/A","12-16-0","0.429"
"245","Adambots","738","84.6","1570","1608","14.7","46.2","23.7","-0.12","-0.03","-0.34","2026joh","Johnson Division","8","26-28-0","0.481"
"1262","the STAGS","739","84.4","1570","1608","10.9","50.9","22.5","0.27","-0.06","-0.34","N/A","N/A","N/A","21-21-0","0.500"
"6921","Technados","740","84.2","1570","1607","12.6","45.1","26.5","0.23","-0.07","-0.34","N/A","N/A","N/A","24-20-0","0.545"
"115","MVRT","741","84","1569","1607","11.3","44.1","28.6","0.19","0.03","-0.34","N/A","N/A","N/A","23-21-0","0.523"
"839","Rosie Robotics","742","83.9","1569","1606","13.5","51.1","19.4","0.19","0.01","-0.34","N/A","N/A","N/A","22-20-0","0.524"
"2403","Plasma Robotics","743","83.9","1569","1606","24.4","41.8","17.8","0.13","-0.17","-0.34","2026mil","Milstein Division","8","23-18-0","0.561"
"614","Night Hawks","744","83.9","1569","1606","22.6","43.6","17.7","0.12","-0.23","-0.34","2026gal","Galileo Division","8","33-27-1","0.549"
"6357","The Spring Konstant","745","83.9","1569","1606","17.8","44.7","21.4","0.28","-0.18","-0.34","N/A","N/A","N/A","18-30-0","0.375"
"3245","Ravens","746","83.8","1569","1606","13.8","54.8","15.2","0.05","-0.07","-0.34","2026mil","Milstein Division","8","25-15-0","0.625"
"2228","CougarTech","747","83.8","1569","1606","15.8","43.5","24.6","0.37","-0.23","-0.34","N/A","N/A","N/A","12-10-0","0.545"
"4003","TriSonics","748","83.8","1569","1606","12","46.3","25.5","0.45","-0.23","-0.34","N/A","N/A","N/A","16-13-0","0.552"
"6911","SO BOTZ","749","83.8","1569","1606","11.2","46","26.6","0.14","-0.11","-0.34","2026gal","Galileo Division","8","17-20-0","0.459"
"293","SPIKE","750","83.5","1568","1605","19.8","37.9","25.8","0.19","-0.06","-0.34","N/A","N/A","N/A","25-20-0","0.556"
"58","The Riot Crew","751","83.5","1568","1605","12.5","43.4","27.5","0.29","-0.2","-0.34","N/A","N/A","N/A","20-23-0","0.465"
"4905","Andromeda One","752","83.4","1568","1605","19.1","43.3","21.1","-0.03","-0.18","-0.34","2026mil","Milstein Division","8","28-23-0","0.549"
"2202","BEAST Robotics","753","83.4","1568","1605","18.4","38.1","26.9","0.3","-0.25","-0.34","N/A","N/A","N/A","27-18-2","0.596"
"6077","Wiking Kujon","754","83.2","1568","1604","12.8","44.4","26","0.49","-0.23","-0.34","N/A","N/A","N/A","15-15-0","0.500"
"3452","GreengineerZ","755","83.1","1568","1604","15.7","43.5","23.9","0.44","-0.1","-0.34","N/A","N/A","N/A","19-22-0","0.463"
"1561","Roboducks","756","83.1","1568","1604","23.5","44.5","15.1","0.51","-0.23","-0.34","N/A","N/A","N/A","15-12-0","0.556"
"702","Bagel Bytes","757","83","1567","1604","12.7","46.9","23.4","0.35","-0.17","-0.34","N/A","N/A","N/A","14-15-0","0.483"
"2183","Tigerbots","758","82.9","1567","1604","16.9","44.7","21.4","0.53","-0.17","-0.34","N/A","N/A","N/A","18-18-0","0.500"
"4952","Les Carnicas","759","82.6","1567","1603","15.2","50","17.5","0.44","-0.23","-0.34","N/A","N/A","N/A","8-6-0","0.571"
"6391","Ursuline Bearbotics","760","82.4","1566","1602","18.4","44.8","19.2","0.17","-0.21","-0.34","2026dal","Daly Division","8","26-14-0","0.650"
"5410","Eaglebotics","761","82.3","1566","1602","16.6","42.6","23.1","0.37","-0.08","-0.34","N/A","N/A","N/A","19-18-0","0.514"
"2537","Space RAIDers","762","82.1","1566","1602","18.6","44.8","18.7","0.3","-0.13","-0.34","N/A","N/A","N/A","29-19-0","0.604"
"1592","Bionic Tigers","763","82.1","1566","1601","10.6","52.1","19.4","0.43","-0.23","-0.34","N/A","N/A","N/A","10-13-0","0.435"
"2509","Tigerbots","764","82","1566","1601","14.8","45.2","22","0.61","-0.15","-0.34","N/A","N/A","N/A","12-11-0","0.522"
"5112","The Gongoliers","765","82","1566","1601","20.3","38.5","23.2","0.43","-0.07","-0.34","N/A","N/A","N/A","19-24-0","0.442"
"5817","Uni-Rex","766","82","1566","1601","22.9","28.4","30.7","0.26","-0.05","-0.34","N/A","N/A","N/A","23-22-0","0.511"
"4253","Raid Zero","767","82","1566","1601","14.7","43.7","23.6","-0.06","-0.23","-0.34","2026new","Newton Division","8","11-21-1","0.348"
"3408","cyberCubs","768","81.9","1566","1601","15.2","50.6","16.1","0.32","-0.14","-0.34","N/A","N/A","N/A","18-22-0","0.450"
"4534","Wired Wizards","769","81.7","1565","1601","16.3","47.7","17.7","0.29","-0.18","-0.34","N/A","N/A","N/A","33-17-0","0.660"
"5032","The Falcons","770","81.7","1565","1600","18.5","42.2","21","0.25","-0.09","-0.34","N/A","N/A","N/A","24-20-1","0.544"
"8280","K9.0 Robotics","771","81.6","1565","1600","9.1","48.6","24","0.27","-0.09","-0.34","2026cur","Curie Division","8","40-24-0","0.625"
"8033","Highlander Robotics","772","81.6","1565","1600","19.1","38.7","23.8","0.25","-0.02","-0.34","N/A","N/A","N/A","22-20-0","0.524"
"467","Center of Mass","773","81.5","1565","1600","16.8","39.9","24.9","0.22","-0.14","-0.34","N/A","N/A","N/A","12-30-0","0.286"
"1802","Team Stealth","774","81.4","1565","1600","19.9","45","16.5","0.38","-0.24","-0.34","N/A","N/A","N/A","14-12-0","0.538"
"6184","C4 (Capital City Chaotic Co...","775","81.4","1565","1600","6.9","52.5","22","0.36","-0.17","-0.34","N/A","N/A","N/A","12-12-0","0.500"
"1740","Cyber Colonels","776","81.2","1564","1599","9.2","51.7","20.3","0.47","-0.11","-0.34","N/A","N/A","N/A","11-19-0","0.367"
"2826","Wave Robotics","777","81.1","1564","1599","14.5","47.3","19.3","-0.02","-0.15","-0.34","2026arc","Archimedes Division","8","24-27-0","0.471"
"2710","JetStream","778","81","1564","1599","22.3","46.3","12.4","0.26","-0.15","-0.34","N/A","N/A","N/A","19-21-0","0.475"
"2530","Inconceivable","779","81","1564","1599","17.6","42.9","20.5","0.26","-0.24","-0.34","2026dal","Daly Division","8","22-16-0","0.579"
"4744","Ninjas","780","81","1564","1599","30.4","35.2","15.4","0.37","-0.03","-0.34","N/A","N/A","N/A","0-0-0","0.000"
"172","Northern Force","781","81","1564","1598","16.6","44","20.4","0.21","-0.13","-0.34","N/A","N/A","N/A","23-20-0","0.535"
"2637","Phantom Catz","782","80.9","1564","1598","25.4","34.7","20.8","0.17","-0.04","-0.34","2026cur","Curie Division","8","36-23-0","0.610"
"6429","4th Dimension","783","80.9","1564","1598","17.7","45.4","17.8","0.1","-0.08","-0.34","2026gal","Galileo Division","8","11-11-0","0.500"
"8234","Panthinators","784","80.9","1564","1598","18.2","44.4","18.3","0.39","-0.23","-0.34","N/A","N/A","N/A","12-10-0","0.545"
"4013","Clockwork Mania","785","80.7","1564","1598","14.4","46.3","20.1","0.53","-0.24","-0.34","N/A","N/A","N/A","15-11-0","0.577"
"8728","Argonauts","786","80.6","1563","1598","15.3","46.1","19.3","0.41","-0.05","-0.34","N/A","N/A","N/A","15-16-0","0.484"
"858","Demons Robotics","787","80.5","1563","1597","9.8","51.7","18.9","0.37","-0.08","-0.34","N/A","N/A","N/A","22-25-0","0.468"
"178","The 2nd Law Enforcers","788","80.4","1563","1597","16.3","45.9","18.2","0.16","-0.08","-0.23","N/A","N/A","N/A","22-21-0","0.512"
"10903","The Ionizers","789","80.4","1563","1597","18.5","41.4","20.5","0.17","-0.05","-0.34","2026new","Newton Division","8","16-20-0","0.444"
"3663","CPR - Cedar Park Robotics","790","80.3","1563","1597","26.7","43.9","9.7","0.25","-0.01","-0.34","N/A","N/A","N/A","25-21-0","0.543"
"5402","Wreckless Robotics","791","80.2","1563","1596","15.7","48.6","15.9","0.21","-0.06","-0.34","N/A","N/A","N/A","25-18-0","0.581"
"1160","Titanium Robotics","792","80.1","1562","1596","8","47.8","24.3","0.37","-0.12","-0.34","N/A","N/A","N/A","23-20-0","0.535"
"244","RoboDawgs 3D","793","80","1562","1596","10.1","46.5","23.4","0.23","0.01","-0.34","N/A","N/A","N/A","24-29-1","0.454"
"3770","BlitzCreek","794","79.9","1562","1596","24.2","35.4","20.4","-0.17","-0.25","-0.19","2026joh","Johnson Division","8","27-26-0","0.509"
"1126","SPARX","795","79.9","1562","1596","12.2","42.4","25.4","0.37","-0.23","-0.34","N/A","N/A","N/A","15-6-0","0.714"
"5716","PrepaTec - Keybot","796","79.9","1562","1596","13.1","44.9","21.9","0.4","-0.12","-0.34","N/A","N/A","N/A","9-4-0","0.692"
"7725","PrepaTec - NUTS & VOLTS","797","79.7","1562","1595","16.2","40.6","22.9","0.39","-0.17","-0.34","N/A","N/A","N/A","12-12-1","0.500"
"2438","'Iobotics","798","79.6","1562","1595","12.1","47.3","20.1","0.3","-0.17","-0.34","N/A","N/A","N/A","17-12-0","0.586"
"9277","Sparkans","799","79.5","1561","1595","12.6","41.9","25","0.08","-0.24","-0.34","2026joh","Johnson Division","8","13-22-0","0.371"
"4786","Nicolet FEAR","800","79.4","1561","1594","18.3","41.1","19.9","0.02","-0.18","-0.34","2026cur","Curie Division","8","37-23-0","0.617"
"353","POBots","801","79.4","1561","1594","21.4","35.7","22.2","0.16","-0.25","-0.34","2026mil","Milstein Division","8","19-13-0","0.594"
"302","The Dragons","802","79.4","1561","1594","14.8","54.9","9.7","-0.11","-0.07","-0.34","2026cur","Curie Division","8","32-27-0","0.542"
"3616","Team Phenomena","803","79.4","1561","1594","20.2","40.2","19","0.44","-0.16","-0.34","N/A","N/A","N/A","12-13-0","0.480"
"9085","SESI SENAI MEGA HARPY","804","79.3","1561","1594","7.9","47","24.3","0.54","-0.23","-0.34","N/A","N/A","N/A","15-10-0","0.600"
"857","Superior Roboworks","805","79.2","1561","1594","17.5","41.8","20","0.53","-0.23","-0.34","N/A","N/A","N/A","17-12-0","0.586"
"379","The RoboCats","806","79.2","1561","1594","8.5","47","23.8","0.35","-0.17","-0.34","N/A","N/A","N/A","11-10-0","0.524"
"4500","RoboHounds","807","79.2","1561","1594","20.5","44.4","14.4","0.37","-0.15","-0.34","N/A","N/A","N/A","18-11-0","0.621"
"10553","Orange Overdrive","808","79.2","1561","1594","23.9","34.7","20.6","-0.04","-0.17","-0.34","2026new","Newton Division","8","30-26-2","0.534"
"4917","Sir Lancerbot","809","79.2","1561","1594","21.1","45.6","12.5","0.21","-0.14","-0.34","N/A","N/A","N/A","20-22-0","0.476"
"7127","LongMetal Robotics","810","79.1","1561","1593","10.3","44.4","24.3","0.46","-0.15","-0.34","N/A","N/A","N/A","25-20-0","0.556"
"4926","GalacTech","811","79","1561","1593","23.2","38","17.9","0.15","-0.07","-0.34","N/A","N/A","N/A","20-25-0","0.444"
"5638","JukeBots","812","79","1561","1593","9.4","48.2","21.4","0.51","-0.23","-0.34","N/A","N/A","N/A","7-6-0","0.538"
"2648","Infinite Loop","813","79","1560","1593","9.8","50.6","18.7","0.19","-0.12","-0.34","N/A","N/A","N/A","21-22-0","0.488"
"288","The RoboDawgs","814","78.9","1560","1593","13.6","42.1","23.3","0.32","-0.1","-0.34","N/A","N/A","N/A","27-24-0","0.529"
"2603","Steel Stingers","815","78.9","1560","1593","13.8","42.8","22.3","0.3","-0.17","-0.34","N/A","N/A","N/A","12-14-1","0.463"
"348","Norwell Robotics","816","78.9","1560","1593","11.4","35.7","31.8","0.15","0.01","-0.34","N/A","N/A","N/A","33-30-0","0.524"
"862","Lightning Robotics","817","78.7","1560","1592","10.1","39.5","29","0.15","-0.15","-0.34","N/A","N/A","N/A","32-35-1","0.478"
"6695","GalvaKnights","818","78.6","1560","1592","11.9","48.3","18.4","0.16","0.07","-0.34","N/A","N/A","N/A","18-26-0","0.409"
"9047","TECHMAKER ROBOTICS","819","78.6","1560","1592","17","42.6","19","0.51","-0.23","-0.34","N/A","N/A","N/A","16-9-0","0.640"
"5801","CTC Inspire","820","78.5","1560","1592","9.4","44.2","24.9","0.29","-0.2","-0.34","2026arc","Archimedes Division","8","20-21-0","0.488"
"11227","Goose Goose Duck","821","78.4","1559","1592","11.7","48.5","18.2","0.13","-0.01","-0.34","N/A","N/A","N/A","15-25-0","0.375"
"8324","MECO Robotics","822","78.4","1559","1592","15.3","49.8","13.3","0.33","-0.23","-0.34","N/A","N/A","N/A","13-12-0","0.520"
"342","Burning Magnetos","823","78.2","1559","1591","8.5","42.3","27.4","0.25","-0.24","-0.34","N/A","N/A","N/A","30-18-0","0.625"
"7045","MCCrusaders","824","78.2","1559","1591","17.8","45.6","14.9","0.22","-0.14","-0.34","N/A","N/A","N/A","27-18-0","0.600"
"4472","SuperNOVA","825","78.2","1559","1591","12.6","42.6","23","0.25","-0.12","-0.34","N/A","N/A","N/A","23-20-0","0.535"
"6498","Castle Robotics","826","78","1559","1591","20.5","33","24.5","0.22","-0.19","-0.34","N/A","N/A","N/A","22-23-0","0.489"
"10202","NOVATRON","827","77.6","1558","1589","15.3","44.3","18","0.33","-0.24","-0.34","N/A","N/A","N/A","13-12-0","0.520"
"2704","Roaring Robotics","828","77.6","1558","1589","9.9","51.5","16.2","0.23","-0.23","-0.34","2026joh","Johnson Division","8","10-24-0","0.294"
"3950","RoboGym Robotics","829","77.5","1558","1589","21.2","42.3","14.1","0.43","-0.13","-0.34","N/A","N/A","N/A","11-13-0","0.458"
"9674","Trojan Power Robotics","830","77.4","1558","1589","16.1","36.9","24.3","0.46","-0.24","-0.34","N/A","N/A","N/A","12-16-0","0.429"
"93","NEW Apple Corps","831","77.3","1558","1589","12.3","40.5","24.5","0.11","-0.19","-0.34","N/A","N/A","N/A","27-19-0","0.587"
"5534","Onaway Onabots","832","77.2","1557","1589","16.4","40.1","20.7","0.06","-0.09","-0.34","2026dal","Daly Division","8","35-25-0","0.583"
"4381","Twisted Devils","833","77.2","1557","1588","17.7","42.8","16.7","0.2","0","-0.34","N/A","N/A","N/A","22-22-0","0.500"
"5635","Demacia","834","77.2","1557","1588","16.8","41.2","19.1","0.22","-0.21","-0.33","N/A","N/A","N/A","0-0-0","0.000"
"1310","Runnymede Robotics","835","77.2","1557","1588","25.9","28.7","22.6","0.13","-0.01","-0.27","N/A","N/A","N/A","20-26-0","0.435"
"3561","RoboRaiders","836","76.9","1557","1588","9.2","41.6","26.1","0.06","-0.15","-0.34","N/A","N/A","N/A","22-21-0","0.512"
"2771","Code Red Robotics the Stray...","837","76.7","1556","1587","7.8","49.2","19.7","0.41","-0.24","-0.34","N/A","N/A","N/A","16-12-0","0.571"
"6740","G3 - Glue Gun & Glitter","838","76.7","1556","1587","16.7","41","19","0.22","-0.21","-0.33","N/A","N/A","N/A","0-0-0","0.000"
"5892","Energy HEROs","839","76.6","1556","1587","14.9","45.9","15.8","0.34","-0.06","-0.34","N/A","N/A","N/A","21-23-0","0.477"
"9562","Royal Robotics","840","76.5","1556","1587","12.2","33.4","31","0.23","-0.02","-0.34","N/A","N/A","N/A","19-28-0","0.404"
"4944","The Hi Fives","841","76.5","1556","1586","4.8","48","23.7","0.41","-0.01","-0.24","N/A","N/A","N/A","16-14-0","0.533"
"11493","Pixel Knights","842","76.5","1556","1586","15","39.7","21.8","0.01","-0.12","-0.34","2026hop","Hopper Division","8","24-26-0","0.480"
"3419","RoHawks","843","76.4","1556","1586","16.2","38.9","21.3","-0.06","-0.24","-0.34","2026mil","Milstein Division","8","21-17-0","0.553"
"237","Black Magic Robotics","844","76.3","1556","1586","14.7","44.4","17.2","0.31","-0.08","-0.34","N/A","N/A","N/A","13-16-0","0.448"
"3184","Blaze Robotics","845","76.3","1556","1586","3.8","46","26.4","0.38","-0.12","-0.34","N/A","N/A","N/A","16-14-0","0.533"
"333","MEGALODONS","846","76.2","1555","1586","15.8","40.1","20.3","0.27","-0.17","-0.34","N/A","N/A","N/A","14-12-0","0.538"
"4159","CardinalBotics","847","76.1","1555","1586","11.5","46","18.6","0.31","-0.24","-0.34","N/A","N/A","N/A","12-14-0","0.462"
"7130","Future Shock","848","76.1","1555","1585","17.7","38.4","19.9","0.44","-0.23","-0.34","N/A","N/A","N/A","8-5-0","0.615"
"3739","Oakbotics","849","76","1555","1585","11.3","42.2","22.6","0.23","-0.02","-0.34","N/A","N/A","N/A","26-20-0","0.565"
"6424","Stealth Panther Robotics","850","76","1555","1585","11.4","48.8","15.9","0.51","-0.24","-0.34","N/A","N/A","N/A","25-17-0","0.595"
"3481","Bronc Botz","851","75.9","1555","1585","16.6","36.8","22.5","0.16","-0.08","-0.34","N/A","N/A","N/A","23-22-0","0.511"
"4320","The Joker","852","75.9","1555","1585","16.6","40.5","18.8","0.22","-0.21","-0.33","N/A","N/A","N/A","0-0-0","0.000"
"5533","Electric Horse Power","853","75.8","1555","1585","14","39.5","22.4","0.25","-0.1","-0.34","N/A","N/A","N/A","23-21-0","0.523"
"7567","SESI SENAI OCTOPUS","854","75.8","1555","1585","8.9","40.2","26.8","0.24","-0.26","-0.34","2026cur","Curie Division","8","17-18-0","0.486"
"8727","Glitch 2.0","855","75.8","1555","1585","10.1","42.9","22.8","0.16","-0.18","-0.34","N/A","N/A","N/A","32-17-0","0.653"
"1287","Aluminum Assault","856","75.7","1555","1585","20.4","39.2","16.2","0.13","-0.22","-0.34","2026hop","Hopper Division","8","43-16-0","0.729"
"9036","Ramen Robotics","857","75.6","1555","1584","16.8","39.2","19.7","0.5","-0.24","-0.34","N/A","N/A","N/A","12-16-0","0.429"
"1389","The Body Electric","858","75.5","1554","1584","12.6","43.7","19.3","0.15","-0.07","-0.34","N/A","N/A","N/A","17-23-0","0.425"
"6364","Ten Ton","859","75.5","1554","1584","9.5","40.3","25.7","0.25","-0.23","-0.34","N/A","N/A","N/A","19-11-0","0.633"
"173","RAGE Robotics ⚙️","860","75.5","1554","1584","15","39.6","20.9","0.18","-0.14","-0.34","N/A","N/A","N/A","21-23-0","0.477"
"4976","Revolt Robotics","861","75.5","1554","1584","14.8","46.6","14","0.36","-0.1","-0.34","N/A","N/A","N/A","21-23-0","0.477"
"1601","Quantum Samurai","862","75.4","1554","1584","15.3","39.9","20.2","0.39","-0.23","-0.34","N/A","N/A","N/A","15-11-0","0.577"
"2823","The Automatons","863","75.4","1554","1584","15.5","41.6","18.3","0.46","-0.23","-0.34","N/A","N/A","N/A","16-11-0","0.593"
"4972","BORUSAN ROBOTICS","864","75.3","1554","1583","9.6","47.7","18","0.41","-0.23","-0.34","N/A","N/A","N/A","5-5-0","0.500"
"7546","Prepa Tec - MinerZ","865","75.3","1554","1583","15.2","38.1","22","0.5","-0.24","-0.34","N/A","N/A","N/A","14-10-0","0.583"
"6637","BetaWolves","866","75.2","1554","1583","16.6","49.4","9.2","0.29","-0.05","-0.34","N/A","N/A","N/A","22-20-0","0.524"
"8397","Astrobots","867","75.2","1554","1583","15.2","36.5","23.5","0.17","0.05","-0.34","N/A","N/A","N/A","25-24-0","0.510"
"9119","Iron Legends","868","75.1","1554","1583","10.4","43.3","21.4","0.1","-0.12","-0.34","N/A","N/A","N/A","21-21-0","0.500"
"8866","Innovation Robotics","869","75.1","1554","1583","20.7","37.8","16.6","0.13","-0.12","-0.34","N/A","N/A","N/A","19-26-0","0.422"
"10479","Powerhouse","870","75.1","1554","1583","11.6","47.9","15.6","0.43","-0.17","-0.34","N/A","N/A","N/A","13-9-0","0.591"
"10935","Krono","871","74.9","1553","1582","13.3","53.2","8.3","-0.09","0.03","-0.34","2026new","Newton Division","8","3-7-0","0.300"
"6114","Hamilton CyberHawks","872","74.8","1553","1582","10.9","41.3","22.6","0.22","-0.17","-0.34","N/A","N/A","N/A","14-17-0","0.452"
"6753","CBA RoboKings","873","74.8","1553","1582","6.2","46.6","22","0.38","-0.09","-0.34","N/A","N/A","N/A","23-22-0","0.511"
"369","High Voltage Robotics","874","74.8","1553","1582","13.1","45.3","16.3","0.46","-0.16","-0.34","N/A","N/A","N/A","9-12-1","0.432"
"334","TechKnights","875","74.7","1553","1582","18.2","39.8","16.7","0.11","-0.28","-0.34","2026joh","Johnson Division","8","16-18-0","0.471"
"1148","Harvard Westlake Robotics","876","74.7","1553","1582","11.8","44.9","17.9","0.08","-0.11","-0.34","N/A","N/A","N/A","23-23-0","0.500"
"5012","Gryffingear","877","74.7","1553","1582","21.6","36.8","16.3","0.29","-0.18","-0.34","N/A","N/A","N/A","9-19-0","0.321"
"5708","Zebrotics","878","74.6","1553","1582","11.3","39.6","23.8","0.4","-0.17","-0.34","N/A","N/A","N/A","14-17-0","0.452"
"6934","Scorps","879","74.6","1553","1582","11.6","36.2","26.9","0.35","-0.18","-0.34","N/A","N/A","N/A","13-15-0","0.464"
"2386","Trojans","880","74.6","1553","1582","19.4","35.3","19.9","0.19","-0.06","-0.27","N/A","N/A","N/A","19-22-0","0.463"
"1708","AMP'D Robotics","881","74.4","1552","1581","8.8","45.7","20","0.51","-0.23","-0.34","N/A","N/A","N/A","9-15-0","0.375"
"8114","Rocketeers","882","74.4","1552","1581","8","37.9","28.4","-0.03","-0.13","-0.34","N/A","N/A","N/A","16-24-0","0.400"
"810","The Mechanical Bulls","883","74.4","1552","1581","19.9","36.5","18","0.49","-0.16","-0.34","N/A","N/A","N/A","10-10-0","0.500"
"6619","GravitechX","884","74.3","1552","1581","13.7","45.5","15.1","0.44","-0.24","-0.34","N/A","N/A","N/A","13-15-0","0.464"
"2861","Infinity's End","885","74.2","1552","1581","12","44.4","17.8","0.49","-0.18","-0.34","N/A","N/A","N/A","16-14-0","0.533"
"7119","Sunset RoboBison","886","74.2","1552","1581","9.5","44.2","20.5","0.25","-0.11","-0.34","N/A","N/A","N/A","14-17-0","0.452"
"2928","Viking Robotics","887","74.2","1552","1580","25.2","37.9","11","0.43","-0.24","-0.34","N/A","N/A","N/A","13-17-0","0.433"
"2976","The Spartabots","888","74.1","1552","1580","12.6","42.2","19.4","0.08","-0.1","-0.34","N/A","N/A","N/A","16-22-0","0.421"
"4175","Coded Summit","889","74.1","1552","1580","14.2","43.6","16.3","0.35","-0.24","-0.34","N/A","N/A","N/A","12-13-1","0.481"
"4121","Viking  Robotics","890","73.9","1551","1580","13.1","39.7","21.1","0.35","-0.13","-0.34","N/A","N/A","N/A","13-15-0","0.464"
"9134","Tecmilenio - DEVOLT","891","73.8","1551","1580","12.1","44.2","17.6","0.39","-0.24","-0.34","N/A","N/A","N/A","15-13-0","0.536"
"1807","Redbird Robotics","892","73.8","1551","1579","22.7","28.1","23","-0.09","-0.01","-0.34","2026new","Newton Division","8","29-28-0","0.509"
"1072","Harker Robotics","893","73.6","1551","1579","20.3","35.9","17.4","0.27","-0.09","-0.34","N/A","N/A","N/A","25-18-0","0.581"
"2890","The Hawk Collective","894","73.6","1551","1579","14.3","34.8","24.5","0.01","-0.18","-0.34","N/A","N/A","N/A","23-20-0","0.535"
"706","Cyberhawks","895","73.6","1551","1579","10.3","36.4","27","0.08","-0.06","-0.34","N/A","N/A","N/A","21-26-0","0.447"
"231","High Voltage","896","73.6","1551","1579","12.9","45.9","14.8","0.34","-0.21","-0.34","N/A","N/A","N/A","24-19-0","0.558"
"5449","Prototype","897","73.5","1551","1579","16.2","44.5","12.8","0.47","-0.22","-0.34","N/A","N/A","N/A","4-5-0","0.444"
"8810","The Alphabots","898","73.4","1551","1578","15.7","38.9","18.8","0.13","-0.01","-0.34","N/A","N/A","N/A","6-5-0","0.545"
"10070","Ghost Bots","899","73.4","1551","1578","22.9","34.8","15.6","-0.01","0.04","-0.34","N/A","N/A","N/A","18-24-0","0.429"
"5181","Explorer Robotics","900","73.4","1550","1578","20.3","30.1","23","0.1","-0.19","-0.34","2026cmptx","FIRST Championship - FIRST Robotics Competition","8","43-29-0","0.597"
"3357","COMETS","901","73.2","1550","1578","10.5","41.5","21.3","0.24","-0.1","-0.34","N/A","N/A","N/A","23-20-0","0.535"
"2926","Robo Sparks","902","73.1","1550","1578","12.5","42.4","18.3","0.19","-0.09","-0.34","N/A","N/A","N/A","22-21-0","0.512"
"175","Buzz Robotics","903","73","1550","1577","16.4","35","21.5","0.19","-0.05","-0.34","N/A","N/A","N/A","22-22-0","0.500"
"4004","M.A.R.S. Rovers","904","72.9","1550","1577","9.9","45.7","17.3","0.4","-0.23","-0.34","N/A","N/A","N/A","14-16-0","0.467"
"447","Team Roboto","905","72.8","1549","1577","12","37.2","23.5","0.14","-0.19","-0.34","N/A","N/A","N/A","26-19-0","0.578"
"4828","RoboEagles","906","72.7","1549","1576","19.2","35.2","18.3","0.01","-0.18","-0.34","N/A","N/A","N/A","24-21-0","0.533"
"554","The Blue Grease Crew","907","72.6","1549","1576","11.2","48.1","13.4","0.27","-0.02","-0.34","N/A","N/A","N/A","6-4-0","0.600"
"2264","Trojan Robotics","908","72.6","1549","1576","20.3","33.9","18.4","0.41","-0.23","-0.34","N/A","N/A","N/A","7-6-0","0.538"
"4533","Phoenix","909","72.6","1549","1576","18","38.9","15.7","-0.02","-0.24","-0.34","N/A","N/A","N/A","20-25-0","0.444"
"9175","BrainMachine-FRC","910","72.6","1549","1576","16.4","37","19.2","0.47","-0.29","-0.34","2026dal","Daly Division","8","28-15-0","0.651"
"7072","O.G.R.E. (Opelika's Greates...","911","72.6","1549","1576","10.9","40.6","21.1","0.41","-0.23","-0.34","N/A","N/A","N/A","10-9-0","0.526"
"1746","Team OTTO","912","72.5","1549","1576","13.7","44.7","14.1","0.21","-0.19","-0.34","N/A","N/A","N/A","19-23-0","0.452"
"7790","Baywatch Robotics","913","72.4","1549","1576","10.9","41.1","20.4","0.59","-0.23","-0.34","N/A","N/A","N/A","17-11-0","0.607"
"967","Iron Lions","914","72.3","1549","1575","9.9","45.2","17.2","0.44","-0.23","-0.34","N/A","N/A","N/A","11-12-0","0.478"
"3504","Girls of Steel","915","72.3","1549","1575","11.3","37.4","23.6","0.31","-0.07","-0.34","N/A","N/A","N/A","12-8-0","0.600"
"2854","The Prototypes","916","72.3","1548","1575","11.9","45.9","14.5","0.43","-0.24","-0.34","N/A","N/A","N/A","11-18-0","0.379"
"2028","Phantom Robotics","917","72.2","1548","1575","6.7","48.1","17.5","0.45","-0.24","-0.34","N/A","N/A","N/A","15-11-1","0.574"
"5261","Cyber Shock","918","72.1","1548","1575","10.3","40.6","21.3","0.16","-0.1","-0.34","N/A","N/A","N/A","15-26-0","0.366"
"8248","ChainLynx","919","72","1548","1574","13.7","35","23.3","0.31","0.03","-0.34","N/A","N/A","N/A","19-22-0","0.463"
"7211","Hollywood","920","71.9","1548","1574","7.8","42.4","21.7","0.36","-0.17","-0.34","N/A","N/A","N/A","17-14-0","0.548"
"3688","Norsemen","921","71.9","1548","1574","18.4","27.8","25.7","0.21","-0.13","-0.34","N/A","N/A","N/A","18-25-0","0.419"
"11283","Melrose Gear Grinders","922","71.7","1547","1574","5.8","38.1","27.8","0.25","-0.23","-0.34","N/A","N/A","N/A","8-3-0","0.727"
"436","Purple Rain","923","71.6","1547","1574","17.5","33.3","20.8","0.4","-0.24","-0.34","N/A","N/A","N/A","19-12-0","0.613"
"5458","Digital Minds","924","71.5","1547","1573","13.3","36.4","21.9","0.25","-0.16","-0.34","N/A","N/A","N/A","12-15-1","0.446"
"4688","Saints Bot","925","71.5","1547","1573","16.7","37.8","17","0.17","-0.09","-0.34","N/A","N/A","N/A","17-24-0","0.415"
"1683","Techno Titans","926","71.4","1547","1573","17.6","38.9","15","0.24","-0.19","-0.34","N/A","N/A","N/A","29-17-1","0.628"
"10988","Desert Storm","927","71.4","1547","1573","9.7","44.6","17.1","0.21","-0.12","-0.34","N/A","N/A","N/A","12-10-0","0.545"
"5667","The Digital Eagles","928","71.4","1547","1573","18.3","37.5","15.6","0.41","-0.17","-0.34","N/A","N/A","N/A","9-12-0","0.429"
"7782","Wolverine Circuit Breakers","929","71.3","1547","1573","11.7","38.8","20.8","0.34","-0.17","-0.34","N/A","N/A","N/A","11-17-0","0.393"
"2342","Team Phoenix","930","71.3","1547","1573","11.1","36.5","23.7","0.29","-0.08","-0.34","N/A","N/A","N/A","12-18-0","0.400"
"5962","perSEVERE","931","71.3","1547","1573","16.8","36.4","18.1","0.21","0.01","-0.34","N/A","N/A","N/A","21-22-0","0.488"
"3065","Jatt High School","932","71.2","1547","1573","15.5","38","17.7","0.21","-0.21","-0.33","N/A","N/A","N/A","0-0-0","0.000"
"5115","Knight Riders","933","71.2","1547","1572","13.6","41.3","16.3","0.37","-0.07","-0.34","N/A","N/A","N/A","15-15-0","0.500"
"6421","WarriorBots","934","71.1","1546","1572","11.7","34.8","24.6","0.15","-0.25","-0.34","N/A","N/A","N/A","28-21-1","0.570"
"781","Kinetic Knights","935","71","1546","1572","14.3","31","25.8","0.18","-0.14","-0.34","N/A","N/A","N/A","22-22-0","0.500"
"4778","Stormbots","936","71","1546","1572","11.7","40.3","19","0.5","-0.23","-0.34","N/A","N/A","N/A","19-9-0","0.679"
"365","Miracle Workerz","937","70.9","1546","1572","13.4","38","19.5","0.15","-0.07","-0.34","N/A","N/A","N/A","18-23-0","0.439"
"6998","Unipards","938","70.9","1546","1572","12","38.4","20.5","0.06","-0.16","-0.34","2026dal","Daly Division","8","13-11-0","0.542"
"558","Elm City Robo Squad","939","70.8","1546","1571","15.8","33.9","21.1","0.28","-0.15","-0.34","N/A","N/A","N/A","18-24-0","0.429"
"7918","ReCuRsIoN","940","70.7","1546","1571","12","40.3","18.4","0.16","-0.24","-0.34","N/A","N/A","N/A","27-20-0","0.574"
"10219","Bathtub Chickens","941","70.7","1546","1571","14.3","36.4","19.9","0.22","-0.1","-0.34","N/A","N/A","N/A","8-14-0","0.364"
"75","RoboRaiders","942","70.6","1546","1571","13.5","35.3","21.9","0.17","-0.19","-0.34","N/A","N/A","N/A","19-22-0","0.463"
"4504","B. C. Robotics","943","70.6","1546","1571","11.6","42.1","16.9","0.31","-0.11","-0.34","N/A","N/A","N/A","14-11-0","0.560"
"4687","Spartobots","944","70.6","1546","1571","10.9","44","15.8","0.32","-0.23","-0.34","N/A","N/A","N/A","12-12-0","0.500"
"8096","Cache Money","945","70.6","1545","1571","14.3","41.8","14.5","0.43","-0.24","-0.34","N/A","N/A","N/A","14-14-0","0.500"
"6639","The Mechanical Minds","946","70.5","1545","1571","15.7","37.6","17.2","-0.14","-0.23","-0.34","2026hop","Hopper Division","8","25-28-0","0.472"
"1648","G3 Robotics","947","70.5","1545","1571","18.4","37","15.1","-0.14","-0.14","-0.34","2026arc","Archimedes Division","8","46-30-1","0.604"
"281","The GreenVillains","948","70.4","1545","1570","14","38.4","18.1","0.11","-0.24","-0.34","N/A","N/A","N/A","24-24-0","0.500"
"10589","Binary Crows","949","70.4","1545","1570","13.8","39.4","17.3","0.35","-0.23","-0.34","N/A","N/A","N/A","15-16-0","0.484"
"8080","Sequoyah High School Robotics","950","70.3","1545","1570","14.6","42.2","13.5","0.16","-0.26","-0.34","N/A","N/A","N/A","28-20-0","0.583"
"11328","SIA","951","70.3","1545","1570","15.1","41","14.2","0.11","-0.12","-0.34","N/A","N/A","N/A","5-5-0","0.500"
"977","Cometbots","952","70.3","1545","1570","8.5","46.6","15.3","0.21","-0.17","-0.34","N/A","N/A","N/A","12-17-0","0.414"
"6705","Wildcat5e","953","70.3","1545","1570","14","42","14.3","0.08","-0.19","-0.34","N/A","N/A","N/A","27-22-1","0.550"
"8793","Pumpkin Bots","954","70.2","1545","1570","24.7","27.9","17.6","0.17","0.16","-0.34","N/A","N/A","N/A","21-22-0","0.488"
"5126","Electromagnetic Panthers (EMP)","955","70.1","1545","1570","12.7","39.5","18","0.32","-0.23","-0.34","N/A","N/A","N/A","16-12-0","0.571"
"5715","DRC","956","70.1","1545","1570","15.3","37.4","17.4","0.2","-0.21","-0.33","N/A","N/A","N/A","0-0-0","0.000"
"4531","STEAMpunk","957","70","1545","1569","18.7","37.5","13.8","0.24","-0.25","-0.34","N/A","N/A","N/A","16-26-0","0.381"
"4576","Red Nation Robotics","958","70","1544","1569","11.4","39.8","18.8","0.38","-0.23","-0.34","N/A","N/A","N/A","14-11-0","0.560"
"6220","The Golden Griffins","959","69.9","1544","1569","13.6","38.7","17.5","0.3","-0.18","-0.34","N/A","N/A","N/A","18-24-0","0.429"
"3102","Tech-No-Tigers","960","69.9","1544","1569","15.7","36.8","17.4","0.27","-0.23","-0.34","N/A","N/A","N/A","15-12-0","0.556"
"2283","Panteras","961","69.9","1544","1569","17.8","42.2","9.9","0.4","-0.23","-0.34","N/A","N/A","N/A","9-6-0","0.600"
"6381","Red Raider Robotics","962","69.8","1544","1569","17","37.1","15.7","0.25","-0.18","-0.34","N/A","N/A","N/A","24-23-0","0.511"
"801","Horsepower","963","69.7","1544","1569","17.2","39.3","13.2","0.4","-0.23","-0.34","N/A","N/A","N/A","10-12-0","0.455"
"4810","I AM Robot","964","69.7","1544","1568","15.2","33.9","20.6","0.13","0.04","-0.34","N/A","N/A","N/A","20-21-0","0.488"
"11138","TEKNOROB","965","69.7","1544","1568","15.4","43.4","10.8","0.39","-0.13","-0.34","N/A","N/A","N/A","8-6-0","0.571"
"10666","Green MachineZ","966","69.7","1544","1568","9.7","35.8","24.2","0.2","-0.19","-0.34","N/A","N/A","N/A","22-23-0","0.489"
"10922","Amped","967","69.6","1544","1568","17.7","40.9","11.1","0.19","-0.27","-0.34","2026cur","Curie Division","8","27-17-0","0.614"
"4541","CAVineers","968","69.6","1544","1568","19.3","39.5","10.8","0.23","-0.12","-0.34","N/A","N/A","N/A","22-21-0","0.512"
"4456","Mech Cadets","969","69.5","1543","1568","9.2","45","15.3","0.25","-0.24","-0.34","N/A","N/A","N/A","12-16-0","0.429"
"6223","Arsenal of Engineering","970","69.4","1543","1568","14.9","44.9","9.5","0.25","-0.18","-0.34","N/A","N/A","N/A","24-21-1","0.533"
"5013","Trobots","971","69.3","1543","1567","15.5","36","17.8","0.4","-0.23","-0.34","N/A","N/A","N/A","11-15-0","0.423"
"7202","Cyber Orioles","972","69.3","1543","1567","10.9","42.4","16","0.47","-0.24","-0.34","N/A","N/A","N/A","15-14-0","0.517"
"10661","Blue Phoenix","973","69.2","1543","1567","7.6","38","23.6","0.51","-0.25","-0.24","N/A","N/A","N/A","19-20-0","0.487"
"7553","OSTC -  SWEET BOTS","974","69.2","1543","1567","7.3","40","21.8","0.52","-0.24","-0.34","N/A","N/A","N/A","16-14-0","0.533"
"7578","Quantum Mechanics","975","69.1","1543","1567","14.2","44.3","10.6","0.43","-0.23","-0.34","N/A","N/A","N/A","11-12-0","0.478"
"10413","Flux Robotics","976","69","1543","1567","10.1","38.8","20.1","0.45","-0.17","-0.34","N/A","N/A","N/A","12-12-0","0.500"
"8880","Terra Cyborg","977","69","1543","1567","13.7","38.9","16.4","0.56","-0.24","-0.34","N/A","N/A","N/A","15-13-0","0.536"
"812","The Midnight Mechanics","978","68.9","1543","1566","15.1","30.8","23","0.35","-0.2","-0.34","N/A","N/A","N/A","24-19-0","0.558"
"5414","Pearadox","979","68.9","1542","1566","23.2","27.9","17.8","-0.02","-0.16","-0.34","2026new","Newton Division","8","30-30-0","0.500"
"2345","Kearnage","980","68.9","1542","1566","9.5","39.2","20.1","0.45","-0.17","-0.34","N/A","N/A","N/A","12-12-0","0.500"
"1937","Elysium","981","68.9","1542","1566","15","36.8","17.1","0.2","-0.21","-0.33","N/A","N/A","N/A","0-0-0","0.000"
"456","Siege Robotics","982","68.6","1542","1566","14.5","34.4","19.7","0.41","-0.23","-0.34","N/A","N/A","N/A","9-13-0","0.409"
"5550","BRONChO BOTS","983","68.6","1542","1565","13.1","41.3","14.2","0.16","-0.15","-0.34","2026dal","Daly Division","8","19-19-0","0.500"
"9431","Snider Panthers- The Gold ...","984","68.5","1542","1565","11.8","40.9","15.9","0.21","-0.19","-0.34","N/A","N/A","N/A","21-20-0","0.512"
"7287","Esquimalt Atom Smashers","985","68.3","1541","1565","20.1","32.2","16","-0.12","-0.25","-0.34","2026hop","Hopper Division","8","10-10-0","0.500"
"4911","CyberKnights","986","68.3","1541","1565","15.8","38.4","14.1","0.33","-0.24","-0.34","N/A","N/A","N/A","12-18-0","0.400"
"1967","The Janksters","987","68","1541","1564","10.1","36.5","21.4","0.37","-0.12","-0.34","N/A","N/A","N/A","20-19-0","0.513"
"7195","Twin River Robotics","988","68","1541","1564","12.6","35.3","20.1","0.57","-0.24","-0.34","N/A","N/A","N/A","16-14-0","0.533"
"4422","Twisted Angels","989","67.9","1541","1564","12.8","35.1","20.1","0.22","-0.2","-0.27","N/A","N/A","N/A","26-18-0","0.591"
"7845","8BIT","990","67.8","1540","1563","14.8","36.2","16.8","0.2","-0.21","-0.33","N/A","N/A","N/A","0-0-0","0.000"
"6146","Blackjacks","991","67.6","1540","1563","15.7","34.5","17.3","0.34","-0.22","-0.34","N/A","N/A","N/A","7-5-0","0.583"
"6304","EAGLE","992","67.5","1540","1563","14.3","34.5","18.7","0.33","-0.23","-0.34","N/A","N/A","N/A","6-6-0","0.500"
"2363","Triple Helix Robotics","993","67.4","1540","1562","10.5","36.3","20.7","0.41","-0.23","-0.34","N/A","N/A","N/A","15-15-0","0.500"
"10262","Bionic Buzzers","994","67.4","1540","1562","7.5","43.8","16.1","0.42","-0.16","-0.34","N/A","N/A","N/A","16-12-0","0.571"
"358","Robotic Eagles","995","67.4","1540","1562","15.8","35","16.6","0.3","-0.07","-0.34","N/A","N/A","N/A","13-9-0","0.591"
"2423","The KwarQs","996","67.3","1540","1562","19.7","36.8","10.8","0.33","-0.08","-0.34","N/A","N/A","N/A","22-20-0","0.524"
"3996","RIKITIK","997","67.3","1540","1562","10.1","43.2","14","0.44","-0.23","-0.34","N/A","N/A","N/A","8-7-0","0.533"
"708","Hatters Robotics","998","67.2","1539","1562","11.5","34.2","21.5","0.14","-0.19","-0.34","N/A","N/A","N/A","31-29-0","0.517"
"343","Metal-In-Motion","999","67.2","1539","1562","11.9","37.7","17.6","-0.09","-0.24","-0.34","2026mil","Milstein Division","8","40-22-0","0.645"
"5665","FENERBAHÇE DOGUS SPARC","1000","67","1539","1561","16.2","34.8","16","0.19","-0.25","-0.34","2026arc","Archimedes Division","8","30-24-0","0.556"
"6081","Digital Dislocators","1001","66.9","1539","1561","17.3","31.1","18.5","0.45","-0.17","-0.34","N/A","N/A","N/A","13-16-0","0.448"
"303","The T.E.S.T. Team","1002","66.9","1539","1561","17","28","21.9","-0.11","-0.24","-0.34","2026dal","Daly Division","8","19-32-0","0.373"
"555","Montclair Robotics","1003","66.8","1539","1561","18.4","28","20.5","0.13","-0.02","-0.34","N/A","N/A","N/A","24-25-1","0.490"
"2175","The Fighting Calculators","1004","66.7","1539","1561","10.4","39.1","17.3","0.32","-0.23","-0.34","N/A","N/A","N/A","6-6-0","0.500"
"1056","Hot Rocks","1005","66.6","1538","1560","11.5","40.9","14.2","0.32","-0.15","-0.34","N/A","N/A","N/A","11-12-0","0.478"
"7692","Beach Bums  7692","1006","66.6","1538","1560","16.9","33","16.7","0.32","-0.24","-0.34","N/A","N/A","N/A","15-14-0","0.517"
"620","Warbots","1007","66.6","1538","1560","8.7","35.3","22.6","0.11","-0.18","-0.34","N/A","N/A","N/A","19-23-0","0.452"
"6868","Cadet Robotics","1008","66.5","1538","1560","12.1","36","18.5","0.25","-0.23","-0.34","N/A","N/A","N/A","4-7-0","0.364"
"8088","Bionic Panthers","1009","66.5","1538","1560","15.4","33.2","18","0","-0.19","-0.34","N/A","N/A","N/A","20-23-0","0.465"
"4192","Jaguar Robotics","1010","66.5","1538","1560","13.7","38.2","14.6","0.13","-0.13","-0.34","N/A","N/A","N/A","20-24-0","0.455"
"2876","DevilBotz","1011","66.4","1538","1560","15.3","29.3","21.9","0.19","-0.1","-0.34","N/A","N/A","N/A","20-24-0","0.455"
"4125","Confidential","1012","66.4","1538","1560","16.1","27.9","22.4","0.01","-0.14","-0.34","2026gal","Galileo Division","8","20-31-0","0.392"
"757","Crazy Train","1013","66.4","1538","1560","11.3","38.7","16.4","0.32","-0.16","-0.34","N/A","N/A","N/A","15-10-0","0.600"
"5472","The Wyld Stallyns","1014","66.4","1538","1560","11.8","35.6","19","0.39","-0.24","-0.34","N/A","N/A","N/A","17-21-0","0.447"
"5499","Bearium","1015","66.2","1538","1559","11.9","40.8","13.5","0.37","-0.16","-0.34","N/A","N/A","N/A","15-13-0","0.536"
"3492","Putnam Area Robotics Team (...","1016","66.2","1538","1559","22.3","27.3","16.6","0.3","-0.24","-0.34","2026mil","Milstein Division","8","24-13-0","0.649"
"6083","Overlooking","1017","66.1","1537","1559","1.9","43.3","20.9","0.33","-0.23","-0.34","N/A","N/A","N/A","9-4-0","0.692"
"4198","RoboCats","1018","66","1537","1559","9.2","43.1","13.8","0.35","-0.23","-0.34","N/A","N/A","N/A","7-15-0","0.318"
"223","Xtreme Heat","1019","66","1537","1559","6.9","36.6","22.5","0.09","-0.26","-0.34","N/A","N/A","N/A","21-21-0","0.500"
"2016","Mighty Monkey Wrenches","1020","66","1537","1559","10.6","36.4","19.1","0.15","-0.12","-0.34","N/A","N/A","N/A","21-22-0","0.488"
"7501","Golden Gears","1021","65.9","1537","1558","12.6","34.2","19.1","0.41","-0.23","-0.34","N/A","N/A","N/A","12-18-0","0.400"
"2443","Blue Thunder","1022","65.9","1537","1558","9.3","37.1","19.5","0.02","-0.15","-0.34","2026cur","Curie Division","8","25-15-0","0.625"
"5554","The Poros Robotics","1023","65.8","1537","1558","14.4","35.1","16.3","0.19","-0.21","-0.33","N/A","N/A","N/A","0-0-0","0.000"
"7111","RAD Robotics","1024","65.7","1537","1558","12.3","33.5","19.9","0.33","-0.23","-0.34","N/A","N/A","N/A","17-11-1","0.603"
"25","Raider Robotix","1025","65.6","1537","1558","12.7","32.6","20.4","-0.01","-0.19","-0.34","N/A","N/A","N/A","23-20-0","0.535"
"7541","Maple River","1026","65.5","1536","1557","22.1","32.8","10.7","0.41","-0.23","-0.34","N/A","N/A","N/A","6-7-0","0.462"
"7858","Warriors","1027","65.5","1536","1557","9.7","37.2","18.6","0.45","-0.23","-0.34","N/A","N/A","N/A","11-8-0","0.579"
"9110","SESI SENAI ATOMIIC","1028","65.4","1536","1557","18.5","30.2","16.8","0.25","-0.23","-0.24","N/A","N/A","N/A","13-13-0","0.500"
"1250","Gator-Bots","1029","65.3","1536","1557","6.3","37.9","21.1","0.23","-0.13","-0.34","N/A","N/A","N/A","10-18-0","0.357"
"151","Tough Techs","1030","65.2","1536","1557","17.8","25.3","22.2","0.23","-0.1","-0.34","N/A","N/A","N/A","19-24-0","0.442"
"931","Perpetual Chaos","1031","65.1","1536","1556","26.3","28.3","10.6","0.14","-0.21","-0.34","2026gal","Galileo Division","8","14-10-0","0.583"
"2791","Shaker Robotics","1032","65.1","1536","1556","14.6","40.8","9.7","0.28","-0.16","-0.34","N/A","N/A","N/A","10-8-0","0.556"
"4513","Circuit Breakers","1033","65.1","1536","1556","11.5","40.9","12.6","0.49","-0.23","-0.34","N/A","N/A","N/A","16-13-0","0.552"
"1860","Alphabots","1034","65","1535","1556","18.4","31.1","15.6","0.44","-0.23","-0.34","N/A","N/A","N/A","14-11-0","0.560"
"3329","Wildbots","1035","65","1535","1556","17.2","34","13.9","0.1","-0.25","-0.34","N/A","N/A","N/A","21-21-0","0.500"
"6479","AZTECH Robotics","1036","65","1535","1556","12.3","35","17.7","0.37","-0.16","-0.34","N/A","N/A","N/A","15-11-0","0.577"
"10063","S.C.R.A.P.","1037","65","1535","1556","10.9","31.9","22.2","0.05","-0.04","-0.34","N/A","N/A","N/A","21-22-0","0.488"
"4419","Team Rewind","1038","64.9","1535","1556","14.2","29.6","21.1","0.19","-0.09","-0.34","N/A","N/A","N/A","22-20-0","0.524"
"6722","LED Robotics","1039","64.8","1535","1556","7.4","37.5","20","0.23","-0.15","-0.34","N/A","N/A","N/A","8-12-0","0.400"
"5053","Lakers","1040","64.8","1535","1555","7.5","41","16.4","0.29","-0.24","-0.34","N/A","N/A","N/A","8-19-0","0.296"
"9003","TuTu Turtles","1041","64.8","1535","1555","10.5","38","16.3","0.23","-0.17","-0.34","N/A","N/A","N/A","14-16-0","0.467"
"2375","Dragon Robotics","1042","64.7","1535","1555","12","36","16.6","0.11","-0.13","-0.34","N/A","N/A","N/A","5-7-0","0.417"
"5171","Deus Ex Machina","1043","64.7","1535","1555","15.4","31.6","17.6","0.42","-0.11","-0.34","N/A","N/A","N/A","13-15-0","0.464"
"6128","M.O.T.O.R (More Than Our Ro...","1044","64.6","1535","1555","9","36","19.7","0.48","-0.24","-0.34","N/A","N/A","N/A","15-13-0","0.536"
"9624","Dynamiques 9624","1045","64.6","1535","1555","16.1","34.4","14.2","0.33","-0.23","-0.23","N/A","N/A","N/A","7-14-0","0.333"
"9600","X-Flare Robotics","1046","64.6","1535","1555","11.3","35.7","17.6","0.32","-0.11","-0.34","N/A","N/A","N/A","13-17-0","0.433"
"7504","CyBearBots","1047","64.5","1534","1555","8.4","39","17.1","0.2","-0.23","-0.34","N/A","N/A","N/A","13-7-1","0.643"
"4734","The Iron Plainsmen","1048","64.4","1534","1554","11.7","37.8","14.9","0","-0.12","-0.34","N/A","N/A","N/A","20-22-0","0.476"
"5439","Huskies","1049","64.4","1534","1554","17.8","31.8","14.7","0.43","-0.23","-0.34","N/A","N/A","N/A","9-6-0","0.600"
"5561","Raider Robotics","1050","64.2","1534","1554","10.5","37.7","16.1","0.35","-0.23","-0.34","N/A","N/A","N/A","18-13-0","0.581"
"11178","Revelation","1051","64.2","1534","1554","19.7","29.6","14.9","-0.08","-0.07","-0.34","2026dal","Daly Division","8","26-22-0","0.542"
"6996","Koalafied","1052","64.1","1534","1554","15.3","31.9","17","0.17","-0.23","-0.34","N/A","N/A","N/A","13-4-0","0.765"
"5690","SubZero Robotics","1053","64","1534","1553","12.9","35","16.1","0.49","-0.23","-0.34","N/A","N/A","N/A","13-13-0","0.500"
"2485","Overclocked","1054","63.8","1533","1553","11.7","38.4","13.7","0.15","-0.09","-0.34","N/A","N/A","N/A","19-24-0","0.442"
"7042","Poly Rabbotics","1055","63.8","1533","1553","17.6","28.3","17.9","0.04","-0.16","-0.34","N/A","N/A","N/A","23-21-0","0.523"
"3316","D-Bug","1056","63.6","1533","1552","13.9","34","15.8","0.18","-0.21","-0.33","N/A","N/A","N/A","0-0-0","0.000"
"1414","IHOT","1057","63.6","1533","1552","15.4","36","12.2","0.11","0.01","-0.34","N/A","N/A","N/A","20-25-1","0.446"
"4935","T-Rex","1058","63.6","1533","1552","8.6","34.8","20.2","0.19","-0.18","-0.34","N/A","N/A","N/A","24-21-0","0.533"
"4338","Falcons","1059","63.5","1533","1552","13.9","33.9","15.8","0.18","-0.21","-0.33","N/A","N/A","N/A","0-0-0","0.000"
"5654","Phoenix","1060","63.5","1533","1552","13.8","33.9","15.7","0.18","-0.21","-0.33","N/A","N/A","N/A","0-0-0","0.000"
"2374","Jesuit Robotics","1061","63.4","1533","1552","7.9","36","19.5","0.24","-0.11","-0.34","N/A","N/A","N/A","21-19-1","0.524"
"488","Team XBOT","1062","63.4","1533","1552","6.6","29.9","27","0.18","-0.11","-0.34","N/A","N/A","N/A","18-23-1","0.440"
"1857","Citrus Sparks","1063","63.4","1533","1552","10.8","31.8","20.9","0.32","-0.07","-0.34","N/A","N/A","N/A","16-15-0","0.516"
"1757","Wolverines","1064","63.4","1532","1552","16.3","28.9","18.2","0.3","-0.18","-0.34","N/A","N/A","N/A","11-19-0","0.367"
"3313","Mechatronics","1065","63.3","1532","1552","16.7","37.5","9.2","0.4","-0.17","-0.23","N/A","N/A","N/A","15-10-0","0.600"
"4624","Rebel Alliance","1066","63.3","1532","1551","13.1","34","16.2","0.29","-0.23","-0.34","N/A","N/A","N/A","13-13-0","0.500"
"6914","Retro5ive","1067","63.2","1532","1551","6.8","39.8","16.6","0.36","-0.24","-0.34","N/A","N/A","N/A","14-18-0","0.438"
"9297","BOGOBOTS","1068","63.2","1532","1551","6.4","34.4","22.5","0.18","-0.05","-0.34","N/A","N/A","N/A","24-20-0","0.545"
"10951","Saigon South Dragons","1069","63.2","1532","1551","10.1","34.9","18.2","0.19","-0.17","-0.34","N/A","N/A","N/A","11-14-0","0.440"
"141","WOBOT","1070","63.1","1532","1551","9.8","38.7","14.6","0.23","-0.23","-0.34","N/A","N/A","N/A","15-14-0","0.517"
"7616","Cerberus","1071","63.1","1532","1551","13.1","24","26","0.09","-0.21","-0.34","N/A","N/A","N/A","17-28-0","0.378"
"10120","Wulfa the Wolf","1072","63","1532","1551","9","41.9","12.2","0.4","-0.23","-0.34","N/A","N/A","N/A","9-11-0","0.450"
"980","ThunderBots","1073","63","1532","1551","14.9","33.1","15.1","0.29","-0.07","-0.34","N/A","N/A","N/A","13-15-0","0.464"
"3648","Sparta Robotica","1074","63","1532","1550","14.1","35.8","13.1","0.19","-0.18","-0.34","N/A","N/A","N/A","12-13-0","0.480"
"120","Youth Tech Academy Red Dragons","1075","62.9","1531","1550","9.3","35.2","18.4","0.09","-0.17","-0.34","N/A","N/A","N/A","17-9-0","0.654"
"404","⚒️   404 ART Not Found  ⚒️","1076","62.8","1531","1550","12.7","37.9","12.3","0.43","-0.24","-0.34","N/A","N/A","N/A","14-15-0","0.483"
"991","BroncoBots","1077","62.8","1531","1550","13.3","36","13.5","0.54","-0.23","-0.34","N/A","N/A","N/A","14-9-1","0.604"
"5567","Code Red Robotics","1078","62.7","1531","1550","9.4","28.6","24.6","0.24","-0.23","-0.34","N/A","N/A","N/A","21-23-0","0.477"
"7848","WI-FIghterz","1079","62.7","1531","1550","5.6","35.5","21.6","0.24","-0.25","-0.34","N/A","N/A","N/A","12-13-0","0.480"
"1758","Technomancers","1080","62.6","1531","1550","12.5","33.3","16.7","0.12","-0.24","-0.34","N/A","N/A","N/A","33-17-0","0.660"
"9082","No Limit","1081","62.5","1531","1549","7.9","34.2","20.4","0.45","-0.24","-0.34","N/A","N/A","N/A","11-17-0","0.393"
"2852","DM High Voltage","1082","62.5","1531","1549","8.9","36.5","17.1","0.12","-0.01","-0.34","N/A","N/A","N/A","10-32-0","0.238"
"10011","Gridrunners","1083","62.3","1531","1549","14.5","35.3","12.5","0.19","-0.15","-0.34","N/A","N/A","N/A","8-14-0","0.364"
"9743","MV TITANS","1084","62.2","1530","1549","10","34.6","17.7","0.31","-0.17","-0.34","N/A","N/A","N/A","12-14-0","0.462"
"1138","Eagle Engineering","1085","62.2","1530","1548","14.7","25","22.5","0.19","-0.05","-0.34","N/A","N/A","N/A","22-22-0","0.500"
"433","Firebirds","1086","62.2","1530","1548","9.5","31.3","21.4","0.13","-0.2","-0.34","N/A","N/A","N/A","24-33-0","0.421"
"6023","DISCBOTS","1087","62.1","1530","1548","7.4","35","19.7","-0.02","-0.19","-0.34","N/A","N/A","N/A","24-21-0","0.533"
"832","OSCAR","1088","62","1530","1548","11.7","30.3","20","0.05","-0.24","-0.34","N/A","N/A","N/A","25-20-0","0.556"
"9092","Tower Robotics","1089","62","1530","1548","11.3","30.1","20.7","0.17","-0.12","-0.34","N/A","N/A","N/A","8-5-0","0.615"
"9077","The Crown","1090","62","1530","1548","11.9","40.8","9.3","0.09","-0.22","-0.34","2026cur","Curie Division","8","20-19-0","0.513"
"7598","SCA Constellations","1091","62","1530","1548","8.8","36.9","16.3","-0.2","-0.26","-0.34","2026arc","Archimedes Division","8","26-31-0","0.456"
"8132","Sysmik","1092","62","1530","1548","16.6","27.6","17.8","0.24","-0.23","-0.23","N/A","N/A","N/A","6-8-0","0.429"
"4663","Cyber Tigers","1093","62","1530","1548","19.5","23.2","19.2","0.32","-0.23","-0.34","N/A","N/A","N/A","13-11-0","0.542"
"6925","W.A.Robotics","1094","61.9","1530","1548","6.8","33.5","21.7","-0.08","-0.24","-0.34","2026mil","Milstein Division","8","21-30-0","0.412"
"1729","Team Inconceivable!","1095","61.9","1530","1548","14.9","34","12.9","0.19","-0.03","-0.34","N/A","N/A","N/A","20-28-0","0.417"
"5268","The BioMech Falcons","1096","61.9","1530","1548","14","34.6","13.3","0.38","-0.19","-0.34","N/A","N/A","N/A","18-10-0","0.643"
"8424","Tractor Technicians Next Gen","1097","61.8","1530","1548","13.3","30.8","17.7","0.13","-0.17","-0.34","N/A","N/A","N/A","24-22-0","0.522"
"7461","Sushi Squad","1098","61.8","1530","1547","14.6","28.3","18.9","0.23","-0.24","-0.34","N/A","N/A","N/A","15-14-0","0.517"
"7814","RV Gearheads","1099","61.8","1530","1547","5.3","35.9","20.7","0.46","-0.24","-0.34","N/A","N/A","N/A","13-16-0","0.448"
"9169","AGROTECH","1100","61.7","1529","1547","18.9","28.9","13.9","0.09","-0.23","-0.24","N/A","N/A","N/A","12-14-0","0.462"
"6560","Charging Champions","1101","61.7","1529","1547","12.9","34.8","14","0.34","-0.25","-0.34","N/A","N/A","N/A","13-15-0","0.464"
"9551","Tiger","1102","61.6","1529","1547","8.9","35.1","17.6","0.32","-0.17","-0.34","N/A","N/A","N/A","11-13-0","0.458"
"7605","ASTRO","1103","61.5","1529","1547","13.9","41.3","6.3","0.37","-0.17","-0.34","N/A","N/A","N/A","9-12-0","0.429"
"11386","Climax-Scotts PantherBots","1104","61.5","1529","1547","14.9","31.1","15.4","0","-0.08","-0.34","N/A","N/A","N/A","21-23-0","0.477"
"2036","Boulder Valley Black Knights","1105","61.3","1529","1546","9.3","33.3","18.7","0.23","-0.01","-0.27","N/A","N/A","N/A","7-16-0","0.304"
"3526","PrepaTec - Blue Ignition","1106","61.2","1529","1546","13.7","36","11.5","0.41","-0.13","-0.34","N/A","N/A","N/A","12-13-0","0.480"
"6877","Mechanical Mustangs","1107","61.2","1528","1546","9.5","31.9","19.8","0.28","-0.24","-0.34","N/A","N/A","N/A","13-17-0","0.433"
"2609","Beaverworx","1108","61.2","1528","1546","16.4","32.8","12","0.22","-0.1","-0.34","N/A","N/A","N/A","21-23-0","0.477"
"5243","Aegis","1109","61.1","1528","1546","17","29.3","14.8","0.11","-0.25","-0.27","N/A","N/A","N/A","21-21-0","0.500"
"1559","Devil Tech","1110","61","1528","1545","17.9","31.8","11.3","0.34","-0.13","-0.34","N/A","N/A","N/A","9-10-0","0.474"
"7525","Pioneers","1111","60.7","1528","1545","6.8","35","18.9","0.08","-0.25","-0.34","2026arc","Archimedes Division","8","13-20-0","0.394"
"8738","Slice","1112","60.7","1528","1545","5.7","34.6","20.5","0.03","-0.18","-0.34","N/A","N/A","N/A","21-24-0","0.467"
"112","Plus One","1113","60.6","1527","1544","9.4","29.7","21.5","0.31","-0.23","-0.34","N/A","N/A","N/A","16-13-0","0.552"
"2549","Millerbots","1114","60.6","1527","1544","12","35.3","13.4","0.33","-0.23","-0.34","N/A","N/A","N/A","10-14-0","0.417"
"5926","Da Moose","1115","60.6","1527","1544","11.2","31.1","18.3","0.38","-0.24","-0.34","N/A","N/A","N/A","15-14-0","0.517"
"11387","G.L.E.A.M. - Grass Lake Eng...","1116","60.6","1527","1544","15.8","38.7","6.1","0.1","-0.2","-0.34","2026arc","Archimedes Division","8","17-17-0","0.500"
"7617","RoboBlazers","1117","60.5","1527","1544","15.5","33.2","11.7","0.11","-0.12","-0.34","N/A","N/A","N/A","26-25-0","0.510"
"3083","Artemis","1118","60.4","1527","1544","13.2","32.3","15","0.17","-0.21","-0.33","N/A","N/A","N/A","0-0-0","0.000"
"9487","KRYPTON FRC","1119","60.4","1527","1544","13.7","32.5","14.2","0.35","-0.23","-0.34","N/A","N/A","N/A","9-4-0","0.692"
"1747","Harrison Boiler Robotics","1120","60.4","1527","1544","10","20.6","29.8","0.01","-0.19","-0.34","N/A","N/A","N/A","16-26-0","0.381"
"10256","Team Scrap Metal","1121","60.3","1527","1544","5.4","36.9","18.1","0.05","-0.12","-0.34","N/A","N/A","N/A","5-8-0","0.385"
"4256","Cyborg Cats","1122","60.3","1527","1544","19.3","28.3","12.8","0.1","-0.16","-0.34","2026cur","Curie Division","8","21-19-0","0.525"
"6593","HyperDrive Robotics","1123","60.1","1526","1543","10.3","35.5","14.4","0.22","-0.07","-0.34","N/A","N/A","N/A","14-10-1","0.580"
"9263","ALD Lions","1124","60","1526","1543","9","36.1","14.9","-0.05","-0.02","-0.34","N/A","N/A","N/A","13-28-0","0.317"
"3681","Robo-Raiders","1125","59.9","1526","1542","7.7","34.6","17.7","0.21","-0.17","-0.34","N/A","N/A","N/A","14-15-0","0.483"
"11254","FIRST Ignition","1126","59.8","1526","1542","14.2","25.4","20.2","-0.01","-0.24","-0.34","N/A","N/A","N/A","21-24-0","0.467"
"3323","Potential Energy","1127","59.8","1526","1542","4.4","34.7","20.7","0.18","-0.19","-0.34","N/A","N/A","N/A","22-21-0","0.512"
"9477","Lambda (λ)","1128","59.8","1526","1542","11.5","33.9","14.4","0.03","-0.13","-0.34","N/A","N/A","N/A","35-24-0","0.593"
"4329","Lutheran Roboteers","1129","59.7","1526","1542","16.2","31.5","12","0.36","-0.18","-0.34","N/A","N/A","N/A","9-18-1","0.339"
"6743","Tiger Engineering","1130","59.7","1526","1542","11.5","28.7","19.5","0.35","-0.23","-0.34","N/A","N/A","N/A","5-8-0","0.385"
"5982","Merrill's Circuits of Destr...","1131","59.7","1526","1542","7.8","27.2","24.8","0.09","-0.21","-0.34","N/A","N/A","N/A","21-21-0","0.500"
"766","M-A Bears","1132","59.6","1526","1542","11.6","28.4","19.7","0.1","-0.14","-0.34","N/A","N/A","N/A","19-22-0","0.463"
"4761","The Robockets","1133","59.6","1526","1542","12","35","12.6","0.14","-0.01","-0.34","N/A","N/A","N/A","20-21-0","0.488"
"526","Saxon Sparks","1134","59.6","1525","1541","11.1","34.3","14.1","0.36","-0.24","-0.34","N/A","N/A","N/A","16-13-1","0.550"
"2832","The Livonia Warriors","1135","59.6","1525","1541","11.9","29.5","18.1","0.24","-0.07","-0.34","N/A","N/A","N/A","10-22-0","0.313"
"1225","The Gorillas","1136","59.4","1525","1541","10","29.9","19.5","0.04","-0.18","-0.34","N/A","N/A","N/A","21-23-0","0.477"
"8177","Vector","1137","59.3","1525","1541","12.2","35","12.1","-0.02","-0.04","-0.34","N/A","N/A","N/A","19-22-0","0.463"
"3618","Petoskey Paladins","1138","59.3","1525","1541","7.8","34.1","17.4","0.16","-0.15","-0.34","N/A","N/A","N/A","24-18-0","0.571"
"3179","The A.N.T.","1139","59.3","1525","1541","7.7","36.2","15.5","0.28","-0.23","-0.34","N/A","N/A","N/A","11-14-0","0.440"
"4539","KAOTIC Robotics","1140","59.3","1525","1541","14.7","34.4","10.2","0.32","-0.23","-0.34","N/A","N/A","N/A","14-12-0","0.538"
"9584","Spartan Squared","1141","59.3","1525","1541","7.6","35.6","16.2","0.47","-0.19","-0.34","N/A","N/A","N/A","12-17-0","0.414"
"8126","Control Freaks","1142","59.3","1525","1541","9","36.4","13.9","0.1","0.02","-0.34","N/A","N/A","N/A","22-21-0","0.512"
"7536","ANKA ROBOTICS","1143","59.3","1525","1541","9.8","29.4","20.1","0.17","-0.15","-0.34","2026cmptx","FIRST Championship - FIRST Robotics Competition","8","6-8-0","0.429"
"8769","G.O.R.T.s","1144","59.2","1525","1541","8.9","29.4","20.9","0.1","-0.18","-0.34","N/A","N/A","N/A","18-23-0","0.439"
"1533","Triple Strange","1145","59.2","1525","1540","17.9","24.5","16.8","0.18","-0.23","-0.34","2026gal","Galileo Division","8","30-28-0","0.517"
"2640","HOTBOTZ","1146","58.9","1524","1540","15.2","38.2","5.4","-0.03","-0.12","-0.34","N/A","N/A","N/A","20-22-0","0.476"
"4982","Olympus Robotics","1147","58.8","1524","1539","15.6","24.6","18.6","0.11","-0.07","-0.27","N/A","N/A","N/A","24-25-0","0.490"
"2523","Tech Storm","1148","58.7","1524","1539","15.6","28.6","14.6","0.19","-0.07","-0.34","N/A","N/A","N/A","13-13-0","0.500"
"4959","Staley Robotics","1149","58.7","1524","1539","6.9","32.8","19","0.25","-0.17","-0.34","N/A","N/A","N/A","13-10-0","0.565"
"8067","Alpha Lab","1150","58.7","1524","1539","8.9","30","19.8","0.24","-0.23","-0.34","N/A","N/A","N/A","7-6-0","0.538"
"2502","Talon Robotics","1151","58.6","1524","1539","10.3","32.5","15.8","0.25","-0.23","-0.34","N/A","N/A","N/A","12-11-0","0.522"
"701","RoboVikes","1152","58.6","1524","1539","10.6","26.5","21.5","0.18","-0.11","-0.34","N/A","N/A","N/A","19-24-0","0.442"
"5031","Full Metal Mustangs","1153","58.6","1524","1539","15.4","33.6","9.6","0.18","-0.1","-0.34","N/A","N/A","N/A","20-21-0","0.488"
"8626","Cyber Sailors","1154","58.5","1524","1539","15.3","33","10.3","0.33","-0.24","-0.34","N/A","N/A","N/A","15-11-0","0.577"
"1923","The MidKnight Inventors","1155","58.5","1523","1539","16.5","34.4","7.6","0.17","-0.15","-0.34","N/A","N/A","N/A","25-18-0","0.581"
"3767","TC Titans","1156","58.4","1523","1538","14","29","15.5","0.11","-0.11","-0.34","N/A","N/A","N/A","24-20-1","0.544"
"4118","Roaring Riptide","1157","58.4","1523","1538","3.6","29.1","25.7","0.17","-0.23","-0.34","N/A","N/A","N/A","7-4-0","0.636"
"5993","Istech Robotics Society","1158","58.4","1523","1538","12.4","32.4","13.7","0.39","-0.23","-0.34","N/A","N/A","N/A","6-5-0","0.545"
"6709","S.P.U.D. INC","1159","58.4","1523","1538","11.7","29.5","17.2","0.31","-0.23","-0.34","N/A","N/A","N/A","7-14-0","0.333"
"9312","NERD Spark","1160","58.4","1523","1538","15.3","30.3","12.8","0.31","-0.11","-0.34","N/A","N/A","N/A","23-21-0","0.523"
"5804","TORCH","1161","58.3","1523","1538","9.9","29.1","19.3","0.12","0.06","-0.34","N/A","N/A","N/A","21-23-0","0.477"
"5577","Kinematic Wolves","1162","58.3","1523","1538","12.3","34.1","11.9","-0.18","-0.11","-0.34","2026gal","Galileo Division","8","21-30-0","0.412"
"291","CIA - Creativity In Action","1163","58.3","1523","1538","12.3","33.3","12.7","0.37","-0.23","-0.34","N/A","N/A","N/A","10-4-0","0.714"
"9462","Toefur's Titans","1164","58.3","1523","1538","8.7","35.9","13.6","0.3","-0.23","-0.34","N/A","N/A","N/A","4-6-0","0.400"
"9208","Eddies Circuit","1165","58.2","1523","1538","15","30.2","13.1","0.45","-0.24","-0.34","N/A","N/A","N/A","16-15-0","0.516"
"4293","Komodo","1166","58.2","1523","1538","2.4","40.3","15.5","0.27","-0.08","-0.34","N/A","N/A","N/A","10-13-0","0.435"
"10526","Orcas","1167","58.2","1523","1538","13.6","30","14.6","0.2","-0.23","-0.34","2026cmptx","FIRST Championship - FIRST Robotics Competition","8","10-3-0","0.769"
"3490","Viper Drive","1168","58.2","1523","1538","7.3","31.3","19.5","0.14","-0.24","-0.34","N/A","N/A","N/A","18-26-0","0.409"
"8423","Next Express","1169","58.2","1523","1538","10.3","31.8","16.1","0.09","-0.17","-0.34","N/A","N/A","N/A","12-15-1","0.446"
"9519","RoboMasters","1170","58.1","1523","1538","8.5","29.8","19.8","0.4","-0.13","-0.34","N/A","N/A","N/A","7-11-0","0.389"
"10002","BotBuilders","1171","58.1","1523","1538","13.2","29.5","15.4","-0.09","-0.25","-0.34","2026dal","Daly Division","8","8-15-0","0.348"
"2147","CHUCK","1172","58.1","1523","1538","3.7","30.3","24.1","0.21","-0.24","-0.34","N/A","N/A","N/A","14-14-0","0.500"
"56","R.O.B.B.E.","1173","58.1","1523","1537","10.5","28.6","19","0.07","-0.19","-0.34","N/A","N/A","N/A","26-18-0","0.591"
"5559","Gear Grinders","1174","58","1523","1537","9.7","32.3","16","0.22","-0.18","-0.34","N/A","N/A","N/A","17-12-0","0.586"
"354","G-House Pirates","1175","58","1523","1537","0.3","35.4","22.3","0.23","-0.01","-0.34","N/A","N/A","N/A","7-4-0","0.636"
"5434","Falcon Robotics","1176","58","1523","1537","16","30.8","11.3","0.23","-0.23","-0.34","N/A","N/A","N/A","5-5-0","0.500"
"2404","Team NEY Techs (TNT)","1177","58","1522","1537","13","26.5","18.5","-0.04","-0.13","-0.34","N/A","N/A","N/A","18-28-0","0.391"
"2585","Impact","1178","58","1522","1537","7.9","32.9","17.1","0.3","-0.24","-0.34","N/A","N/A","N/A","12-19-0","0.387"
"6346","Cybears Robotics Team","1179","58","1522","1537","15.7","24.2","18.1","0.45","-0.24","-0.34","N/A","N/A","N/A","12-15-0","0.444"
"3229","Hawktimus Prime","1180","57.9","1522","1537","11.4","29.2","17.3","-0.05","-0.25","-0.34","N/A","N/A","N/A","22-23-0","0.489"
"192","GRT","1181","57.9","1522","1537","8.3","28.6","21","0.12","-0.25","-0.34","N/A","N/A","N/A","20-25-0","0.444"
"589","Falkon Robotics","1182","57.9","1522","1537","10.7","23.4","23.9","-0.23","-0.19","-0.34","2026cur","Curie Division","8","22-29-0","0.431"
"3201","Ross Rambotics","1183","57.9","1522","1537","13.7","32.4","11.9","0.44","-0.26","-0.34","N/A","N/A","N/A","16-11-1","0.589"
"102","The Gearheads","1184","57.9","1522","1537","12.6","29.9","15.4","0.37","-0.23","-0.34","N/A","N/A","N/A","10-18-0","0.357"
"6621","Artemis","1185","57.8","1522","1537","13","30.5","14.3","0.32","-0.16","-0.34","N/A","N/A","N/A","9-15-0","0.375"
"3954","4-H Electrotechs","1186","57.8","1522","1537","20.5","19.8","17.5","0.23","-0.23","-0.34","N/A","N/A","N/A","6-6-0","0.500"
"2344","The Saunders Droid Factory","1187","57.7","1522","1537","11.1","34.4","12.3","0.21","-0.12","-0.34","N/A","N/A","N/A","8-3-0","0.727"
"5531","Orange Crush","1188","57.7","1522","1537","8.4","33.5","15.9","0.36","-0.14","-0.34","N/A","N/A","N/A","17-11-1","0.603"
"5837","Unity4Tech","1189","57.7","1522","1536","6","37.4","14.3","0.16","-0.13","-0.34","N/A","N/A","N/A","9-10-0","0.474"
"4269","CardinalBots","1190","57.7","1522","1536","13.2","26.7","17.8","0.35","-0.23","-0.34","N/A","N/A","N/A","7-4-0","0.636"
"9022","MC Robotics","1191","57.6","1522","1536","10.9","34","12.7","0.31","-0.23","-0.34","N/A","N/A","N/A","3-5-0","0.375"
"126","Gael Force","1192","57.6","1522","1536","10.3","33.7","13.6","0.31","-0.14","-0.34","N/A","N/A","N/A","10-18-0","0.357"
"4336","Ramageddon Robotics","1193","57.6","1522","1536","11","33.1","13.5","0.43","-0.16","-0.34","N/A","N/A","N/A","10-11-0","0.476"
"2377","C Company","1194","57.6","1522","1536","8.1","38.8","10.6","0.16","-0.13","-0.34","N/A","N/A","N/A","23-20-0","0.535"
"3267","Mariner Robotics","1195","57.5","1522","1536","17.8","23.4","16.3","0.23","-0.23","-0.34","N/A","N/A","N/A","12-11-0","0.522"
"3679","rattlers","1196","57.5","1522","1536","11","28.4","18.1","0.01","-0.19","-0.34","N/A","N/A","N/A","24-19-0","0.558"
"4627","Manning Robotics","1197","57.3","1521","1536","5.3","36","16","0.38","-0.23","-0.34","N/A","N/A","N/A","13-13-0","0.500"
"5860","Full Metal Muskrats","1198","57.3","1521","1535","8.1","35.3","14","0.35","-0.24","-0.34","N/A","N/A","N/A","13-17-0","0.433"
"8532","Classified","1199","57.3","1521","1535","16.6","22.5","18.2","0.17","-0.24","-0.34","N/A","N/A","N/A","11-18-0","0.379"
"4829","Titanium Tigers","1200","57.3","1521","1535","9.9","30.8","16.7","0.22","-0.18","-0.34","N/A","N/A","N/A","26-21-0","0.553"
"4473","Delta Prime Robotics 4-H","1201","57.2","1521","1535","9.9","31.5","15.8","0.19","-0.01","-0.34","N/A","N/A","N/A","14-15-0","0.483"
"3465","The Omega Factor","1202","57.2","1521","1535","11.2","31.3","14.7","0.2","-0.02","-0.34","N/A","N/A","N/A","11-12-0","0.478"
"9585","RobUL","1203","57.2","1521","1535","14.6","26.2","16.4","0.34","-0.23","-0.34","N/A","N/A","N/A","5-7-0","0.417"
"1596","The Instigators","1204","57.1","1521","1535","15","34","8.1","0.23","-0.23","-0.34","N/A","N/A","N/A","14-15-0","0.483"
"69","HYPER","1205","57.1","1521","1535","5.3","35.5","16.3","0.27","-0.24","-0.34","N/A","N/A","N/A","12-19-0","0.387"
"2706","Merge Robotics","1206","57.1","1521","1535","13.4","21.9","21.8","0.11","-0.11","-0.34","N/A","N/A","N/A","13-28-0","0.317"
"222","Tigertrons","1207","56.9","1520","1534","15.3","29.4","12.2","-0.03","-0.01","-0.34","N/A","N/A","N/A","22-21-0","0.512"
"79","Team 79 Krunch","1208","56.8","1520","1534","13.8","27.9","15","0.23","-0.23","-0.34","N/A","N/A","N/A","10-11-0","0.476"
"10004","SCAROB (Star City Area Robo...","1209","56.7","1520","1534","10.4","28.9","17.5","0.01","-0.19","-0.34","N/A","N/A","N/A","23-20-0","0.535"
"5800","Magic Island Robotics","1210","56.7","1520","1534","11.7","29.9","15.1","0.27","-0.23","-0.34","N/A","N/A","N/A","12-14-0","0.462"
"1646","Precision Guessworks","1211","56.7","1520","1534","14.4","29","13.3","-0.14","-0.3","-0.34","2026arc","Archimedes Division","8","22-29-0","0.431"
"5089","Robo-Nerds","1212","56.6","1520","1533","10.1","31.6","14.9","0.23","-0.17","-0.34","N/A","N/A","N/A","9-19-0","0.321"
"662","Rocky Mountain Robotics","1213","56.5","1520","1533","10","33.5","13","0.26","-0.12","-0.34","N/A","N/A","N/A","11-12-0","0.478"
"6772","The Marist Manta Rays","1214","56.5","1520","1533","14","20.6","21.9","-0.11","-0.18","-0.34","N/A","N/A","N/A","20-23-1","0.466"
"3138","Innovators Robotics","1215","56.5","1520","1533","8.4","31.2","16.9","0.1","-0.11","-0.34","N/A","N/A","N/A","12-9-0","0.571"
"2470","Team BJORG","1216","56.4","1520","1533","9.6","33.7","13.2","0.26","-0.23","-0.34","N/A","N/A","N/A","16-11-0","0.593"
"4956","RoboSharks","1217","56.4","1520","1533","11","31.9","13.5","0.18","-0.16","-0.34","N/A","N/A","N/A","26-15-0","0.634"
"8581","PizzaByte Robotics","1218","56.4","1519","1533","8.7","27","20.7","0.32","-0.23","-0.34","N/A","N/A","N/A","6-7-0","0.462"
"1825","The Cyborgs","1219","56.4","1519","1533","12","31.8","12.6","0.3","-0.11","-0.34","N/A","N/A","N/A","8-15-0","0.348"
"649","MSET Fish","1220","56.4","1519","1533","14.8","28.2","13.4","0","-0.07","-0.34","N/A","N/A","N/A","19-23-0","0.452"
"11175","Tidal Shock","1221","56.3","1519","1533","9.9","32.5","14","-0.01","-0.14","-0.34","N/A","N/A","N/A","21-21-1","0.500"
"7594","Nautilus","1222","56.3","1519","1533","6.2","34","16.1","0.1","-0.16","-0.34","2026mil","Milstein Division","8","23-25-0","0.479"
"10217","Catahoula Blue Dogs","1223","56.3","1519","1533","14.8","28.8","12.7","-0.02","-0.31","-0.34","2026joh","Johnson Division","8","19-18-0","0.514"
"7112","EverGreen","1224","56.2","1519","1533","12.3","30","13.9","0.16","-0.22","-0.33","N/A","N/A","N/A","0-0-0","0.000"
"9710","Discovery Polybotz","1225","56.2","1519","1533","10.3","30.1","15.8","0.02","0.04","-0.34","N/A","N/A","N/A","23-23-0","0.500"
"1902","Exploding Bacon","1226","56.1","1519","1532","7.5","28.7","19.9","-0.07","-0.23","-0.34","2026new","Newton Division","8","13-15-0","0.464"
"217","ThunderChickens","1227","56","1519","1532","14.9","24.2","17","-0.04","-0.15","-0.34","N/A","N/A","N/A","23-19-0","0.548"
"4061","SciBorgs","1228","56","1519","1532","17.8","24.3","13.9","0.11","-0.11","-0.34","N/A","N/A","N/A","16-24-1","0.402"
"4586","PRIMO","1229","55.9","1518","1532","12.2","29.8","13.8","0.16","-0.22","-0.33","N/A","N/A","N/A","0-0-0","0.000"
"6894","Iced Java","1230","55.8","1518","1532","11.6","28.3","16","0.08","-0.24","-0.34","N/A","N/A","N/A","24-25-0","0.490"
"1599","CircuiTree","1231","55.8","1518","1531","6.7","29.9","19.2","0.38","-0.23","-0.34","N/A","N/A","N/A","13-16-0","0.448"
"4601","Circuit Birds","1232","55.8","1518","1531","10.9","32.2","12.8","0.34","-0.13","-0.34","N/A","N/A","N/A","9-8-0","0.529"
"2557","SOTAbots","1233","55.7","1518","1531","8.7","28.9","18.1","0.25","-0.17","-0.34","N/A","N/A","N/A","8-22-0","0.267"
"2834","Bionic Black Hawks","1234","55.7","1518","1531","14.8","23.4","17.5","-0.03","-0.29","-0.34","2026hop","Hopper Division","8","14-26-0","0.350"
"4564","Orange Chaos","1235","55.7","1518","1531","12.6","26.8","16.3","0.23","-0.17","-0.34","N/A","N/A","N/A","12-19-0","0.387"
"3211","The Y Team","1236","55.6","1518","1531","12.1","29.7","13.8","0.16","-0.22","-0.33","N/A","N/A","N/A","0-0-0","0.000"
"4546","Shockwave","1237","55.6","1518","1531","9","31.8","14.8","0.29","-0.17","-0.34","N/A","N/A","N/A","12-15-0","0.444"
"6738","Excalibur","1238","55.6","1518","1531","12.1","29.7","13.8","0.16","-0.22","-0.33","N/A","N/A","N/A","0-0-0","0.000"
"6494","Wings of Liberty","1239","55.5","1518","1531","15.1","26.4","14","0.3","-0.12","-0.34","N/A","N/A","N/A","4-4-0","0.500"
"2290","FLYT","1240","55.4","1518","1530","10.6","28.9","15.9","0.41","-0.17","-0.34","N/A","N/A","N/A","10-15-0","0.400"
"3284","Camdenton  LASER 3284","1241","55.4","1518","1530","15.1","31.3","9","0.09","-0.17","-0.34","2026arc","Archimedes Division","8","22-24-0","0.478"
"9458","SESI SENAI JACTECH","1242","55.3","1517","1530","16.5","17.3","21.5","0.28","-0.23","-0.34","N/A","N/A","N/A","12-14-0","0.462"
"8859","Bora Robotics","1243","55.3","1517","1530","5.4","28.2","21.7","0.37","-0.23","-0.34","N/A","N/A","N/A","9-15-0","0.375"
"6085","Green Devil Bots","1244","55.2","1517","1530","15.3","30.2","9.7","-0.02","-0.19","-0.34","N/A","N/A","N/A","20-25-0","0.444"
"8182","Loth Robotics","1245","55.2","1517","1530","11","26.5","17.7","0.16","-0.23","-0.34","N/A","N/A","N/A","4-6-1","0.409"
"9771","FPRO","1246","55","1517","1529","16.3","22.9","15.8","-0.28","-0.19","-0.34","2026arc","Archimedes Division","8","25-33-2","0.433"
"6702","PrepaTec - StingBots","1247","54.9","1517","1529","7.6","32.2","15.2","0.23","-0.24","-0.34","N/A","N/A","N/A","10-12-0","0.455"
"4584","SentinelFox Engineering","1248","54.9","1517","1529","5.3","34.3","15.3","0.35","-0.23","-0.34","N/A","N/A","N/A","9-4-0","0.692"
"4418","IMPULSE","1249","54.8","1516","1529","13.1","32.5","9.2","0.18","-0.12","-0.27","N/A","N/A","N/A","17-17-0","0.500"
"11463","SHC Robotics","1250","54.7","1516","1528","12.4","28.4","13.9","-0.06","-0.16","-0.34","2026new","Newton Division","8","10-24-0","0.294"
"1466","Webb Robotics","1251","54.7","1516","1528","10.5","26.1","18.1","0.27","-0.17","-0.34","N/A","N/A","N/A","15-10-0","0.600"
"11442","FEKAL ROBOTICS","1252","54.6","1516","1528","4.2","32.7","17.7","0.27","-0.23","-0.34","N/A","N/A","N/A","6-4-0","0.600"
"2620","Titans","1253","54.6","1516","1528","17.1","25.5","11.9","0.23","-0.17","-0.34","N/A","N/A","N/A","13-15-0","0.464"
"271","Mechanical Marauders","1254","54.6","1516","1528","4.2","31.2","19.1","0.23","-0.17","-0.34","N/A","N/A","N/A","9-10-0","0.474"
"4009","DNA Robotics","1255","54.5","1516","1528","9.2","23.8","21.5","0.42","-0.23","-0.34","N/A","N/A","N/A","15-11-0","0.577"
"8736","The Mechanisms","1256","54.5","1516","1528","13.7","29.3","11.6","0.09","-0.19","-0.34","N/A","N/A","N/A","23-23-1","0.500"
"9548","Bark River Bronconaughts","1257","54.5","1516","1528","8.4","25.9","20.2","0.44","-0.24","-0.34","N/A","N/A","N/A","13-13-0","0.500"
"9089","ACS Phoenix","1258","54.4","1516","1528","11.1","27.5","15.8","0.14","-0.22","-0.34","N/A","N/A","N/A","5-6-1","0.458"
"4183","Bit Buckets","1259","54.4","1516","1528","8.1","30.6","15.7","0.28","-0.09","-0.34","N/A","N/A","N/A","12-15-0","0.444"
"2181","GEARS","1260","54.4","1516","1528","10.4","29.9","14.1","0.46","-0.23","-0.34","N/A","N/A","N/A","13-13-0","0.500"
"7797","RipSaw Robotics","1261","54.4","1516","1528","17.5","19.9","17","0.24","-0.23","-0.23","N/A","N/A","N/A","10-5-0","0.667"
"4388","Ridgebotics","1262","54.3","1516","1528","8.3","32.4","13.7","0.29","-0.13","-0.34","N/A","N/A","N/A","11-11-0","0.500"
"5411","RoboTalons","1263","54.3","1515","1527","9","29.7","15.5","-0.04","-0.01","-0.34","N/A","N/A","N/A","22-25-0","0.468"
"9756","Robo Panthers","1264","54.2","1515","1527","7.1","32.3","14.9","0.24","-0.17","-0.34","N/A","N/A","N/A","13-17-0","0.433"
"5160","Chargers","1265","54.2","1515","1527","14","26.7","13.5","-0.04","-0.25","-0.34","N/A","N/A","N/A","28-19-0","0.596"
"5612","Robo-Raptors","1266","54.1","1515","1527","11.6","29.6","13","0.29","-0.24","-0.34","N/A","N/A","N/A","14-12-0","0.538"
"4423","MARS' Minions","1267","54.1","1515","1527","5.1","32.7","16.2","0.3","-0.12","-0.34","N/A","N/A","N/A","7-8-0","0.467"
"9234","Les aigles d'or","1268","54","1515","1527","9.4","27.2","17.3","0.37","-0.23","-0.34","N/A","N/A","N/A","6-8-0","0.429"
"1723","The FBI - FIRST Bots of Ind...","1269","53.9","1515","1526","8.4","27.1","18.4","0.34","-0.25","-0.34","N/A","N/A","N/A","17-10-0","0.630"
"7196","Tech Tigers","1270","53.9","1515","1526","9.5","30.8","13.5","0.23","-0.24","-0.34","N/A","N/A","N/A","17-13-0","0.567"
"1334","OT Devils","1271","53.8","1515","1526","8.2","31.3","14.3","0.05","-0.14","-0.34","N/A","N/A","N/A","19-22-0","0.463"
"4021","igKnightion","1272","53.8","1515","1526","12.7","26.2","14.9","-0.06","-0.12","-0.34","N/A","N/A","N/A","19-21-2","0.476"
"8169","Aries","1273","53.8","1515","1526","11.6","27.7","14.5","0.33","-0.17","-0.34","N/A","N/A","N/A","16-16-0","0.500"
"10428","KAIZEN","1274","53.8","1515","1526","11.2","27.5","15.1","0.2","-0.24","-0.34","N/A","N/A","N/A","14-14-1","0.500"
"2084","Robots by the C","1275","53.8","1514","1526","6.1","28.9","18.8","0.26","-0.25","-0.34","N/A","N/A","N/A","11-14-0","0.440"
"8223","Mariners","1276","53.8","1514","1526","11.7","28.7","13.3","0.16","-0.22","-0.33","N/A","N/A","N/A","0-0-0","0.000"
"7466","Cymurghs","1277","53.7","1514","1526","10.2","26.9","16.6","0.14","-0.23","-0.34","N/A","N/A","N/A","6-5-0","0.545"
"4925","The Resistance","1278","53.6","1514","1526","6.4","25.7","21.5","0.07","-0.06","-0.34","N/A","N/A","N/A","14-24-0","0.368"
"2959","Robotarians","1279","53.5","1514","1525","9.6","32.9","11.1","0.13","-0.17","-0.34","N/A","N/A","N/A","16-14-0","0.533"
"5724","Spartan Robotics","1280","53.5","1514","1525","9.3","29.8","14.3","0.05","-0.13","-0.34","N/A","N/A","N/A","20-23-0","0.465"
"5041","CyBears","1281","53.5","1514","1525","9.8","29.7","13.9","0.19","-0.24","-0.34","N/A","N/A","N/A","7-13-0","0.350"
"5968","Little Apple Cyborgs","1282","53.4","1514","1525","20.4","16.9","16","0.06","-0.29","-0.34","2026joh","Johnson Division","8","22-19-0","0.537"
"3527","PrepaTec - Balam Esmeralda","1283","53.3","1513","1525","6.9","28.1","18.3","0.22","-0.23","-0.34","N/A","N/A","N/A","8-6-0","0.571"
"6570","Whiteford Bobcats","1284","53.3","1513","1525","15","28.4","9.9","0.23","-0.24","-0.34","N/A","N/A","N/A","15-14-0","0.517"
"4005","Hostile Gato Robotics","1285","53.2","1513","1525","12.1","27.7","13.4","0.26","-0.17","-0.34","N/A","N/A","N/A","11-11-0","0.500"
"1595","The Dragons","1286","53.2","1513","1524","8.5","29.7","14.9","0.05","-0.1","-0.34","N/A","N/A","N/A","23-17-0","0.575"
"1229","Tidal Shift","1287","53.2","1513","1524","10.2","27.9","15.1","0.01","0.02","-0.34","N/A","N/A","N/A","19-24-0","0.442"
"597","The Wolverines","1288","53.1","1513","1524","13.4","27","12.8","0.15","-0.08","-0.34","N/A","N/A","N/A","11-14-0","0.440"
"4107","Team Storm","1289","53","1513","1524","9.3","27.3","16.4","0.22","-0.19","-0.34","N/A","N/A","N/A","10-13-1","0.438"
"7226","Error 404","1290","53","1513","1524","7","35.4","10.6","0.36","-0.17","-0.34","N/A","N/A","N/A","12-15-0","0.444"
"429","Two Many Bobcats","1291","53","1513","1524","15.1","22.9","15","0.23","-0.24","-0.34","N/A","N/A","N/A","14-16-0","0.467"
"3891","Rodeo Robotics","1292","52.7","1512","1523","10.3","29.8","12.6","0.36","-0.23","-0.34","N/A","N/A","N/A","5-9-0","0.357"
"4580","Conductors","1293","52.7","1512","1523","13.9","27.1","11.6","0.01","-0.19","-0.34","N/A","N/A","N/A","19-22-0","0.463"
"1741","Red Alert","1294","52.7","1512","1523","18.6","20.5","13.5","-0.12","-0.1","-0.34","2026dal","Daly Division","8","27-29-0","0.482"
"3630","Stampede","1295","52.6","1512","1523","17","26.1","9.5","0.09","-0.31","-0.34","2026joh","Johnson Division","8","20-20-0","0.500"
"6809","Aviators","1296","52.5","1512","1523","10.1","28.6","13.9","0.32","-0.23","-0.34","N/A","N/A","N/A","5-7-0","0.417"
"10993","EP Robotics","1297","52.5","1512","1523","13","28.5","11","0.05","-0.26","-0.34","N/A","N/A","N/A","19-22-0","0.463"
"1319","Flash","1298","52.2","1511","1522","10.4","29.7","12.1","0","-0.24","-0.34","N/A","N/A","N/A","22-24-0","0.478"
"5516","Iron Maple","1299","52.2","1511","1522","9.6","29.1","13.4","0.21","-0.23","-0.34","N/A","N/A","N/A","4-4-0","0.500"
"7627","Bearcat Robotics","1300","52.2","1511","1522","13.5","24.3","14.4","0.29","-0.24","-0.34","N/A","N/A","N/A","10-19-0","0.345"
"1816",""The Green Machine"","1301","52.1","1511","1522","15.9","29.1","7.1","-0.05","-0.22","-0.34","2026gal","Galileo Division","8","14-18-0","0.438"
"7334","Esquimalt Proton Pulverizers","1302","52.1","1511","1522","16.7","19.7","15.7","0.29","-0.24","-0.34","N/A","N/A","N/A","14-14-0","0.500"
"811","Wild Cards","1303","51.8","1511","1521","7.8","26.9","17.2","0.27","-0.17","-0.34","N/A","N/A","N/A","12-18-0","0.400"
"6120","CyberStangs","1304","51.8","1511","1521","14.3","30","7.6","0.35","-0.23","-0.34","N/A","N/A","N/A","15-14-0","0.517"
"10679","The Wirewolves","1305","51.8","1511","1521","10.9","29.4","11.5","-0.11","0.08","-0.34","N/A","N/A","N/A","21-23-0","0.477"
"9200","SESI SENAI STARDUST","1306","51.8","1511","1521","12.1","27.6","12.1","-0.01","-0.27","-0.34","2026cur","Curie Division","8","19-17-0","0.528"
"8889","Project W","1307","51.7","1511","1521","12.9","19.8","19","0.1","-0.16","-0.34","N/A","N/A","N/A","18-23-0","0.439"
"4048","Redshift","1308","51.7","1510","1521","7.8","28.9","15","0.27","-0.16","-0.34","N/A","N/A","N/A","10-13-1","0.438"
"61","BVT Robotics","1309","51.7","1510","1520","17","24.4","10.2","-0.06","-0.19","-0.34","N/A","N/A","N/A","18-25-0","0.419"
"3926","MPArors","1310","51.7","1510","1520","13.8","21.4","16.4","0.17","-0.23","-0.23","N/A","N/A","N/A","14-11-0","0.560"
"10396","Mostra","1311","51.7","1510","1520","16.4","30.7","4.6","-0.01","-0.18","-0.34","2026joh","Johnson Division","8","17-24-0","0.415"
"9316","CUBATRONICS","1312","51.6","1510","1520","9","24.4","18.2","0.19","-0.23","-0.34","N/A","N/A","N/A","15-15-0","0.500"
"2855","BEASTBOT","1313","51.5","1510","1520","6.1","31","14.4","0.24","-0.23","-0.34","N/A","N/A","N/A","15-11-0","0.577"
"4330","Rambunction","1314","51.5","1510","1520","12.8","30.6","8","0.25","-0.23","-0.34","N/A","N/A","N/A","5-7-0","0.417"
"4999","Momentum","1315","51.5","1510","1520","11.4","29.1","11","0.04","-0.13","-0.34","N/A","N/A","N/A","22-22-1","0.500"
"7451","AvengerRobotics","1316","51.5","1510","1520","17.1","32.4","2","-0.18","-0.32","-0.34","2026hop","Hopper Division","8","24-27-1","0.471"
"3206","Royal T-Wrecks","1317","51.5","1510","1520","9.8","26.9","14.8","0.27","-0.23","-0.34","N/A","N/A","N/A","13-14-0","0.481"
"4213","MetalCow Robotics","1318","51.5","1510","1520","5","27.6","18.9","0.25","-0.26","-0.34","N/A","N/A","N/A","10-15-0","0.400"
"3667","Mecanum Knights","1319","51.5","1510","1520","11.4","24.3","15.7","0.3","-0.24","-0.34","N/A","N/A","N/A","13-15-0","0.464"
"4775","Aztech Robotics","1320","51.5","1510","1520","3.9","31.4","16.1","0.03","-0.23","-0.34","N/A","N/A","N/A","6-5-0","0.545"
"5927","Globetrotters","1321","51.4","1510","1520","7.9","26.4","17","0.25","-0.24","-0.34","N/A","N/A","N/A","11-18-0","0.379"
"9231","Haydarpasa Panthers","1322","51.4","1510","1520","7.7","31.9","11.8","0.12","-0.23","-0.34","N/A","N/A","N/A","14-11-0","0.560"
"11336","Anomaly","1323","51.3","1510","1519","9","24.4","17.9","0.21","-0.24","-0.34","N/A","N/A","N/A","11-19-0","0.367"
"8069","Super Hornets","1324","51.3","1510","1519","15.2","17.7","18.4","-0.28","-0.19","-0.34","2026gal","Galileo Division","8","11-13-1","0.460"
"219","Team Impact","1325","51.2","1510","1519","7","33.3","10.9","0.23","-0.24","-0.34","N/A","N/A","N/A","11-17-0","0.393"
"5291","Emperius","1326","51.2","1509","1519","11.2","27.3","12.7","0.15","-0.22","-0.33","N/A","N/A","N/A","0-0-0","0.000"
"6929","Cuivre & Or","1327","51.2","1509","1519","9.4","22.3","19.5","0.31","-0.23","-0.34","N/A","N/A","N/A","6-9-0","0.400"
"9162","ALL MIGHT","1328","51.1","1509","1519","10.6","27.2","13.3","0.17","-0.23","-0.34","N/A","N/A","N/A","12-10-0","0.545"
"9237","The Dragonators","1329","51.1","1509","1519","9.9","25.5","15.7","0.19","-0.23","-0.34","N/A","N/A","N/A","9-17-0","0.346"
"4980","Canine Crusaders","1330","51","1509","1519","10.4","28.2","12.5","0.43","-0.24","-0.34","N/A","N/A","N/A","11-17-0","0.393"
"1018","Pike RoboDevils","1331","51","1509","1519","9.4","25.7","15.9","0.3","-0.24","-0.34","N/A","N/A","N/A","13-14-0","0.481"
"2930","Sonic Squirrels","1332","51","1509","1519","13.4","24.2","13.5","0.39","-0.23","-0.34","N/A","N/A","N/A","12-18-0","0.400"
"3939","Botetourt 4-H Robotics","1333","50.9","1509","1518","7.6","30.4","13","0.09","-0.2","-0.34","N/A","N/A","N/A","17-25-0","0.405"
"834","SparTechs","1334","50.9","1509","1518","17.6","24.1","9.2","0.26","-0.24","-0.34","N/A","N/A","N/A","11-18-1","0.383"
"253","Boba Bots","1335","50.9","1509","1518","18.9","24.7","7.3","0.12","-0.21","-0.34","N/A","N/A","N/A","26-19-0","0.578"
"7587","Metuchen Momentum","1336","50.9","1509","1518","9.4","27.3","14.2","0.19","-0.25","-0.34","N/A","N/A","N/A","23-21-0","0.523"
"9570","Valiant","1337","50.8","1509","1518","3.5","32.6","14.7","0.16","-0.19","-0.34","N/A","N/A","N/A","11-11-0","0.500"
"6423","Ward Melville Iron Patriots","1338","50.8","1509","1518","5.3","30.3","15.2","0.38","-0.23","-0.34","N/A","N/A","N/A","11-10-0","0.524"
"8740","Prepa Tecmilenio - Quantum ...","1339","50.7","1509","1518","5.4","34.1","11.2","0.28","-0.17","-0.34","N/A","N/A","N/A","14-14-0","0.500"
"9501","Sidereal Envoy","1340","50.7","1509","1518","14.3","24.8","11.6","0.29","-0.24","-0.34","N/A","N/A","N/A","13-13-0","0.500"
"399","Eagle Robotics","1341","50.7","1508","1518","10.6","24.6","15.6","0.15","-0.24","-0.34","N/A","N/A","N/A","12-16-0","0.429"
"6506","Steel Boot Robotics","1342","50.6","1508","1518","7.4","24.8","18.4","0.1","-0.08","-0.34","N/A","N/A","N/A","15-14-0","0.517"
"5676","The H.E.R.O.E.S","1343","50.6","1508","1518","13.8","24.8","12.1","0.27","-0.22","-0.34","N/A","N/A","N/A","27-20-0","0.574"
"7688","Creekside Robotics","1344","50.6","1508","1518","12.8","26","11.8","0.1","-0.23","-0.34","N/A","N/A","N/A","5-7-0","0.417"
"8243","AstroCircuits","1345","50.6","1508","1517","14.2","25.9","10.5","0.16","-0.13","-0.34","N/A","N/A","N/A","6-14-0","0.300"
"8352","CODE Gold","1346","50.5","1508","1517","12.4","25.1","13","0.02","-0.08","-0.34","N/A","N/A","N/A","28-16-0","0.636"
"2172","Steel Unit-E","1347","50.5","1508","1517","8.2","31.7","10.6","0.22","-0.24","-0.34","N/A","N/A","N/A","10-11-1","0.477"
"4215","TRIBOTS","1348","50.5","1508","1517","7.3","28.6","14.6","0.5","-0.23","-0.34","N/A","N/A","N/A","5-7-0","0.417"
"587","The Hedgehogs","1349","50.5","1508","1517","9.6","25.5","15.3","-0.14","-0.32","-0.34","2026arc","Archimedes Division","8","15-25-0","0.375"
"8175","Piece of Mind","1350","50.5","1508","1517","11","26.9","12.5","0.15","-0.22","-0.33","N/A","N/A","N/A","0-0-0","0.000"
"2811","StormBots","1351","50.4","1508","1517","23.9","14.4","12.1","-0.07","-0.27","-0.34","2026mil","Milstein Division","8","38-44-0","0.463"
"10066","CephaloSquad","1352","50.4","1508","1517","13.3","22.4","14.8","0.13","-0.2","-0.34","N/A","N/A","N/A","12-15-0","0.444"
"1255","Blarglefish","1353","50.4","1508","1517","7.4","33.3","9.8","0.06","-0.14","-0.24","N/A","N/A","N/A","24-22-0","0.522"
"1410","The Kraken","1354","50.4","1508","1517","14.1","21.2","15.1","0.19","-0.23","-0.34","N/A","N/A","N/A","12-12-0","0.500"
"3373","Team RoboHawk","1355","50.4","1508","1517","6.1","31","13.3","0.29","-0.23","-0.34","N/A","N/A","N/A","16-12-0","0.571"
"5148","New Berlin Blitz","1356","50.4","1508","1517","11.7","24.8","13.9","0.35","-0.24","-0.34","N/A","N/A","N/A","13-16-1","0.450"
"5805","SMbly Required","1357","50.3","1508","1517","9.5","24","16.8","0.04","-0.15","-0.34","N/A","N/A","N/A","20-26-0","0.435"
"5851","Striking Vikings","1358","50.3","1508","1517","8.9","29.3","12.1","0.11","-0.13","-0.34","N/A","N/A","N/A","15-14-0","0.517"
"9740","CANBus in memory of Roney Tal","1359","50.2","1507","1516","10.9","26.8","12.4","0.14","-0.22","-0.33","N/A","N/A","N/A","0-0-0","0.000"
"155","The TechnoNuts","1360","50.1","1507","1516","14.1","24.4","11.6","0.09","-0.11","-0.34","N/A","N/A","N/A","20-22-0","0.476"
"199","Deep Blue","1361","50.1","1507","1516","8.2","26.8","15","0.34","-0.19","-0.34","N/A","N/A","N/A","8-18-0","0.308"
"6078","RoboRams","1362","50.1","1507","1516","8","26","16","0.13","-0.17","-0.34","N/A","N/A","N/A","13-14-0","0.481"
"5353","LoCo Raptors","1363","50.1","1507","1516","11.2","29.4","9.4","0.21","-0.24","-0.34","N/A","N/A","N/A","13-15-0","0.464"
"4131","Iron Patriots","1364","50","1507","1516","8.4","30","11.7","0.06","-0.15","-0.34","N/A","N/A","N/A","13-25-0","0.342"
"5109","Gladiator Robotics","1365","49.9","1507","1516","13","27.8","9.1","0.06","-0.25","-0.34","N/A","N/A","N/A","25-20-1","0.554"
"1895","Lambda Corps","1366","49.9","1507","1516","8.3","20.4","21.1","0.05","-0.19","-0.34","N/A","N/A","N/A","18-24-0","0.429"
"3952","Troy Robotics","1367","49.9","1507","1516","13.8","23.4","12.7","0.14","-0.09","-0.34","N/A","N/A","N/A","14-16-0","0.467"
"7102","PrepaTec - Daedalus","1368","49.8","1507","1516","5.9","31.4","12.5","0.24","-0.17","-0.34","N/A","N/A","N/A","7-14-0","0.333"
"9685","Crystal Oscillators","1369","49.8","1507","1516","21.5","10.9","17.4","0.02","-0.24","-0.25","N/A","N/A","N/A","16-15-0","0.516"
"10910","The Outlaws","1370","49.8","1507","1516","12","18.1","19.7","0.16","-0.13","-0.34","N/A","N/A","N/A","14-24-0","0.368"
"6901","Knights Robotics","1371","49.8","1507","1515","9.7","25.3","14.8","0.08","-0.14","-0.34","N/A","N/A","N/A","19-28-0","0.404"
"4141","Monarch Robotics","1372","49.7","1507","1515","7","25.8","16.9","0.29","-0.21","-0.34","N/A","N/A","N/A","12-17-0","0.414"
"1458","Red Tie Robotics","1373","49.7","1507","1515","8.7","29.3","11.8","0.27","-0.17","-0.34","N/A","N/A","N/A","12-16-0","0.429"
"10032","Singularity","1374","49.6","1506","1515","6.8","27.4","15.4","-0.02","-0.19","-0.34","N/A","N/A","N/A","21-24-0","0.467"
"997","Spartan Robotics","1375","49.6","1506","1515","13.3","27","9.3","0.22","-0.05","-0.34","N/A","N/A","N/A","23-19-0","0.548"
"5789","The Other Owls","1376","49.6","1506","1515","15","22.9","11.6","0.28","-0.25","-0.34","N/A","N/A","N/A","25-20-0","0.556"
"9038","SF UNITY","1377","49.5","1506","1515","13.8","24.1","11.6","0.24","-0.19","-0.34","N/A","N/A","N/A","14-17-0","0.452"
"1781","Lindblom Electric Eagles","1378","49.5","1506","1515","11.9","27.3","10.4","0.31","-0.23","-0.34","N/A","N/A","N/A","9-12-0","0.429"
"6333","Scavenger Robotics","1379","49.4","1506","1514","15.1","24.9","9.5","0.25","-0.19","-0.34","N/A","N/A","N/A","11-17-0","0.393"
"4375","Westend Gearbusters","1380","49.4","1506","1514","8.6","26.4","14.4","0.27","-0.23","-0.34","N/A","N/A","N/A","14-19-0","0.424"
"2773","IronDogz","1381","49.4","1506","1514","9.8","26.6","13","0.23","-0.23","-0.34","N/A","N/A","N/A","8-12-0","0.400"
"9255","Botmasterz","1382","49.4","1506","1514","16.1","23.1","10.3","-0.02","-0.16","-0.34","N/A","N/A","N/A","22-23-0","0.489"
"181","Birds Of Prey","1383","49.3","1506","1514","6.6","25.8","17","0.38","-0.14","-0.34","N/A","N/A","N/A","11-15-0","0.423"
"5484","Career Academy Robotics - W...","1384","49.3","1506","1514","12.1","27.4","9.9","-0.09","-0.26","-0.34","N/A","N/A","N/A","31-30-0","0.508"
"9155","New Tech Kraken","1385","49.3","1506","1514","9.4","28.1","11.8","0.18","-0.14","-0.34","N/A","N/A","N/A","7-5-1","0.577"
"100","The Wildhats","1386","49.3","1506","1514","11.5","24.3","13.5","0.28","-0.03","-0.34","N/A","N/A","N/A","12-17-0","0.414"
"3598","SEStematic Eliminators","1387","49.3","1506","1514","10","27.4","11.9","0.2","-0.02","-0.34","N/A","N/A","N/A","23-18-0","0.561"
"1102","M'Aiken Magic","1388","49.2","1506","1514","5.1","29.2","15","0.05","-0.24","-0.34","N/A","N/A","N/A","11-33-0","0.250"
"10367","Category 4 Storm Surge","1389","49.1","1505","1514","8.8","29.9","10.4","0.01","-0.24","-0.34","N/A","N/A","N/A","26-21-0","0.553"
"8507","Jagwire Robotics","1390","49","1505","1513","10.6","23.1","15.4","0.04","-0.2","-0.28","N/A","N/A","N/A","19-22-0","0.463"
"3749","Team Optix","1391","49","1505","1513","11.5","25.4","12.1","0.02","-0.16","-0.34","N/A","N/A","N/A","13-25-0","0.342"
"5674","The Gearhounds","1392","48.9","1505","1513","10.1","25.3","13.5","0.3","-0.24","-0.34","N/A","N/A","N/A","13-16-0","0.448"
"292","PantherTech","1393","48.9","1505","1513","11.4","24.4","13.1","0.02","-0.24","-0.34","N/A","N/A","N/A","12-17-0","0.414"
"2594","Naskcorpions","1394","48.9","1505","1513","9.1","28.5","11.3","0.26","-0.14","-0.34","N/A","N/A","N/A","11-13-0","0.458"
"11319","Polaris","1395","48.8","1505","1513","10.1","23.5","15.3","0.18","-0.23","-0.34","N/A","N/A","N/A","3-4-0","0.429"
"5461","Victorian Engineered Roboti...","1396","48.8","1505","1513","6.5","30","12.4","0.12","-0.07","-0.34","N/A","N/A","N/A","13-17-0","0.433"
"5669","Techmen","1397","48.8","1505","1513","7.2","28.4","13.2","0.21","-0.24","-0.34","N/A","N/A","N/A","11-15-0","0.423"
"9014","Vulcan Mechanics","1398","48.8","1505","1513","6.1","28.2","14.5","0.34","-0.24","-0.34","N/A","N/A","N/A","17-22-0","0.436"
"8410","Oyster River Overdrive","1399","48.8","1505","1513","5.8","29.9","13.1","0.22","-0.16","-0.34","N/A","N/A","N/A","11-16-0","0.407"
"10114","Phantom Talons","1400","48.8","1505","1513","14.3","18.7","15.9","0.01","-0.3","-0.34","2026joh","Johnson Division","8","17-21-0","0.447"
"2626","Evolution","1401","48.7","1505","1513","10.6","32.2","5.9","0.34","-0.23","-0.34","N/A","N/A","N/A","7-6-0","0.538"
"10423","CB Tech","1402","48.7","1505","1512","5.4","25","18.2","0.17","-0.24","-0.34","N/A","N/A","N/A","14-13-0","0.519"
"3424","Corax","1403","48.7","1504","1512","3.6","28.3","16.7","0.18","-0.18","-0.34","N/A","N/A","N/A","10-12-0","0.455"
"1168","Malvern Robotics","1404","48.6","1504","1512","17.1","22.9","8.7","-0.05","-0.25","-0.34","N/A","N/A","N/A","23-20-0","0.535"
"6358","The Buhlean Operators","1405","48.6","1504","1512","12.4","24.6","11.6","0.34","-0.18","-0.34","N/A","N/A","N/A","10-19-0","0.345"
"8421","CRUSADERS","1406","48.6","1504","1512","8.6","28.1","12","0.16","-0.08","-0.34","N/A","N/A","N/A","10-16-0","0.385"
"5314","Ice Bots","1407","48.6","1504","1512","8.5","22.4","17.7","0.32","-0.23","-0.34","N/A","N/A","N/A","13-13-1","0.500"
"5436","Cyber Cats","1408","48.6","1504","1512","15.6","18.3","14.7","0.37","-0.17","-0.34","N/A","N/A","N/A","12-17-0","0.414"
"1884","Griffins","1409","48.6","1504","1512","11","16.7","20.9","-0.08","-0.35","-0.34","2026new","Newton Division","8","8-16-0","0.333"
"9773","Cardinal Robotics","1410","48.6","1504","1512","12.7","23.2","12.7","0.26","-0.24","-0.34","N/A","N/A","N/A","17-11-0","0.607"
"6569","Gladiators","1411","48.5","1504","1512","10.8","27.2","10.5","0.22","-0.23","-0.34","N/A","N/A","N/A","11-16-0","0.407"
"10622","Gwinn ModelBots","1412","48.4","1504","1512","9.7","23.4","15.3","0.31","-0.24","-0.34","N/A","N/A","N/A","16-15-0","0.516"
"2875","CyberHawks","1413","48.4","1504","1512","11.4","24.4","12.6","0.19","-0.17","-0.34","N/A","N/A","N/A","9-13-0","0.409"
"11318","Freedom Robotics","1414","48.3","1504","1512","14.1","23.5","10.7","-0.08","-0.14","-0.34","2026cur","Curie Division","8","27-26-0","0.509"
"9021","uSELESScASE","1415","48.3","1504","1511","10.5","25.1","12.8","0.15","-0.12","-0.34","N/A","N/A","N/A","5-8-0","0.385"
"9738","Ionic Bond","1416","48.2","1504","1511","10.5","25.8","12","0.14","-0.22","-0.33","N/A","N/A","N/A","0-0-0","0.000"
"2204","Rambots","1417","48.2","1503","1511","13.7","25.4","9.1","0.06","-0.18","-0.34","N/A","N/A","N/A","17-25-1","0.407"
"1891","Bullbots","1418","48.1","1503","1511","12.3","25.6","10.2","0.24","-0.18","-0.34","N/A","N/A","N/A","14-17-0","0.452"
"1197","TorBots","1419","48.1","1503","1511","19.3","13.3","15.5","0.01","-0.02","-0.34","N/A","N/A","N/A","14-30-0","0.318"
"8179","Robo Falcons","1420","48.1","1503","1511","7.4","24.9","15.8","-0.02","-0.22","-0.34","N/A","N/A","N/A","20-24-0","0.455"
"8151","Wildfire","1421","48","1503","1511","6.6","29.5","12","0.12","-0.24","-0.34","N/A","N/A","N/A","15-13-0","0.536"
"9480","The Gear Bears","1422","48","1503","1511","6.2","28.3","13.5","0.01","-0.05","-0.34","N/A","N/A","N/A","19-20-2","0.488"
"2643","Dark Matter","1423","47.9","1503","1510","8.1","25.1","14.8","0.28","-0.17","-0.34","N/A","N/A","N/A","12-16-0","0.429"
"9586","Denbot","1424","47.9","1503","1510","14.1","25.2","8.6","0.28","-0.25","-0.34","N/A","N/A","N/A","10-16-0","0.385"
"3550","Robotronix","1425","47.8","1503","1510","8","25","14.8","0.28","-0.23","-0.34","N/A","N/A","N/A","7-6-0","0.538"
"5274","Wolverine Robotics","1426","47.8","1503","1510","8.8","25.7","13.3","0.17","-0.24","-0.34","N/A","N/A","N/A","12-17-0","0.414"
"8577","Georgia Cyber Academy Champ...","1427","47.8","1503","1510","8.4","26.6","12.9","0.06","-0.03","-0.34","N/A","N/A","N/A","16-24-1","0.402"
"8544","Reinforcement","1428","47.8","1503","1510","9.9","22.6","15.4","-0.02","0.02","-0.34","N/A","N/A","N/A","18-25-0","0.419"
"3487","Red Pride Robotics","1429","47.8","1503","1510","10.4","21.2","16.2","0.1","-0.24","-0.27","N/A","N/A","N/A","13-13-0","0.500"
"10612","Cougear","1430","47.7","1503","1510","14.2","23.7","9.9","0.2","-0.11","-0.34","N/A","N/A","N/A","15-16-0","0.484"
"2656","Quasics","1431","47.7","1502","1510","8.5","28.8","10.5","0.14","-0.12","-0.34","N/A","N/A","N/A","7-3-0","0.700"
"6033","Gadget Agents","1432","47.6","1502","1510","16.2","17.7","13.8","0.16","-0.24","-0.34","N/A","N/A","N/A","15-13-0","0.536"
"1745","The P-51 Mustangs","1433","47.6","1502","1509","7.5","27.6","12.5","0.06","-0.17","-0.34","N/A","N/A","N/A","11-17-0","0.393"
"3863","Pantherbotics","1434","47.6","1502","1509","4.8","28.6","14.2","0.23","-0.17","-0.34","N/A","N/A","N/A","7-19-0","0.269"
"11179","The Power of Friendship","1435","47.6","1502","1509","15.1","22.8","9.6","-0.08","-0.24","-0.34","N/A","N/A","N/A","27-19-0","0.587"
"9271","Cyber Porpoises","1436","47.6","1502","1509","8","28.4","11.2","0.2","-0.2","-0.34","N/A","N/A","N/A","13-18-0","0.419"
"3003","TAN(X)","1437","47.5","1502","1509","8.7","24.1","14.7","0.22","-0.17","-0.34","N/A","N/A","N/A","6-11-0","0.353"
"1277","The Robotomies","1438","47.5","1502","1509","13","22.9","11.7","0.09","-0.19","-0.34","N/A","N/A","N/A","13-18-0","0.419"
"2498","BearBotics","1439","47.5","1502","1509","11.8","19.6","16.1","0.4","-0.23","-0.34","N/A","N/A","N/A","6-5-0","0.545"
"516","StuyPlus","1440","47.5","1502","1509","6.4","23.5","17.6","0.17","-0.13","-0.34","N/A","N/A","N/A","7-15-0","0.318"
"5700","SOTA Cyberdragons","1441","47.5","1502","1509","13.6","21.3","12.6","-0.01","-0.16","-0.34","N/A","N/A","N/A","19-22-0","0.463"
"9776","Gator Gears","1442","47.4","1502","1509","8.4","23.6","15.5","0.17","-0.24","-0.34","N/A","N/A","N/A","14-18-0","0.438"
"7476","Spongebotics","1443","47.4","1502","1509","11","18.7","17.8","0.07","-0.2","-0.34","N/A","N/A","N/A","19-21-0","0.475"
"4405","The Atoms Family","1444","47.4","1502","1509","12.3","17.2","17.9","0.29","-0.18","-0.34","N/A","N/A","N/A","10-17-0","0.370"
"6882","Fahrenheit Robotics","1445","47.3","1502","1509","11.7","23.2","12.4","0.3","-0.24","-0.34","N/A","N/A","N/A","12-16-0","0.429"
"4737","Atomigators","1446","47.3","1502","1509","5.9","24.9","16.4","0.07","-0.24","-0.34","N/A","N/A","N/A","9-17-1","0.352"
"1899","Saints Robotics","1447","47.2","1502","1509","9.2","27.5","10.6","0.23","-0.24","-0.34","N/A","N/A","N/A","14-15-0","0.483"
"11220","The Royal Guard","1448","47.2","1501","1508","9.1","21.4","16.7","0.21","-0.18","-0.34","N/A","N/A","N/A","14-11-0","0.560"
"339","Kilroy Robotics","1449","47.1","1501","1508","14.5","17.6","15","0.14","-0.26","-0.34","N/A","N/A","N/A","19-21-0","0.475"
"4572","Barlow Robotics","1450","47.1","1501","1508","13","25.1","9.1","0.27","-0.16","-0.34","N/A","N/A","N/A","14-18-0","0.438"
"10118","Robonauts EveryBot","1451","47.1","1501","1508","16.5","20","10.6","0.17","-0.25","-0.27","N/A","N/A","N/A","26-22-0","0.542"
"10991","PioBytes","1452","47.1","1501","1508","19.9","20.2","6.9","-0.07","-0.22","-0.34","2026gal","Galileo Division","8","22-34-0","0.393"
"501","The PowerKnights","1453","47","1501","1508","10.6","23.7","12.8","0.4","-0.19","-0.34","N/A","N/A","N/A","20-24-0","0.455"
"41","RoboWarriors","1454","47","1501","1508","6.3","21.4","19.3","-0.02","-0.13","-0.34","N/A","N/A","N/A","17-24-0","0.415"
"1418","Vae Victis","1455","47","1501","1508","5.4","27.1","14.4","0.31","-0.24","-0.34","N/A","N/A","N/A","13-15-0","0.464"
"9097","MachBusters","1456","46.9","1501","1508","13.8","22.2","11","0.22","-0.24","-0.34","N/A","N/A","N/A","11-11-0","0.500"
"6665","C-Otters","1457","46.9","1501","1508","7.8","28.6","10.5","-0.3","-0.09","-0.34","2026gal","Galileo Division","8","29-32-0","0.475"
"1322","GRAYT Leviathons (Genesee R...","1458","46.9","1501","1508","9.8","31.3","5.8","0.37","-0.17","-0.34","N/A","N/A","N/A","16-14-0","0.533"
"1622","Team Spyder","1459","46.9","1501","1508","9.9","27.4","9.6","0.23","-0.25","-0.34","N/A","N/A","N/A","17-20-0","0.459"
"7760","Griffin Innovations","1460","46.9","1501","1508","13.2","21.8","12","0.19","-0.13","-0.34","N/A","N/A","N/A","9-18-0","0.333"
"1744","Robo-Rays Robotics","1461","46.9","1501","1508","9.9","24.4","12.6","0.32","-0.17","-0.34","N/A","N/A","N/A","9-10-0","0.474"
"10257","Vector Space","1462","46.9","1501","1508","10","23.9","13","0.21","-0.17","-0.34","N/A","N/A","N/A","9-18-0","0.333"
"7603","7603 VESPA ROBOTICS","1463","46.8","1501","1508","8.1","25.3","13.5","0.14","-0.16","-0.34","N/A","N/A","N/A","9-15-0","0.375"
"5695","Heavy Duty Eagles","1464","46.8","1501","1507","9.3","24.4","13.1","0.22","-0.24","-0.34","N/A","N/A","N/A","10-16-0","0.385"
"11030","Bonac Bots","1465","46.8","1501","1507","7.2","28.7","10.9","0.19","-0.23","-0.34","N/A","N/A","N/A","4-5-0","0.444"
"496","Royals","1466","46.7","1500","1507","6.8","26.4","13.5","0.27","-0.23","-0.34","N/A","N/A","N/A","5-6-0","0.455"
"9201","TEAM FORCE","1467","46.7","1500","1507","1.2","34.4","11.1","0.16","-0.12","-0.34","N/A","N/A","N/A","5-5-0","0.500"
"6300","The Northwoodians","1468","46.6","1500","1507","7.2","24.5","15","0.24","-0.23","-0.34","N/A","N/A","N/A","8-12-0","0.400"
"1119","Pup Cups","1469","46.6","1500","1507","13","18.9","14.7","0.2","-0.11","-0.34","N/A","N/A","N/A","19-24-0","0.442"
"9558","The Steel Vipers","1470","46.6","1500","1507","19.6","14.5","12.5","0.13","-0.23","-0.34","N/A","N/A","N/A","13-19-0","0.406"
"11173","STAR FORCE","1471","46.5","1500","1507","8.4","24","14.2","0.3","-0.19","-0.34","N/A","N/A","N/A","8-12-0","0.400"
"321","RoboLancers","1472","46.5","1500","1507","15.6","11.6","19.3","-0.2","-0.26","-0.34","2026joh","Johnson Division","8","21-32-0","0.396"
"749","Ctrl V","1473","46.5","1500","1507","15.2","17.6","13.7","0.3","-0.17","-0.34","N/A","N/A","N/A","10-15-1","0.404"
"5889","Commandobots","1474","46.5","1500","1507","19.7","13.5","13.2","0.02","-0.23","-0.23","N/A","N/A","N/A","5-5-0","0.500"
"3654","TechTigers","1475","46.4","1500","1506","12.1","19.8","14.6","0.16","-0.15","-0.34","N/A","N/A","N/A","17-24-0","0.415"
"3799","Electric Fire","1476","46.4","1500","1506","6.2","32.3","8","0.3","-0.23","-0.34","N/A","N/A","N/A","3-6-0","0.333"
"7137","Project 212","1477","46.4","1500","1506","16.2","11.4","18.9","0.15","-0.17","-0.34","N/A","N/A","N/A","25-19-0","0.568"
"10157","Roman Robotics","1478","46.4","1500","1506","7.5","23.2","15.8","-0.03","-0.19","-0.34","N/A","N/A","N/A","21-21-0","0.500"
"7068","Mechanical Masterminds","1479","46.4","1500","1506","13.6","15.1","17.6","0.18","-0.23","-0.34","N/A","N/A","N/A","9-12-0","0.429"
"7755","Phantom Circuits","1480","46.4","1500","1506","8.7","30.1","7.5","0.23","-0.24","-0.34","N/A","N/A","N/A","12-8-1","0.595"
"4951","CDS Cyclones","1481","46.4","1500","1506","17.9","10","18.5","0.05","-0.09","-0.27","N/A","N/A","N/A","19-22-0","0.463"
"9100","Robo Roses","1482","46.3","1500","1506","7.7","22.7","15.9","0.09","-0.17","-0.34","N/A","N/A","N/A","14-15-0","0.483"
"2358","Bearbotics","1483","46.3","1500","1506","8.9","27.1","10.3","0.24","-0.17","-0.34","N/A","N/A","N/A","12-12-0","0.500"
"10482","BuzzBots","1484","46.3","1500","1506","7.7","28.4","10.2","0.13","-0.13","-0.34","N/A","N/A","N/A","20-19-1","0.512"
"4509","Mechanical Bulls","1485","46.3","1500","1506","8","25.5","12.8","-0.03","-0.19","-0.34","N/A","N/A","N/A","28-17-1","0.620"
"7515","Dark Side Robotics","1486","46.2","1500","1506","12.2","20.4","13.6","0.17","-0.23","-0.23","N/A","N/A","N/A","10-10-0","0.500"
"9075","Redskin Robotics","1487","46.2","1500","1506","12.2","18.6","15.4","0.12","-0.07","-0.26","N/A","N/A","N/A","11-11-0","0.500"
"11417","Nano Knights","1488","46.2","1499","1506","12.3","20.5","13.3","-0.17","-0.26","-0.34","2026gal","Galileo Division","8","22-28-1","0.441"
"11223","The Whistlepunks","1489","46.2","1499","1506","11","22.9","12.2","0.23","-0.23","-0.34","N/A","N/A","N/A","8-6-0","0.571"
"3278","Electric Lakers","1490","46.1","1499","1506","7","23.7","15.4","0.31","-0.23","-0.34","N/A","N/A","N/A","7-12-0","0.368"
"7103","Robo Remedy @ Manitowoc Lut...","1491","46.1","1499","1505","13.4","21.8","10.8","0.36","-0.24","-0.34","N/A","N/A","N/A","10-18-0","0.357"
"2495","Hive Mind","1492","46","1499","1505","9.2","24.7","12.2","0.23","-0.23","-0.34","N/A","N/A","N/A","11-17-0","0.393"
"5920","VIKotics","1493","46","1499","1505","5.3","28.6","12.2","0.29","-0.24","-0.34","N/A","N/A","N/A","15-15-0","0.500"
"1854","The Chomp Bots","1494","46","1499","1505","8.2","28.4","9.4","0.19","-0.26","-0.34","N/A","N/A","N/A","14-16-0","0.467"
"1718","The Fighting Pi","1495","45.9","1499","1505","15.4","32.4","-1.8","0.11","-0.17","-0.34","N/A","N/A","N/A","27-19-0","0.587"
"5348","Charger Robotics","1496","45.9","1499","1505","6.4","25.2","14.4","0.07","-0.25","-0.34","2026hop","Hopper Division","8","27-14-0","0.659"
"7900","Trial N' Terror","1497","45.9","1499","1505","8.6","21.6","15.7","-0.17","-0.12","-0.34","N/A","N/A","N/A","18-23-1","0.440"
"423","Simple Machines","1498","45.8","1499","1505","4.1","26.3","15.4","0.16","-0.13","-0.34","N/A","N/A","N/A","23-22-0","0.511"
"325","Respawn Robotics","1499","45.8","1499","1505","12.4","20.8","12.6","0.24","-0.23","-0.34","N/A","N/A","N/A","4-14-0","0.222"
"3951","SUITS","1500","45.8","1499","1505","9.4","24","12.4","0.25","-0.23","-0.34","N/A","N/A","N/A","8-5-0","0.615"
"900","The Zebracorns","1501","45.8","1499","1505","6.2","22.5","17.1","0.23","-0.23","-0.34","N/A","N/A","N/A","15-15-0","0.500"
"5142","RoboDominators","1502","45.7","1499","1505","10.3","24.5","11","0.22","-0.17","-0.34","N/A","N/A","N/A","11-16-0","0.407"
"20","The Rocketeers","1503","45.7","1499","1505","9.2","22","14.5","0.09","-0.17","-0.34","N/A","N/A","N/A","9-12-0","0.429"
"3461","Operation PEACCE Robotics","1504","45.7","1499","1505","7.7","25.6","12.4","0.15","-0.17","-0.34","N/A","N/A","N/A","12-17-0","0.414"
"7695","Trojan Thunder","1505","45.7","1498","1505","11.6","20.1","14.1","0.12","-0.16","-0.34","N/A","N/A","N/A","5-7-0","0.417"
"6340","The Marist Manatees","1506","45.7","1498","1504","9.4","21.1","15.1","0.02","-0.2","-0.34","N/A","N/A","N/A","20-23-0","0.465"
"509","Red Storm","1507","45.6","1498","1504","7.3","24.6","13.7","0.02","-0.19","-0.34","N/A","N/A","N/A","16-27-0","0.372"
"7002","风云蹦豆","1508","45.6","1498","1504","2.9","26.9","15.8","0.19","-0.23","-0.34","N/A","N/A","N/A","4-3-0","0.571"
"10644","West Coast Warriors","1509","45.6","1498","1504","9.1","22.9","13.6","0.24","-0.24","-0.34","N/A","N/A","N/A","11-15-0","0.423"
"1257","Parallel Universe","1510","45.6","1498","1504","14.2","25.5","6","0.33","-0.23","-0.34","N/A","N/A","N/A","11-17-1","0.397"
"9404","Forge","1511","45.5","1498","1504","13.7","22.2","9.6","0.08","-0.23","-0.34","N/A","N/A","N/A","15-13-0","0.536"
"9199","SESI SENAI SHARKS","1512","45.5","1498","1504","5.9","24.5","15.1","0.14","-0.23","-0.34","N/A","N/A","N/A","11-13-0","0.458"
"3883","Data Bits","1513","45.4","1498","1504","17.3","18.9","9.2","0.12","-0.17","-0.34","N/A","N/A","N/A","10-15-0","0.400"
"9062","Critical Circuits","1514","45.4","1498","1504","6.9","23.5","15.1","0.05","-0.1","-0.34","N/A","N/A","N/A","23-21-0","0.523"
"9541","M st*e(squared)","1515","45.3","1498","1504","10.3","24","11.1","0.34","-0.24","-0.34","N/A","N/A","N/A","17-13-0","0.567"
"5985","Project Bucephalus","1516","45.3","1498","1503","15.6","27","2.7","-0.15","-0.26","-0.34","2026mil","Milstein Division","8","8-14-0","0.364"
"1772","The Brazilian Trail Blazers","1517","45.3","1498","1503","6.7","21.1","17.5","0.29","-0.23","-0.34","N/A","N/A","N/A","4-6-0","0.400"
"9136","Rampage","1518","45.3","1498","1503","1.8","26.4","17.1","0.05","-0.18","-0.34","N/A","N/A","N/A","19-24-0","0.442"
"7694","THE IRON LIONS","1519","45.3","1498","1503","6.5","27.2","11.5","0.16","-0.24","-0.34","N/A","N/A","N/A","6-20-0","0.231"
"7611","Amal Hawks Robotics","1520","45.2","1497","1503","3.3","29.7","12.2","0.2","-0.16","-0.34","N/A","N/A","N/A","17-11-1","0.603"
"9491","Crypto Creek","1521","45.2","1497","1503","9.5","24","11.7","-0.14","-0.19","-0.34","N/A","N/A","N/A","21-22-0","0.488"
"5557","BB-R8ERS","1522","45.2","1497","1503","7.8","30.7","6.6","-0.19","-0.29","-0.34","2026dal","Daly Division","8","17-19-0","0.472"
"2170","Galvanized Guardians","1523","45.1","1497","1503","10.5","22.7","12","0.03","-0.03","-0.34","N/A","N/A","N/A","23-22-0","0.511"
"5419","Berkelium","1524","45.1","1497","1503","13.4","17.2","14.6","0.07","-0.19","-0.34","N/A","N/A","N/A","22-21-0","0.512"
"11424","Boa Constructors","1525","45.1","1497","1503","10.3","23.4","11.4","0.05","-0.24","-0.34","N/A","N/A","N/A","24-24-0","0.500"
"6106","PrepaTec - TecGear","1526","45.1","1497","1503","15.6","18.8","10.7","-0.05","-0.27","-0.34","2026dal","Daly Division","8","12-13-0","0.480"
"6239","The Irrational Engineers","1527","45.1","1497","1503","10.5","22.2","12.3","0.13","-0.07","-0.34","N/A","N/A","N/A","16-13-0","0.552"
"4598","ICARUS INNOVATED","1528","45","1497","1503","9.6","32.5","2.9","0.14","-0.13","-0.34","N/A","N/A","N/A","7-5-0","0.583"
"6104","Desert Eagles in memory of ...","1529","44.9","1497","1502","9.8","24","11.1","0.13","-0.22","-0.33","N/A","N/A","N/A","0-0-0","0.000"
"9027","PATH to Domination","1530","44.9","1497","1502","12.6","16.1","16.3","-0.07","-0.01","-0.34","N/A","N/A","N/A","18-22-0","0.450"
"1711","RAPTORS","1531","44.8","1497","1502","11.1","20.1","13.5","-0.03","-0.1","-0.34","N/A","N/A","N/A","24-18-1","0.570"
"5980","East Grand Rapids Robotics","1532","44.8","1497","1502","7.5","26.4","10.9","0.19","-0.17","-0.34","N/A","N/A","N/A","14-18-0","0.438"
"5150","Hybrid Hornets","1533","44.8","1496","1502","7.8","23.3","13.7","0.3","-0.24","-0.34","N/A","N/A","N/A","9-20-0","0.310"
"6731","Record Robotics","1534","44.8","1496","1502","11.1","22.4","11.3","0.08","-0.24","-0.34","N/A","N/A","N/A","14-14-1","0.500"
"2543","TitanBot","1535","44.7","1496","1502","12.3","19.7","12.8","0.17","-0.17","-0.34","N/A","N/A","N/A","11-16-0","0.407"
"11195","VOLT Robotics","1536","44.7","1496","1502","12.4","21.1","11.1","0.1","-0.19","-0.34","N/A","N/A","N/A","9-14-0","0.391"
"2333","Sapulpa Robotics Team","1537","44.7","1496","1502","6.6","27","11.1","0.1","-0.22","-0.34","2026mil","Milstein Division","8","19-27-0","0.413"
"9168","AGROBOT","1538","44.6","1496","1502","8.5","25.9","10.3","0.23","-0.23","-0.34","N/A","N/A","N/A","6-7-0","0.462"
"138","Entropy","1539","44.6","1496","1502","6.9","22.4","15.3","0.16","-0.19","-0.34","N/A","N/A","N/A","14-16-0","0.467"
"8821","TVRT-Trojanbots","1540","44.6","1496","1501","11.7","24.7","8.2","0.12","-0.16","-0.34","N/A","N/A","N/A","6-11-0","0.353"
"9226","GRemlins","1541","44.5","1496","1501","11.4","21.7","11.4","0.14","-0.17","-0.34","N/A","N/A","N/A","11-21-0","0.344"
"4295","Hudson Stingers","1542","44.4","1496","1501","18.9","6.3","19.2","-0.19","-0.21","-0.23","N/A","N/A","N/A","22-23-0","0.489"
"10229","Event Horizon","1543","44.4","1496","1501","19.1","20.2","5.1","-0.13","-0.21","-0.34","2026dal","Daly Division","8","15-20-0","0.429"
"8426","Automated Amphibians","1544","44.3","1496","1501","12.6","19.9","11.9","0.29","-0.24","-0.34","N/A","N/A","N/A","15-14-0","0.517"
"7691","TSA All Stars","1545","44.3","1496","1501","7.9","27.3","9.1","-0.01","-0.26","-0.34","N/A","N/A","N/A","19-24-0","0.442"
"8611","Cyber Patriots","1546","44.3","1495","1501","7.8","27","9.6","0.11","-0.24","-0.34","N/A","N/A","N/A","10-16-0","0.385"
"640","Edison Robotics","1547","44.3","1495","1501","10.4","25","8.9","0.21","-0.12","-0.34","N/A","N/A","N/A","5-3-0","0.625"
"4296","Trident Robotics","1548","44.3","1495","1501","10.1","20.8","13.4","0.11","-0.23","-0.34","N/A","N/A","N/A","6-4-0","0.600"
"2145","HAZMATS","1549","44.3","1495","1501","11.6","19.4","13.3","0.14","-0.17","-0.34","N/A","N/A","N/A","11-18-0","0.379"
"6933","Archytas","1550","44.2","1495","1501","9.9","17.6","16.7","0.17","-0.12","-0.34","N/A","N/A","N/A","9-20-0","0.310"
"4112","EagleBots","1551","44.2","1495","1501","9.5","24","10.7","0","-0.18","-0.34","N/A","N/A","N/A","17-23-0","0.425"
"5492","Winner's Circle Robo Jockey's","1552","44.2","1495","1501","7.9","17.5","18.8","0.15","-0.23","-0.34","N/A","N/A","N/A","7-15-0","0.318"
"1554","Oceanside Kraken","1553","44.2","1495","1500","11.1","31.2","1.9","0.26","-0.23","-0.34","N/A","N/A","N/A","8-4-0","0.667"
"9111","Pyro Mechanics","1554","44.2","1495","1500","11.7","21.5","11","0.13","-0.14","-0.34","N/A","N/A","N/A","11-14-0","0.440"
"9642","I.N.T. Robotics","1555","44.2","1495","1500","8","20","16.1","0.25","-0.24","-0.34","N/A","N/A","N/A","11-17-0","0.393"
"1997","STAGROBOTICS","1556","44.2","1495","1500","10.7","21.5","12","0.2","-0.24","-0.34","N/A","N/A","N/A","11-14-0","0.440"
"3786","Chargers","1557","44.2","1495","1500","10.3","17.6","16.3","0.34","-0.24","-0.34","N/A","N/A","N/A","13-16-0","0.448"
"6014","ARC","1558","44.2","1495","1500","8.5","21.7","14","0.2","-0.24","-0.34","N/A","N/A","N/A","10-15-0","0.400"
"10281","MechaWolves","1559","44.2","1495","1500","9.1","22.7","12.4","0.17","-0.19","-0.34","N/A","N/A","N/A","18-14-0","0.563"
"10690","ERROR 448","1560","44.1","1495","1500","8.2","23.3","12.7","0.24","-0.24","-0.34","N/A","N/A","N/A","13-15-0","0.464"
"5607","Team Firewall","1561","44","1495","1500","12.1","18.7","13.2","-0.07","-0.24","-0.34","N/A","N/A","N/A","18-23-0","0.439"
"3072","Backwoods Bots","1562","44","1495","1500","6.8","22","15.3","0.14","-0.24","-0.34","N/A","N/A","N/A","11-17-0","0.393"
"7485","Mo Co Robo","1563","44","1495","1500","7.9","22.2","13.9","0.23","-0.24","-0.34","N/A","N/A","N/A","6-18-0","0.250"
"1719","The Umbrella Corporation","1564","44","1495","1500","16.9","20.8","6.3","0.07","-0.26","-0.34","N/A","N/A","N/A","19-26-0","0.422"
"5842","Royal Robotics","1565","44","1495","1500","7.3","26.7","10.1","0.28","-0.23","-0.34","N/A","N/A","N/A","8-14-0","0.364"
"5407","Wolfpack Robotics","1566","44","1495","1500","11.9","17.8","14.3","0.18","-0.24","-0.34","N/A","N/A","N/A","15-18-0","0.455"
"4523","MCROBO","1567","44","1495","1500","8.6","20","15.4","0.2","-0.16","-0.34","N/A","N/A","N/A","11-16-0","0.407"
"10584","Ridge Robotics","1568","44","1495","1500","13.1","14.8","16.1","-0.03","-0.19","-0.34","N/A","N/A","N/A","19-22-0","0.463"
"2722","Charge Robotics","1569","43.9","1495","1500","7.4","23.3","13.2","0.22","-0.24","-0.34","N/A","N/A","N/A","11-18-0","0.379"
"4416","Skynet","1570","43.9","1495","1500","9.6","23.4","10.9","0.13","-0.22","-0.33","N/A","N/A","N/A","0-0-0","0.000"
"539","Titan Robotics","1571","43.8","1495","1500","14.4","14.5","15","0.12","-0.23","-0.34","N/A","N/A","N/A","16-18-0","0.471"
"9673","Volt Vespids","1572","43.8","1495","1500","9.5","24.1","10.3","0.09","-0.17","-0.34","N/A","N/A","N/A","15-17-0","0.469"
"6548","Perry RAMBOTS","1573","43.8","1494","1499","9.8","24.4","9.6","0.22","-0.23","-0.34","N/A","N/A","N/A","15-16-0","0.484"
"11120","Frostbite Robotics","1574","43.8","1494","1499","10.3","20.7","12.8","0.17","-0.23","-0.34","N/A","N/A","N/A","6-5-0","0.545"
"6100","MS Mobots","1575","43.8","1494","1499","9.1","20.8","13.9","0.16","-0.24","-0.34","N/A","N/A","N/A","16-17-0","0.485"
"4458","Infernobotix","1576","43.7","1494","1499","9.4","19.6","14.7","0.36","-0.23","-0.34","N/A","N/A","N/A","10-10-0","0.500"
"1468","Hicksville J-Birds","1577","43.6","1494","1499","10.6","23.1","9.9","0.15","-0.17","-0.34","N/A","N/A","N/A","12-13-0","0.480"
"4787","Axiom","1578","43.6","1494","1499","8.2","22.3","13.2","0.15","-0.07","-0.34","N/A","N/A","N/A","6-18-0","0.250"
"3566","Gone Fishin'","1579","43.6","1494","1499","9.7","19.2","14.6","0.17","-0.15","-0.34","N/A","N/A","N/A","21-22-0","0.488"
"2341","Sprockets","1580","43.5","1494","1499","6","26.6","10.9","0.23","-0.24","-0.34","N/A","N/A","N/A","19-17-0","0.528"
"3242","ILLUMICATS","1581","43.5","1494","1499","12.1","23.5","7.9","0.15","-0.13","-0.34","N/A","N/A","N/A","5-4-0","0.556"
"5883","Spice Gears","1582","43.5","1494","1499","6.1","25.7","11.7","0.08","-0.24","-0.34","N/A","N/A","N/A","17-13-0","0.567"
"6729","RobCoBots","1583","43.5","1494","1499","3.2","25.3","15","0.24","-0.23","-0.34","N/A","N/A","N/A","12-17-0","0.414"
"3824","HVA RoHAWKtics","1584","43.5","1494","1499","6","22","15.6","0.23","-0.23","-0.34","N/A","N/A","N/A","15-13-0","0.536"
"663","Power Sharks","1585","43.4","1494","1498","12.4","19.1","11.9","0.12","-0.24","-0.34","N/A","N/A","N/A","13-17-0","0.433"
"7540","Timberwolf Robotics","1586","43.4","1494","1498","7.2","21.2","14.9","0.19","-0.24","-0.34","N/A","N/A","N/A","12-17-0","0.414"
"6758","Otternauts","1587","43.3","1493","1498","11.7","21.8","9.8","0.24","-0.23","-0.34","N/A","N/A","N/A","8-6-1","0.567"
"8224","STEM 4 ALL","1588","43.3","1493","1498","5","26.9","11.4","0.25","-0.23","-0.34","N/A","N/A","N/A","5-8-0","0.385"
"1712","Dawgma","1589","43.2","1493","1498","12.6","21.8","8.8","0.02","-0.19","-0.34","N/A","N/A","N/A","17-24-0","0.415"
"5903","ThorBots","1590","43.2","1493","1498","5.3","25.2","12.8","0.05","-0.24","-0.34","N/A","N/A","N/A","13-15-0","0.464"
"8551","RoNex","1591","43.2","1493","1498","6.9","25.3","11","0.11","-0.12","-0.34","N/A","N/A","N/A","6-9-0","0.400"
"3669","CarbonKnights","1592","43.2","1493","1498","11.4","18.8","13","0.26","-0.15","-0.34","N/A","N/A","N/A","13-13-0","0.500"
"7094","Alpha Omega","1593","43.2","1493","1498","11.1","20.3","11.9","0.25","-0.24","-0.34","N/A","N/A","N/A","11-13-0","0.458"
"11210","MACHS Raiders 1","1594","43.2","1493","1498","11.7","26.5","5","0.21","-0.23","-0.34","N/A","N/A","N/A","4-4-0","0.500"
"949","Wolverine Robotics","1595","43.1","1493","1498","14.2","20.9","8.1","0.18","-0.24","-0.34","N/A","N/A","N/A","11-16-0","0.407"
"2726","Red Pebble Rebels","1596","43.1","1493","1498","4.8","22.7","15.7","0.22","-0.18","-0.34","N/A","N/A","N/A","10-13-1","0.438"
"6632","Northview Robotics","1597","43.1","1493","1497","8","21.1","14","-0.09","0.02","-0.34","N/A","N/A","N/A","19-25-0","0.432"
"6918","Napa Cellar Rats","1598","43.1","1493","1497","9.8","22.8","10.5","0.18","-0.1","-0.34","N/A","N/A","N/A","8-16-0","0.333"
"7178","Yeti","1599","43.1","1493","1497","9.9","22.5","10.7","0.38","-0.24","-0.34","N/A","N/A","N/A","14-15-0","0.483"
"6465","Mystic Biscuit","1600","43.1","1493","1497","8.6","23.7","10.7","0.23","-0.24","-0.34","N/A","N/A","N/A","12-16-1","0.431"
"1351","TKO","1601","43","1493","1497","11.3","23.7","8.1","0.24","-0.05","-0.34","N/A","N/A","N/A","11-19-0","0.367"
"9626","JagWire Robotics","1602","43","1493","1497","8.5","23.8","10.7","0.21","-0.23","-0.34","N/A","N/A","N/A","8-7-0","0.533"
"2224","RoboPhoenix","1603","42.9","1493","1497","14","15.4","13.6","-0.18","-0.14","-0.34","N/A","N/A","N/A","25-23-0","0.521"
"4628","Sintian Robotics","1604","42.9","1493","1497","4.8","23.1","15","0.14","-0.08","-0.34","N/A","N/A","N/A","10-14-0","0.417"
"8767","Dark Horse Robotics","1605","42.9","1493","1497","10.9","20.4","11.6","-0.01","-0.27","-0.34","N/A","N/A","N/A","21-26-0","0.447"
"11503","TALONS","1606","42.9","1493","1497","11.7","19.4","11.8","0.11","-0.17","-0.34","N/A","N/A","N/A","21-24-0","0.467"
"4765","PWRUP","1607","42.9","1493","1497","15.4","18.9","8.5","0.04","-0.2","-0.34","N/A","N/A","N/A","11-16-0","0.407"
"4485","Tribe Tech Robotics","1608","42.8","1492","1497","9.7","19.7","13.4","0.28","-0.14","-0.34","N/A","N/A","N/A","11-15-0","0.423"
"3067","Robovikes","1609","42.8","1492","1497","7.3","23","12.5","0.35","-0.15","-0.34","N/A","N/A","N/A","10-17-0","0.370"
"7757","Atomic Dishwashers","1610","42.8","1492","1497","13.6","9.2","20","-0.11","-0.09","-0.27","N/A","N/A","N/A","13-27-0","0.325"
"8153","Tech4Peace","1611","42.7","1492","1497","11.3","22","9.5","0.12","-0.24","-0.34","N/A","N/A","N/A","12-16-1","0.431"
"6643","Walnuts and Bolts","1612","42.7","1492","1496","8.7","24.2","9.8","0.15","-0.24","-0.34","N/A","N/A","N/A","11-16-0","0.407"
"6026","Tiger Strike","1613","42.7","1492","1496","8.8","23.8","10.1","0.14","-0.16","-0.34","N/A","N/A","N/A","13-9-0","0.591"
"2679","Atlantis","1614","42.7","1492","1496","9.3","22.8","10.6","0.12","-0.22","-0.33","N/A","N/A","N/A","0-0-0","0.000"
"1847","WRATH","1615","42.6","1492","1496","5.8","22.7","14.2","0.23","-0.23","-0.34","N/A","N/A","N/A","16-13-0","0.552"
"1051","Technical Terminators","1616","42.6","1492","1496","8.7","24.2","9.7","0.24","-0.23","-0.34","N/A","N/A","N/A","11-17-0","0.393"
"1672","Robo T-Birds","1617","42.6","1492","1496","7.8","18.5","16.3","-0.16","-0.13","-0.34","N/A","N/A","N/A","21-24-1","0.467"
"6110","Doc Botics","1618","42.6","1492","1496","16.5","13.8","12.2","0.24","-0.15","-0.34","N/A","N/A","N/A","12-19-0","0.387"
"7748","TECHTOLIA ROBOTICS","1619","42.6","1492","1496","5.4","23.9","13.3","0.16","-0.13","-0.34","N/A","N/A","N/A","10-14-0","0.417"
"11276","Kenner BruhBots","1620","42.6","1492","1496","11.1","17.6","13.9","0.11","-0.12","-0.34","N/A","N/A","N/A","3-5-0","0.375"
"2987","Rogue Robotics","1621","42.5","1492","1496","11.8","22","8.7","0.21","-0.23","-0.34","N/A","N/A","N/A","13-11-0","0.542"
"4276","Surf City Vikings","1622","42.5","1492","1496","8.9","21.9","11.7","0.22","-0.24","-0.34","N/A","N/A","N/A","10-17-0","0.370"
"5515","Blue Power Robotics","1623","42.5","1492","1496","5.8","22","14.8","0.21","-0.24","-0.34","N/A","N/A","N/A","11-12-0","0.478"
"4638","Jagbots","1624","42.5","1492","1496","16.5","17","9","0.09","-0.24","-0.27","N/A","N/A","N/A","24-21-1","0.533"
"10502","HARPIA ROBOTICS","1625","42.4","1492","1496","12.2","18","12.3","0.03","-0.15","-0.34","N/A","N/A","N/A","12-14-0","0.462"
"4216","Blue Ops Robotics","1626","42.4","1492","1496","13.7","20.8","7.9","0.19","-0.24","-0.34","N/A","N/A","N/A","12-13-1","0.481"
"8729","Sparkling H2O","1627","42.4","1492","1496","4.6","18.6","19.2","-0.11","-0.18","-0.34","N/A","N/A","N/A","12-28-0","0.300"
"2405","Techno Trojans","1628","42.4","1492","1496","13.7","21.5","7.2","0.06","-0.23","-0.34","N/A","N/A","N/A","15-15-0","0.500"
"3009","High Scalers","1629","42.4","1491","1496","9.9","22.8","9.7","0.03","-0.23","-0.34","N/A","N/A","N/A","7-14-0","0.333"
"2473","Goldstrikers","1630","42.3","1491","1495","9.8","22.7","9.8","0.32","-0.17","-0.34","N/A","N/A","N/A","13-18-0","0.419"
"5227","Eagle Elite","1631","42.3","1491","1495","12","14.8","15.5","0.09","-0.16","-0.34","N/A","N/A","N/A","8-18-0","0.308"
"9307","Spicy Chihuahuas","1632","42.2","1491","1495","6.1","22.9","13.3","0.26","-0.24","-0.34","N/A","N/A","N/A","10-16-0","0.385"
"8701","GRAFFITI","1633","42.2","1491","1495","6.5","24.1","11.6","-0.04","-0.25","-0.34","N/A","N/A","N/A","18-25-0","0.419"
"8717","Cyber Vipers","1634","42.2","1491","1495","4.8","23.9","13.4","0.17","-0.15","-0.34","N/A","N/A","N/A","8-11-0","0.421"
"2673","Tenacious Technicians","1635","42.1","1491","1495","8.7","24.1","9.3","0.14","-0.24","-0.34","N/A","N/A","N/A","16-14-0","0.533"
"5149","TroyBotics","1636","42.1","1491","1495","7.8","28.4","6","0.23","-0.23","-0.34","N/A","N/A","N/A","4-4-0","0.500"
"1885","Comet Robotics","1637","42.1","1491","1495","7.2","24","10.9","0.29","-0.24","-0.34","N/A","N/A","N/A","9-18-1","0.339"
"10711","FORMSHOP","1638","42.1","1491","1495","8.8","24.9","8.5","0.2","-0.23","-0.34","N/A","N/A","N/A","14-11-0","0.560"
"4181","Quack Attack","1639","42.1","1491","1495","9.5","22.3","10.2","0.23","-0.23","-0.34","N/A","N/A","N/A","11-14-0","0.440"
"1220","Rockhoppers - Hilltopper Ro...","1640","42.1","1491","1495","10","17.3","14.8","0.21","-0.17","-0.34","N/A","N/A","N/A","11-16-0","0.407"
"3295","STEMdroids","1641","42","1491","1495","9","23.3","9.8","0.17","-0.08","-0.34","N/A","N/A","N/A","4-8-0","0.333"
"3792","Army Ants","1642","42","1491","1495","14","19.8","8.2","-0.19","-0.3","-0.34","2026cur","Curie Division","8","12-21-0","0.364"
"9543","Cyclone Robotics","1643","42","1491","1495","13.5","22.8","5.7","0.17","-0.23","-0.34","N/A","N/A","N/A","4-4-0","0.500"
"5870","League of Logic","1644","41.9","1491","1494","10.9","22.8","8.3","0.04","-0.17","-0.34","N/A","N/A","N/A","13-28-0","0.317"
"6662","FalconX","1645","41.9","1491","1494","16","16.5","9.4","0.04","-0.21","-0.34","N/A","N/A","N/A","19-26-0","0.422"
"9646","The Marinators","1646","41.9","1490","1494","3.9","24.4","13.6","-0.18","-0.19","-0.34","2026joh","Johnson Division","8","14-10-0","0.583"
"2262","Robo-Panthers","1647","41.9","1490","1494","7.2","19.3","15.4","0.19","-0.13","-0.34","N/A","N/A","N/A","12-14-0","0.462"
"2984","Vikings Robotics","1648","41.9","1490","1494","8.8","16.1","17","0.02","-0.06","-0.34","N/A","N/A","N/A","21-19-0","0.525"
"9499","KANARITECH - FRESNILLO PLC","1649","41.9","1490","1494","3.5","21.3","17.1","0.2","-0.23","-0.34","N/A","N/A","N/A","5-5-1","0.500"
"1421","Team CHAOS","1650","41.9","1490","1494","8","20","13.9","0.17","-0.23","-0.34","N/A","N/A","N/A","8-15-0","0.348"
"3646","INTEGRA BAHCESEHIR","1651","41.9","1490","1494","4.6","18.3","19","-0.14","-0.23","-0.34","2026dal","Daly Division","8","14-21-0","0.400"
"6153","Blue Crew","1652","41.8","1490","1494","10.9","23.9","7","0.09","-0.06","-0.34","N/A","N/A","N/A","17-15-0","0.531"
"3388","Flash in memory of Margarit...","1653","41.8","1490","1494","9.1","22.3","10.4","0.12","-0.22","-0.33","N/A","N/A","N/A","0-0-0","0.000"
"5135","Black Unicorns","1654","41.8","1490","1494","9.1","22.3","10.4","0.12","-0.22","-0.33","N/A","N/A","N/A","0-0-0","0.000"
"5849","Joker","1655","41.8","1490","1494","8.4","22.6","10.8","0.12","-0.12","-0.34","N/A","N/A","N/A","2-5-0","0.286"
"246","Lobstah Bots","1656","41.8","1490","1494","11.5","21","9.3","0.21","-0.18","-0.34","N/A","N/A","N/A","14-13-0","0.519"
"431","PinkZilla","1657","41.7","1490","1494","10.2","21.1","10.5","0.15","-0.23","-0.34","N/A","N/A","N/A","5-6-0","0.455"
"6863","Squirrels","1658","41.7","1490","1494","10.7","22.1","8.9","0.2","-0.24","-0.34","N/A","N/A","N/A","9-20-0","0.310"
"11100","Team Epsilon","1659","41.7","1490","1494","5.1","14.8","21.8","0.22","-0.23","-0.34","N/A","N/A","N/A","4-15-0","0.211"
"2869","Regal Eagles","1660","41.7","1490","1494","11","25.5","5.2","0.26","-0.17","-0.34","N/A","N/A","N/A","10-11-0","0.476"
"4135","Iron Patriots","1661","41.7","1490","1494","7.9","17.1","16.8","0.03","-0.12","-0.34","N/A","N/A","N/A","14-23-1","0.382"
"7480","Machine Mavericks","1662","41.6","1490","1494","11.5","20.7","9.4","-0.01","-0.03","-0.34","N/A","N/A","N/A","19-26-1","0.424"
"3635","Flying Legion","1663","41.6","1490","1494","8.7","20.8","12.1","0.14","-0.19","-0.34","N/A","N/A","N/A","18-27-1","0.402"
"3196","Team SPORK","1664","41.6","1490","1494","7.9","19.3","14.5","-0.05","-0.24","-0.34","N/A","N/A","N/A","21-23-0","0.477"
"8230","KoiBots","1665","41.6","1490","1494","7.8","21.1","12.7","0.17","-0.24","-0.34","N/A","N/A","N/A","13-17-0","0.433"
"5491","Hard Reset","1666","41.6","1490","1493","6.6","23.5","11.5","0.19","-0.15","-0.34","N/A","N/A","N/A","6-18-0","0.250"
"648","QC ELITE  Flaming Squirrels","1667","41.6","1490","1493","12.7","13","15.9","0.18","-0.14","-0.34","N/A","N/A","N/A","6-14-0","0.300"
"999","MechaRAMS","1668","41.5","1490","1493","11.3","16.9","13.4","-0.23","-0.16","-0.34","2026dal","Daly Division","8","17-23-0","0.425"
"6088","Stephenson Eagles","1669","41.5","1490","1493","15.2","18.7","7.6","-0.16","-0.15","-0.34","N/A","N/A","N/A","18-27-0","0.400"
"3532","Piranhas","1670","41.5","1490","1493","11","16.2","14.4","0.22","-0.23","-0.34","N/A","N/A","N/A","6-5-0","0.545"
"6940","Violet Z","1671","41.5","1490","1493","17.8","11.2","12.5","-0.06","-0.27","-0.34","2026joh","Johnson Division","8","7-12-0","0.368"
"2207","Bright Bears","1672","41.5","1490","1493","12","15","14.5","0.24","-0.23","-0.34","N/A","N/A","N/A","5-5-0","0.500"
"9042","SOARIN","1673","41.5","1489","1493","8","21.8","11.7","0.09","-0.17","-0.34","N/A","N/A","N/A","16-12-0","0.571"
"9747","ElectroPanthers II","1674","41.4","1489","1493","6.4","24.3","10.8","0.19","-0.24","-0.34","N/A","N/A","N/A","11-13-0","0.458"
"66","Grizzly Robotics","1675","41.4","1489","1493","12.7","20.8","7.9","0.28","-0.24","-0.34","N/A","N/A","N/A","12-14-0","0.462"
"9594","Ashley  Bears","1676","41.4","1489","1493","7.6","23.2","10.6","0.18","-0.24","-0.34","N/A","N/A","N/A","11-13-0","0.458"
"9717","Poultronix","1677","41.3","1489","1493","4.4","21.7","15.2","0.06","-0.23","-0.34","N/A","N/A","N/A","8-11-0","0.421"
"1983","Skunk Works Robotics","1678","41.3","1489","1493","10.5","21.5","9.2","0.02","-0.18","-0.34","N/A","N/A","N/A","19-23-0","0.452"
"11347","Bronco Brigade","1679","41.2","1489","1493","4.8","23.6","12.8","0.19","-0.17","-0.34","N/A","N/A","N/A","7-17-0","0.292"
"9317","SteamRollers","1680","41.2","1489","1493","15.6","17.5","8.1","0.22","-0.24","-0.34","N/A","N/A","N/A","17-12-0","0.586"
"2898","Flying Hedgehogs","1681","41.2","1489","1492","9","23.9","8.3","0.14","-0.17","-0.34","N/A","N/A","N/A","14-14-0","0.500"
"3925","Ventura Robotics","1682","41.2","1489","1492","8","25.7","7.5","-0.18","-0.05","-0.34","N/A","N/A","N/A","24-19-0","0.558"
"5928","MetalBoost","1683","41.1","1489","1492","9","22","10.2","0.12","-0.22","-0.33","N/A","N/A","N/A","0-0-0","0.000"
"6988","ACI35","1684","41.1","1489","1492","10.1","22.8","8.2","-0.02","-0.22","-0.34","2026new","Newton Division","8","14-24-0","0.368"
"8746","Knights","1685","41.1","1489","1492","10.1","20.4","10.6","-0.13","-0.24","-0.34","N/A","N/A","N/A","20-23-0","0.465"
"8220","Space Tigers MBA Robotics","1686","41","1489","1492","9.6","20.7","10.7","0.15","-0.23","-0.34","N/A","N/A","N/A","7-7-0","0.500"
"5887","PrepaTec IMPERATOR","1687","41","1488","1492","6.5","20.2","14.3","0.11","-0.23","-0.34","N/A","N/A","N/A","8-12-0","0.400"
"6094","Manic Mechanics","1688","40.9","1488","1492","10.4","19.9","10.7","0.21","-0.24","-0.34","N/A","N/A","N/A","9-15-0","0.375"
"10370","Squatch Watch","1689","40.9","1488","1492","7.6","19","14.3","0.23","-0.23","-0.34","N/A","N/A","N/A","6-6-0","0.500"
"2096","RoboActive","1690","40.9","1488","1492","17.3","15.3","8.3","-0.2","-0.31","-0.34","2026joh","Johnson Division","8","4-6-0","0.400"
"2526","Crimson Robotics","1691","40.9","1488","1492","9.1","21.4","10.4","0.1","-0.23","-0.34","N/A","N/A","N/A","11-16-0","0.407"
"7067","Team Streak","1692","40.8","1488","1491","8.9","21.8","10.1","0.12","-0.22","-0.33","N/A","N/A","N/A","0-0-0","0.000"
"10595","Big Bay de Noc Black Bear B...","1693","40.8","1488","1491","10.3","19.3","11.2","0.2","-0.24","-0.34","N/A","N/A","N/A","9-16-0","0.360"
"4692","Metal Mallards","1694","40.7","1488","1491","5.2","17.5","18","0.42","-0.24","-0.34","N/A","N/A","N/A","11-17-0","0.393"
"5459","Ipswich TIGERS","1695","40.7","1488","1491","11","21.5","8.2","0.21","-0.12","-0.34","N/A","N/A","N/A","14-15-0","0.483"
"10909","CuttingEdge","1696","40.7","1488","1491","5.6","25.1","10","0.03","-0.25","-0.34","N/A","N/A","N/A","19-23-0","0.452"
"9066","Cavalo Vendado","1697","40.6","1488","1491","10.4","26.8","3.5","-0.09","-0.25","-0.34","2026cur","Curie Division","8","13-11-0","0.542"
"486","Positronic Panthers","1698","40.6","1488","1491","6.8","19","14.8","-0.12","-0.19","-0.34","N/A","N/A","N/A","27-21-0","0.563"
"1308","Wildcat Robotics","1699","40.6","1488","1491","6.8","18","15.8","0.1","-0.19","-0.34","N/A","N/A","N/A","12-15-0","0.444"
"2129","Ultraviolet","1700","40.5","1488","1491","11","15.8","13.7","0.21","-0.23","-0.34","N/A","N/A","N/A","9-16-1","0.365"
"6887","Dalton Catabots","1701","40.5","1487","1491","9.5","16","15","-0.16","-0.19","-0.34","N/A","N/A","N/A","20-22-0","0.476"
"9055","Knights of Katahdin (Ka TAH...","1702","40.5","1487","1491","10.7","21.7","8.1","0.21","-0.24","-0.34","N/A","N/A","N/A","17-15-0","0.531"
"2013","Cybergnomes","1703","40.4","1487","1490","9.9","20.1","10.5","0.02","-0.1","-0.34","N/A","N/A","N/A","27-27-0","0.500"
"87","Diablo","1704","40.4","1487","1490","7.1","19.1","14.3","0.07","-0.17","-0.34","N/A","N/A","N/A","11-16-0","0.407"
"4130","The Blue Devils","1705","40.4","1487","1490","6.3","15.3","18.8","0.18","-0.23","-0.34","N/A","N/A","N/A","11-21-0","0.344"
"3288","Punchers","1706","40.4","1487","1490","6.8","21.1","12.6","0.16","-0.25","-0.34","N/A","N/A","N/A","14-16-0","0.467"
"2867","ElkLogics","1707","40.4","1487","1490","18.9","12.3","9.2","-0.08","-0.19","-0.27","N/A","N/A","N/A","18-26-0","0.409"
"8016","Eco Robotics","1708","40.4","1487","1490","10.2","21","9.2","0.14","-0.17","-0.34","N/A","N/A","N/A","12-18-0","0.400"
"3361","Governators","1709","40.3","1487","1490","9.8","20","10.6","-0.01","-0.19","-0.34","N/A","N/A","N/A","19-25-0","0.432"
"5442","Mechanical Monarchy","1710","40.3","1487","1490","8.4","23.2","8.8","0.14","-0.25","-0.34","N/A","N/A","N/A","12-11-0","0.522"
"10978","Complete Robotics","1711","40.3","1487","1490","12.9","18.5","8.9","0.09","-0.22","-0.34","N/A","N/A","N/A","22-21-0","0.512"
"2165","BisonBots","1712","40.3","1487","1490","9.6","23.3","7.4","0.14","-0.24","-0.34","N/A","N/A","N/A","7-14-0","0.333"
"9015","Questionable Engineering","1713","40.2","1487","1490","5.2","18","17","-0.07","-0.25","-0.34","N/A","N/A","N/A","23-22-0","0.511"
"6652","Tigres","1714","40.2","1487","1490","9.7","21.7","8.8","-0.02","-0.22","-0.34","2026joh","Johnson Division","8","17-17-0","0.500"
"4041","Iron Tigers","1715","40.2","1487","1490","7","21.6","11.6","-0.15","-0.14","-0.34","N/A","N/A","N/A","20-21-0","0.488"
"5110","Roboherd","1716","40.2","1487","1490","8.8","16.1","15.2","0.11","-0.23","-0.34","N/A","N/A","N/A","14-15-0","0.483"
"1569","Haywire Robotics","1717","40.1","1487","1490","6.7","25.9","7.6","0.13","-0.17","-0.34","N/A","N/A","N/A","11-11-0","0.500"
"4573","Rambotics","1718","40.1","1487","1490","11.3","17.8","11","0.05","-0.24","-0.34","N/A","N/A","N/A","14-15-0","0.483"
"5049","Minerbots","1719","40.1","1486","1490","7.3","22.2","10.6","0.09","-0.14","-0.34","N/A","N/A","N/A","4-6-0","0.400"
"1736","Robot Casserole","1720","40.1","1486","1489","8.8","19.4","11.9","0.31","-0.25","-0.34","N/A","N/A","N/A","10-15-0","0.400"
"5588","Reign Robotics","1721","40.1","1486","1489","11.6","21.4","7","0.28","-0.17","-0.34","N/A","N/A","N/A","12-22-0","0.353"
"2265","Fe Maidens","1722","40.1","1486","1489","10.8","22","7.2","0.23","-0.24","-0.34","N/A","N/A","N/A","10-16-0","0.385"
"9644","NEIA Robotics","1723","40","1486","1489","12.8","19.8","7.5","-0.07","-0.12","-0.34","2026mil","Milstein Division","8","28-34-0","0.452"
"11443","Ferrum Nexus","1724","40","1486","1489","10.2","23.8","6","0.31","-0.23","-0.34","N/A","N/A","N/A","5-7-0","0.417"
"308","Monsters","1725","40","1486","1489","8.8","21","10.2","0.28","-0.24","-0.34","N/A","N/A","N/A","12-22-0","0.353"
"7048","Red River Rage","1726","40","1486","1489","9.6","13.8","16.6","0.22","-0.17","-0.34","N/A","N/A","N/A","17-14-0","0.548"
"63","McDowell Robotics Team 63","1727","40","1486","1489","5.2","20.9","13.9","0.07","-0.23","-0.34","N/A","N/A","N/A","4-5-0","0.444"
"9244","Belize IT","1728","40","1486","1489","8.8","18.5","12.7","0.17","-0.13","-0.34","N/A","N/A","N/A","6-5-0","0.545"
"6305","Stable Circuits","1729","40","1486","1489","13.1","12.8","14.1","0","-0.2","-0.34","N/A","N/A","N/A","20-24-0","0.455"
"8075","CyberTigers","1730","40","1486","1489","13.2","20.6","6.1","-0.05","-0.19","-0.34","N/A","N/A","N/A","19-24-0","0.442"
"9050","Tucanus","1731","40","1486","1489","7.9","18.3","13.8","0.28","-0.23","-0.34","N/A","N/A","N/A","6-5-0","0.545"
"8782","TroBotics","1732","39.9","1486","1489","10","13.9","16","0.12","-0.23","-0.34","N/A","N/A","N/A","7-9-0","0.438"
"9552","Rambotics","1733","39.9","1486","1489","11.5","18.3","10.1","0.04","-0.24","-0.34","N/A","N/A","N/A","3-6-0","0.333"
"10132","Kuanta Robotics","1734","39.9","1486","1489","9","19.4","11.5","0.14","-0.12","-0.34","N/A","N/A","N/A","3-6-0","0.333"
"2083","Team Blitz","1735","39.9","1486","1489","6.8","22.4","10.6","0.26","-0.17","-0.34","N/A","N/A","N/A","7-14-0","0.333"
"1555","CryoFrost","1736","39.8","1486","1489","10","19.1","10.7","0.22","-0.24","-0.34","N/A","N/A","N/A","11-16-0","0.407"
"8124","RHS BearBots","1737","39.8","1486","1489","10.2","20.2","9.5","0.25","-0.24","-0.34","N/A","N/A","N/A","9-17-0","0.346"
"2141","Spartronics","1738","39.8","1486","1489","13.8","15.6","10.5","0.26","-0.24","-0.34","N/A","N/A","N/A","12-16-0","0.429"
"10264","STORM","1739","39.8","1486","1489","6.9","18.6","14.2","0.02","-0.15","-0.34","N/A","N/A","N/A","22-21-0","0.512"
"11065","STEAMex Overheat","1740","39.7","1486","1489","9.9","17.4","12.4","-0.02","-0.2","-0.34","2026mil","Milstein Division","8","8-14-0","0.364"
"9016","Syosset SuperSonics","1741","39.7","1486","1489","13.3","15.8","10.7","0.06","-0.23","-0.34","N/A","N/A","N/A","8-14-0","0.364"
"10652","Mechanical MacGyvers","1742","39.7","1486","1488","8.9","16.8","14","0.19","-0.19","-0.34","N/A","N/A","N/A","11-16-1","0.411"
"9313","ROBOhana","1743","39.7","1486","1488","4.5","19.8","15.4","0.27","-0.24","-0.34","N/A","N/A","N/A","7-10-0","0.412"
"5618","PLS","1744","39.7","1486","1488","9.3","20.2","10.2","0.14","-0.23","-0.34","N/A","N/A","N/A","5-9-0","0.357"
"6538","Linc-Bots","1745","39.7","1486","1488","8.4","19.6","11.6","0.13","-0.24","-0.34","N/A","N/A","N/A","16-14-0","0.533"
"1164","Project NEO","1746","39.7","1486","1488","10.1","21.2","8.4","0.29","-0.24","-0.34","N/A","N/A","N/A","15-15-0","0.500"
"6888","Foothills Robotics","1747","39.7","1486","1488","11.3","16.7","11.7","-0.17","-0.18","-0.34","N/A","N/A","N/A","19-25-0","0.432"
"538","Renaissance Robotics","1748","39.6","1485","1488","7.2","24.1","8.4","0.17","-0.25","-0.34","N/A","N/A","N/A","6-13-0","0.316"
"11255","KAR Robotics","1749","39.6","1485","1488","11.2","24.3","4.2","0.28","-0.23","-0.34","N/A","N/A","N/A","5-9-0","0.357"
"3838","Roc City Robotix","1750","39.6","1485","1488","8.7","20.6","10.3","0.29","-0.23","-0.34","N/A","N/A","N/A","6-4-0","0.600"
"10207","Doomsday Engineering","1751","39.5","1485","1488","10.4","20.8","8.3","0.19","-0.17","-0.34","N/A","N/A","N/A","8-12-0","0.400"
"10913","Robot Wranglers","1752","39.5","1485","1488","8.5","24.7","6.2","-0.11","-0.25","-0.34","N/A","N/A","N/A","18-22-0","0.450"
"3189","Circuit Breakers","1753","39.4","1485","1488","8.9","19.8","10.7","0.19","-0.08","-0.34","N/A","N/A","N/A","11-17-0","0.393"
"3464","Sim-City","1754","39.4","1485","1488","6.5","21.5","11.4","0.03","-0.24","-0.34","N/A","N/A","N/A","11-16-0","0.407"
"4575","Gemini","1755","39.4","1485","1488","9.6","18.2","11.6","-0.11","0","-0.34","N/A","N/A","N/A","26-30-0","0.464"
"9460","SESI SENAI STEEL BULLS","1756","39.4","1485","1488","9.5","18.1","11.8","0.19","-0.23","-0.24","N/A","N/A","N/A","14-15-0","0.483"
"116","Epsilon Delta","1757","39.3","1485","1488","9.3","22.1","7.9","0.09","-0.23","-0.34","N/A","N/A","N/A","10-18-0","0.357"
"3166","Rooks","1758","39.3","1485","1488","7.6","17","14.8","0.22","-0.23","-0.34","N/A","N/A","N/A","5-5-0","0.500"
"11428","Horns of Steel","1759","39.3","1485","1488","13.7","15.7","10","-0.08","-0.09","-0.34","N/A","N/A","N/A","13-23-0","0.361"
"3658","Robo - Beavers","1760","39.3","1485","1487","14.5","16.7","8.2","0.08","-0.17","-0.34","N/A","N/A","N/A","15-15-0","0.500"
"2191","Flux Core","1761","39.3","1485","1487","9.2","22.9","7.2","0.24","-0.24","-0.34","N/A","N/A","N/A","14-15-0","0.483"
"4707","FORCE","1762","39.3","1485","1487","10.3","17.3","11.7","0.12","-0.23","-0.34","N/A","N/A","N/A","5-8-0","0.385"
"428","BoroBlasters","1763","39.3","1485","1487","12.6","15.3","11.4","0.22","-0.24","-0.34","N/A","N/A","N/A","14-14-0","0.500"
"6201","The Highlanders","1764","39.3","1485","1487","10.3","19.8","9.2","-0.25","-0.15","-0.34","2026gal","Galileo Division","8","30-33-0","0.476"
"2789","TEXPLOSION","1765","39.3","1485","1487","8.9","16.8","13.5","0.2","-0.24","-0.34","N/A","N/A","N/A","12-19-0","0.387"
"9574","Rock Bots","1766","39.2","1484","1487","5.8","25.2","8.2","0.05","-0.23","-0.34","N/A","N/A","N/A","4-8-0","0.333"
"7657","Thunderbots","1767","39.2","1484","1487","7.4","20.4","11.5","-0.08","-0.25","-0.34","N/A","N/A","N/A","14-28-0","0.333"
"9532","Messy Bees","1768","39.2","1484","1487","6.8","19.6","12.8","0.17","-0.23","-0.34","N/A","N/A","N/A","7-7-0","0.500"
"4360","Spudnik","1769","39.2","1484","1487","7.1","22.1","10","0.18","-0.23","-0.34","N/A","N/A","N/A","11-8-0","0.579"
"427","LANCE-A-LOT","1770","39.1","1484","1487","12.2","11.9","15.1","-0.08","-0.12","-0.34","N/A","N/A","N/A","20-27-0","0.426"
"11496","Jurassic JayHawks","1771","39.1","1484","1487","11.7","20.9","6.6","0.15","-0.24","-0.34","N/A","N/A","N/A","15-12-0","0.556"
"11377","Knightmare Robotics","1772","39.1","1484","1487","11.8","12.9","14.5","-0.08","-0.18","-0.34","N/A","N/A","N/A","19-24-0","0.442"
"7713","Norse Code","1773","39.1","1484","1487","8.4","22.9","7.8","0.11","-0.24","-0.34","N/A","N/A","N/A","11-13-0","0.458"
"9760","Cristo Rey Jesuit Trailblazers","1774","39.1","1484","1487","7.1","18.8","13.1","0.19","-0.24","-0.34","N/A","N/A","N/A","12-17-0","0.414"
"5563","Phalanx","1775","39","1484","1487","6.3","17.4","15.3","0.14","-0.18","-0.34","N/A","N/A","N/A","8-16-0","0.333"
"4768","Cody "The Green Comet"","1776","39","1484","1487","9.5","22.3","7.2","-0.02","0.02","-0.34","N/A","N/A","N/A","10-14-0","0.417"
"2559","Normality Zero","1777","39","1484","1487","7.3","22","9.7","0.13","-0.24","-0.34","N/A","N/A","N/A","14-16-0","0.467"
"9028","GFORCE","1778","39","1484","1487","11.7","18.3","9","0.12","-0.23","-0.34","N/A","N/A","N/A","2-9-0","0.182"
"3260","SHARP","1779","38.9","1484","1486","10.1","19.4","9.4","0.24","-0.23","-0.34","N/A","N/A","N/A","7-11-0","0.389"
"3309","Friarbots","1780","38.9","1484","1486","13.5","14.3","11.1","0.08","-0.21","-0.34","N/A","N/A","N/A","18-25-0","0.419"
"6166","Thorobotics","1781","38.9","1484","1486","7.6","22.4","9","0.33","-0.24","-0.34","N/A","N/A","N/A","10-16-0","0.385"
"1735","Green Reapers","1782","38.9","1484","1486","10.2","18.3","10.5","-0.07","-0.21","-0.34","N/A","N/A","N/A","16-27-0","0.372"
"10232","Killer Kardinals 2","1783","38.9","1484","1486","7.2","24.1","7.5","0.14","-0.24","-0.34","N/A","N/A","N/A","9-15-0","0.375"
"3407","Wild Cards","1784","38.8","1484","1486","8.7","18.1","12.1","0.16","-0.23","-0.34","N/A","N/A","N/A","4-5-0","0.444"
"144","Operation Orange","1785","38.8","1484","1486","12","22.8","4","0.22","-0.17","-0.34","N/A","N/A","N/A","8-10-0","0.444"
"7247","Magical Smurfs","1786","38.8","1484","1486","6.4","20.8","11.6","0.19","-0.24","-0.34","N/A","N/A","N/A","9-15-0","0.375"
"11010","Bobcats","1787","38.8","1484","1486","8.2","23.1","7.5","0.18","-0.18","-0.34","N/A","N/A","N/A","11-21-0","0.344"
"8789","The Lost 10mm Sockets","1788","38.8","1484","1486","1.8","20.8","16.2","0.03","-0.09","-0.34","N/A","N/A","N/A","8-16-0","0.333"
"4160","The RoBucs","1789","38.8","1484","1486","5.7","23.7","9.4","0.17","-0.23","-0.34","N/A","N/A","N/A","11-16-0","0.407"
"10490","Ely Robotics","1790","38.7","1484","1486","7.2","19.5","12.1","0.1","-0.23","-0.34","N/A","N/A","N/A","9-14-0","0.391"
"4180","Iron Riders","1791","38.7","1483","1486","4.1","22.9","11.7","0.25","-0.24","-0.34","N/A","N/A","N/A","9-19-0","0.321"
"10667","Genesee Wolves","1792","38.7","1483","1486","8.4","18.2","12.1","0.22","-0.24","-0.34","N/A","N/A","N/A","14-13-0","0.519"
"871","Robotechs","1793","38.7","1483","1486","13.1","18.1","7.5","0.12","-0.23","-0.34","N/A","N/A","N/A","5-7-0","0.417"
"2733","Pigmice","1794","38.7","1483","1486","10","18.8","9.9","0.11","-0.17","-0.34","N/A","N/A","N/A","8-16-0","0.333"
"21","ComBBAT","1795","38.6","1483","1486","11.2","12.9","14.5","0.19","-0.23","-0.34","N/A","N/A","N/A","10-13-0","0.435"
"5113","Combustible Lemons","1796","38.5","1483","1485","6.2","18.3","14","-0.08","-0.14","-0.34","N/A","N/A","N/A","17-24-0","0.415"
"7607","The Blackbirds","1797","38.5","1483","1485","10.1","18.1","10.2","0.15","-0.15","-0.34","N/A","N/A","N/A","14-25-0","0.359"
"2261","Casa Robotics","1798","38.5","1483","1485","13.1","17.3","8.1","0.14","-0.24","-0.34","N/A","N/A","N/A","6-3-0","0.667"
"8387","MECH Mavericks","1799","38.5","1483","1485","7.8","15.8","14.9","0.17","-0.13","-0.34","N/A","N/A","N/A","5-5-0","0.500"
"2977","Sir LancerBots","1800","38.5","1483","1485","2.2","20.8","15.5","0.05","-0.23","-0.34","N/A","N/A","N/A","11-12-0","0.478"
"9461","SESI SENAI MecaChronos","1801","38.5","1483","1485","6.1","24.8","7.6","0.23","-0.23","-0.34","N/A","N/A","N/A","13-10-0","0.565"
"4085","Technical Difficulties","1802","38.5","1483","1485","11.2","19.4","7.9","0.28","-0.24","-0.34","N/A","N/A","N/A","8-15-0","0.348"
"3623","The Robomingos","1803","38.4","1483","1485","2.1","23.7","12.6","-0.07","-0.13","-0.34","N/A","N/A","N/A","20-23-0","0.465"
"677","Murphy's Outlaws","1804","38.4","1483","1485","10.5","17","10.9","0.21","-0.23","-0.34","N/A","N/A","N/A","5-12-0","0.294"
"9233","Luminous Robotics Team","1805","38.4","1483","1485","7.9","26.3","4.2","0.17","-0.24","-0.34","N/A","N/A","N/A","12-15-0","0.444"
"4173","Bark Bots","1806","38.3","1483","1485","12.4","14.6","11.3","0.08","-0.17","-0.34","N/A","N/A","N/A","8-18-0","0.308"
"5822","WolfByte","1807","38.3","1483","1485","7.8","22.2","8.4","0.16","-0.23","-0.34","N/A","N/A","N/A","9-14-0","0.391"
"8331","Carson Graham Secondary","1808","38.3","1483","1485","13.6","11.4","13.3","0.21","-0.23","-0.34","N/A","N/A","N/A","6-7-0","0.462"
"11483","Red Line Robotics","1809","38.3","1483","1485","9.6","16.5","12.2","-0.08","-0.18","-0.34","N/A","N/A","N/A","22-20-0","0.524"
"4384","Benzene Bots","1810","38.3","1483","1485","10","17.1","11.2","0.19","-0.18","-0.34","N/A","N/A","N/A","13-15-2","0.467"
"5025","Pacific Steel","1811","38.3","1483","1485","9.7","18.3","10.3","0.05","-0.23","-0.34","N/A","N/A","N/A","13-14-0","0.481"
"8056","Laissez Faire","1812","38.3","1482","1485","11.7","18.8","7.9","0.23","-0.24","-0.34","N/A","N/A","N/A","11-13-0","0.458"
"8334","Titan Robotics","1813","38.3","1482","1485","11.7","13.6","13","0.28","-0.24","-0.34","N/A","N/A","N/A","12-15-0","0.444"
"4809","Black Knight Robotics","1814","38.2","1482","1485","9.9","19.1","9.3","0.13","-0.23","-0.34","N/A","N/A","N/A","5-5-0","0.500"
"7659","HNMCS Robotics","1815","38.2","1482","1485","13.6","21.3","3.3","-0.07","-0.14","-0.34","N/A","N/A","N/A","15-25-0","0.375"
"1576","Voltrix","1816","38.2","1482","1484","8.3","20.4","9.5","0.11","-0.22","-0.33","N/A","N/A","N/A","0-0-0","0.000"
"4731","MONARCH-E","1817","38.2","1482","1484","7.5","22.5","8.2","0.19","-0.23","-0.34","N/A","N/A","N/A","13-11-0","0.542"
"8145","Tech Warriors","1818","38.2","1482","1484","5","18.2","15","0.19","-0.08","-0.34","N/A","N/A","N/A","15-11-0","0.577"
"5347","Gryphons","1819","38.2","1482","1484","1.1","27.2","9.9","0.26","-0.25","-0.34","N/A","N/A","N/A","12-16-0","0.429"
"10298","LUVER CONTROL","1820","38.2","1482","1484","9.6","13.3","15.3","0.2","-0.23","-0.34","N/A","N/A","N/A","7-6-0","0.538"
"5424","Rogue Robots","1821","38.1","1482","1484","11.8","17.4","9","0.13","-0.23","-0.34","N/A","N/A","N/A","14-20-0","0.412"
"4219","RED!","1822","38.1","1482","1484","7.2","17.3","13.6","0.11","-0.24","-0.34","N/A","N/A","N/A","13-17-0","0.433"
"11131","Brainstorm","1823","38.1","1482","1484","11.4","19.2","7.4","-0.04","-0.07","-0.34","N/A","N/A","N/A","20-21-0","0.488"
"9661","Huskie STEAM","1824","38.1","1482","1484","8.5","19.4","10.2","0.12","-0.24","-0.27","N/A","N/A","N/A","14-18-0","0.438"
"10143","Northeast Vikings","1825","38.1","1482","1484","7.2","22.5","8.3","0.2","-0.24","-0.34","N/A","N/A","N/A","11-18-0","0.379"
"11037","Clarksville Cyber Storm","1826","38.1","1482","1484","10.2","22.4","5.5","0.1","-0.15","-0.34","N/A","N/A","N/A","3-7-0","0.300"
"2853","Hot Spot Robotics","1827","38","1482","1484","6.3","20.7","11.1","0.17","-0.23","-0.34","N/A","N/A","N/A","8-6-0","0.571"
"3205","Patriots","1828","38","1482","1484","-0.7","28.3","10.4","0.28","-0.24","-0.34","N/A","N/A","N/A","9-17-0","0.346"
"6005","Cardinaltronics","1829","38","1482","1484","8","21.5","8.5","0.12","-0.24","-0.34","N/A","N/A","N/A","11-15-0","0.423"
"10500","Lodestar","1830","37.9","1482","1484","7.2","14.5","16.2","0.02","-0.14","-0.34","N/A","N/A","N/A","5-7-0","0.417"
"7763","Carrborobotics","1831","37.9","1482","1484","8","23.3","6.6","-0.19","-0.29","-0.34","2026mil","Milstein Division","8","25-33-0","0.431"
"4682","CyBears","1832","37.9","1482","1484","8.4","17.6","11.9","0.13","-0.24","-0.34","N/A","N/A","N/A","13-17-0","0.433"
"10034","GammaLand","1833","37.9","1481","1484","12.8","15.1","9.9","-0.09","-0.27","-0.34","2026gal","Galileo Division","8","7-13-0","0.350"
"191","X-CATS","1834","37.8","1481","1483","8.4","16","13.4","0.12","-0.24","-0.34","N/A","N/A","N/A","11-9-0","0.550"
"4308","ABSOLUTE ROBOTICS","1835","37.8","1481","1483","7.3","14.9","15.6","0.05","-0.06","-0.34","N/A","N/A","N/A","20-24-0","0.455"
"9106","Spires","1836","37.8","1481","1483","8.3","19","10.4","0.21","-0.24","-0.34","N/A","N/A","N/A","15-14-0","0.517"
"5036","The Robo Devils","1837","37.8","1481","1483","12.6","15.5","9.7","-0.17","-0.24","-0.34","N/A","N/A","N/A","19-25-0","0.432"
"3258","MADAWGS","1838","37.7","1481","1483","12.1","16.7","8.9","0.05","-0.13","-0.34","N/A","N/A","N/A","22-24-0","0.478"
"7147","Rising Falcons","1839","37.7","1481","1483","10.1","19.7","7.9","0.05","-0.12","-0.34","N/A","N/A","N/A","12-15-0","0.444"
"5413","Stellar Robotics","1840","37.7","1481","1483","8.7","17.9","11","0.04","-0.12","-0.34","N/A","N/A","N/A","5-9-0","0.357"
"5016","Huntington Robotics","1841","37.7","1481","1483","5.7","20.4","11.5","0.12","-0.24","-0.34","N/A","N/A","N/A","7-14-0","0.333"
"7031","Duanesburg Jr./Sr. High School","1842","37.7","1481","1483","8.8","18.8","10.1","0.2","-0.13","-0.34","N/A","N/A","N/A","4-4-0","0.500"
"10302","Byte Force","1843","37.7","1481","1483","11.8","16.2","9.7","-0.07","-0.24","-0.34","N/A","N/A","N/A","18-25-0","0.419"
"5084","Team FridgeBot","1844","37.6","1481","1483","6.5","21.4","9.7","0.34","-0.23","-0.34","N/A","N/A","N/A","14-15-0","0.483"
"10466","Federal Force","1845","37.6","1481","1483","6.7","16.9","14","0.17","-0.23","-0.34","N/A","N/A","N/A","7-5-0","0.583"
"6620","Voltage Vikings","1846","37.6","1481","1483","5.4","23.4","8.8","0.07","-0.08","-0.34","N/A","N/A","N/A","12-16-0","0.429"
"1294","Pack of Parts","1847","37.6","1481","1483","14.7","10.1","12.8","-0.01","-0.2","-0.34","N/A","N/A","N/A","25-25-0","0.500"
"2906","Sentinel Prime Robotics","1848","37.6","1481","1483","12.2","17.5","7.9","0.12","-0.24","-0.34","N/A","N/A","N/A","13-13-0","0.500"
"3468","MAGNAtech Rebels","1849","37.5","1481","1483","7.7","17","12.8","0.18","-0.13","-0.34","N/A","N/A","N/A","9-13-0","0.409"
"5705","DESERT EAGLES - JOHN DEERE","1850","37.5","1481","1483","11.9","20.3","5.3","-0.14","-0.29","-0.34","2026gal","Galileo Division","8","10-20-0","0.333"
"10133","Manhattan Monsters","1851","37.5","1481","1483","7.5","16.4","13.6","0.11","-0.14","-0.34","N/A","N/A","N/A","9-20-0","0.310"
"9262","Humberside Huskies","1852","37.4","1481","1482","7.7","17.7","12","0.1","-0.29","-0.34","N/A","N/A","N/A","14-25-0","0.359"
"8878","ArrowBot","1853","37.4","1480","1482","10","17.2","10.3","0.24","-0.23","-0.34","N/A","N/A","N/A","10-9-0","0.526"
"11388","STEAM & IRON ROBOTICS","1854","37.4","1480","1482","8.1","18.7","10.5","0.13","-0.23","-0.34","N/A","N/A","N/A","4-3-0","0.571"
"8408","Kiss Kats","1855","37.4","1480","1482","4.5","25.8","7.1","0.09","-0.13","-0.34","N/A","N/A","N/A","4-8-0","0.333"
"2010","The Lightning Bots","1856","37.4","1480","1482","7.6","18.4","11.4","0.2","-0.23","-0.34","N/A","N/A","N/A","4-13-0","0.235"
"3008","Team Magma","1857","37.3","1480","1482","8","20.5","8.8","-0.2","-0.29","-0.27","2026dal","Daly Division","8","14-22-0","0.389"
"135","Penn Robotics Black Knights","1858","37.3","1480","1482","9.7","24","3.7","-0.06","-0.2","-0.34","N/A","N/A","N/A","24-38-0","0.387"
"4325","RoboRangers","1859","37.3","1480","1482","9.9","19.1","8.3","0.25","-0.17","-0.34","N/A","N/A","N/A","7-22-0","0.241"
"3480","PrepaTec - ABTOMAT","1860","37.3","1480","1482","10.1","21.1","6.1","0.07","-0.23","-0.34","N/A","N/A","N/A","7-5-0","0.583"
"9729","Knights","1861","37.2","1480","1482","5.1","23.8","8.4","0.22","-0.24","-0.34","N/A","N/A","N/A","10-16-0","0.385"
"10959","ORHANIYE R SPORTS","1862","37.2","1480","1482","7.4","22.2","7.5","0.25","-0.23","-0.34","N/A","N/A","N/A","6-4-0","0.600"
"10101","Critical Hit","1863","37.2","1480","1482","4.3","21.4","11.5","-0.06","-0.17","-0.34","2026mil","Milstein Division","8","15-18-0","0.455"
"6004","f(x) Robotics","1864","37.2","1480","1482","7.3","21.6","8.2","-0.05","-0.19","-0.34","N/A","N/A","N/A","36-27-0","0.571"
"7403","Lightning Blue Lizards","1865","37.2","1480","1482","9.1","14.3","13.8","-0.24","-0.08","-0.34","2026joh","Johnson Division","8","8-12-0","0.400"
"6588","Counter-Torque Robotics","1866","37.1","1480","1482","8.4","17.2","11.5","0.03","-0.18","-0.34","N/A","N/A","N/A","12-14-0","0.462"
"1452","Omnicats","1867","37.1","1480","1482","10.4","15.4","11.4","0.14","-0.15","-0.34","N/A","N/A","N/A","8-22-0","0.267"
"8297","WIHI Robo Wolves","1868","37.1","1480","1482","9.3","18.9","8.9","0.29","-0.19","-0.34","N/A","N/A","N/A","14-11-0","0.560"
"6824","LVA Robot Pigeons","1869","37.1","1480","1482","3.6","20.7","12.8","0.32","-0.23","-0.34","N/A","N/A","N/A","5-4-1","0.550"
"10615","Spartan110","1870","37.1","1480","1482","8.2","19.4","9.5","0.26","-0.13","-0.34","N/A","N/A","N/A","12-14-0","0.462"
"7323","TriTron","1871","37.1","1480","1481","9.7","14.8","12.6","0.13","-0.15","-0.34","N/A","N/A","N/A","16-12-0","0.571"
"6645","Alloy Obsession","1872","37","1480","1481","6.1","19.2","11.7","0.1","-0.16","-0.34","N/A","N/A","N/A","11-19-0","0.367"
"10979","Tiger Robotics","1873","37","1479","1481","8.5","22.3","6.2","-0.14","-0.27","-0.34","2026new","Newton Division","8","18-32-0","0.360"
"2465","KauaiBots","1874","37","1479","1481","14.1","16.5","6.3","0.1","-0.17","-0.34","N/A","N/A","N/A","14-14-0","0.500"
"6651","Golden Bots","1875","36.9","1479","1481","11.7","20.7","4.5","0.19","-0.16","-0.34","N/A","N/A","N/A","13-16-0","0.448"
"4150","FRobotics","1876","36.9","1479","1481","6.6","23.6","6.6","0.15","-0.23","-0.34","N/A","N/A","N/A","7-11-0","0.389"
"9670","The Gadgeteers of St. Johns...","1877","36.9","1479","1481","2.1","21.4","13.4","0.18","-0.23","-0.34","N/A","N/A","N/A","2-5-1","0.313"
"7333","Ghost","1878","36.9","1479","1481","6.8","24.8","5.3","0.11","-0.23","-0.34","N/A","N/A","N/A","6-7-0","0.462"
"7085","Wired Warriors","1879","36.9","1479","1481","11.5","17.5","7.8","-0.06","-0.24","-0.34","N/A","N/A","N/A","24-25-0","0.490"
"8783","Apeiron","1880","36.9","1479","1481","5.6","20.9","10.3","0.17","-0.23","-0.34","N/A","N/A","N/A","6-8-0","0.429"
"6834","Bionic Warriors","1881","36.9","1479","1481","6.3","21.9","8.7","0","-0.12","-0.34","N/A","N/A","N/A","5-7-0","0.417"
"7050","SARNIC","1882","36.9","1479","1481","14.5","12","10.3","0.09","-0.23","-0.34","N/A","N/A","N/A","6-2-0","0.750"
"10689","KAGITHANE TEKNOLOJI TAKIMI","1883","36.9","1479","1481","7.9","19.6","9.4","0.16","-0.23","-0.34","N/A","N/A","N/A","5-6-1","0.458"
"7157","μBotics","1884","36.8","1479","1481","11.1","5.4","20.4","-0.12","-0.02","-0.34","N/A","N/A","N/A","22-21-0","0.512"
"2551","Penguin Empire","1885","36.8","1479","1481","9.8","20.8","6.2","0.18","-0.14","-0.34","N/A","N/A","N/A","12-14-0","0.462"
"935","RaileRobotics","1886","36.8","1479","1481","7.4","16.3","13.1","0.3","-0.23","-0.34","N/A","N/A","N/A","11-11-0","0.500"
"6394","MITO","1887","36.8","1479","1481","1","24.7","11.1","0.19","-0.23","-0.34","N/A","N/A","N/A","2-5-0","0.286"
"6806","Mineola Wild Reds","1888","36.8","1479","1481","6.6","21.6","8.5","0.06","-0.23","-0.34","N/A","N/A","N/A","8-9-0","0.471"
"5431","Titan Robotics","1889","36.6","1479","1480","9.4","20","7.2","0.2","-0.17","-0.34","N/A","N/A","N/A","9-20-0","0.310"
"4645","The Chicago Style BotDogs","1890","36.6","1478","1480","8.7","15.2","12.7","0.13","-0.13","-0.34","N/A","N/A","N/A","8-14-0","0.364"
"7528","Nuts and Bolts","1891","36.5","1478","1480","10.8","17","8.8","0.09","-0.08","-0.34","N/A","N/A","N/A","8-18-0","0.308"
"11267","MASAL","1892","36.5","1478","1480","8","16.3","12.1","0.07","-0.13","-0.34","N/A","N/A","N/A","4-6-0","0.400"
"5596","Wolverine Robotics","1893","36.4","1478","1480","8.8","15.2","12.4","0.01","-0.21","-0.34","N/A","N/A","N/A","14-25-0","0.359"
"5103","MECH&Cheese","1894","36.4","1478","1480","10.5","14.2","11.7","0.16","-0.24","-0.34","N/A","N/A","N/A","12-18-0","0.400"
"5408","Kennedy Kinetics","1895","36.4","1478","1480","12.3","10","14.2","-0.08","-0.08","-0.27","N/A","N/A","N/A","16-21-0","0.432"
"11486","Chesterton Saints","1896","36.4","1478","1480","8.7","18.3","9.3","0.12","-0.24","-0.34","N/A","N/A","N/A","11-13-0","0.458"
"3777","Bean City Bots","1897","36.4","1478","1480","6.3","16.3","13.9","0.06","-0.15","-0.34","N/A","N/A","N/A","5-6-0","0.455"
"5312","Lobotics - Peñoles","1898","36.4","1478","1480","6.3","18.4","11.7","0.21","-0.23","-0.34","N/A","N/A","N/A","3-7-0","0.300"
"6869","Gladiateurs","1899","36.4","1478","1480","5.6","18","12.8","0.07","-0.23","-0.34","N/A","N/A","N/A","5-6-0","0.455"
"9577","Recoil","1900","36.3","1478","1479","7.2","21.7","7.4","0.05","-0.2","-0.34","N/A","N/A","N/A","17-24-0","0.415"
"6029","Railbots","1901","36.3","1478","1479","9.7","18.5","8","0.29","-0.24","-0.34","N/A","N/A","N/A","9-17-0","0.346"
"2035","The Rockin' Bots","1902","36.3","1478","1479","7.4","18.1","10.9","0.25","-0.26","-0.34","N/A","N/A","N/A","14-16-0","0.467"
"2658","Σ-Motion","1903","36.3","1478","1479","19.8","9.9","6.5","-0.09","-0.19","-0.34","N/A","N/A","N/A","23-21-0","0.523"
"8430","The Hatch Batch","1904","36.3","1478","1479","4.5","20","11.8","-0.17","-0.26","-0.34","N/A","N/A","N/A","20-37-0","0.351"
"3049","BremerTron","1905","36.3","1478","1479","7.4","15.8","13.1","0.11","-0.24","-0.34","N/A","N/A","N/A","11-15-0","0.423"
"1836","The MilkenKnights","1906","36.2","1478","1479","10.8","20.5","4.9","0.13","-0.17","-0.34","N/A","N/A","N/A","14-13-0","0.519"
"3026","Orange Crush Robotics","1907","36.2","1478","1479","3.4","18.2","14.6","0.28","-0.23","-0.34","N/A","N/A","N/A","9-9-0","0.500"
"10152","Orbotics","1908","36.2","1478","1479","10.2","16","10","0.17","-0.23","-0.34","N/A","N/A","N/A","6-4-0","0.600"
"852","ARC Robotics","1909","36.2","1478","1479","7.5","16.4","12.3","0.2","-0.08","-0.34","N/A","N/A","N/A","11-18-0","0.379"
"7514","EVE Robotics","1910","36.2","1478","1479","7.6","19.8","8.8","0.07","-0.24","-0.34","N/A","N/A","N/A","11-15-0","0.423"
"4827","Minerbotics","1911","36.2","1478","1479","8.9","16.4","10.9","0.02","-0.17","-0.34","N/A","N/A","N/A","10-14-0","0.417"
"3344","Space Dragons","1912","36.2","1478","1479","8.4","16.2","11.7","-0.02","-0.12","-0.34","N/A","N/A","N/A","23-28-0","0.451"
"3454","Z Bots","1913","36.2","1478","1479","5.1","20.7","10.4","0.16","-0.23","-0.34","N/A","N/A","N/A","4-5-0","0.444"
"7917","Frontier","1914","36.2","1478","1479","7.4","15.1","13.7","0.09","-0.23","-0.34","N/A","N/A","N/A","7-14-0","0.333"
"4930","Electric Mayhem","1915","36.1","1478","1479","12.9","16.7","6.5","0.35","-0.24","-0.34","N/A","N/A","N/A","8-9-0","0.471"
"3975","Les Dragons","1916","36.1","1478","1479","8.6","16.3","11.3","0.29","-0.23","-0.34","N/A","N/A","N/A","5-6-0","0.455"
"157","AZTECHS","1917","36.1","1477","1479","9.4","17.2","9.5","0.14","-0.16","-0.34","N/A","N/A","N/A","11-18-0","0.379"
"3655","Tractor Technicians","1918","36.1","1477","1479","9.2","13.5","13.4","0.25","-0.23","-0.34","N/A","N/A","N/A","12-19-0","0.387"
"9699","Bayou Crusaders","1919","36.1","1477","1479","3.3","19.7","13.1","0.2","-0.23","-0.34","N/A","N/A","N/A","5-3-0","0.625"
"3160","F. R. O. G. - FIRST Robotic...","1920","36","1477","1479","12.3","13.3","10.4","0.27","-0.24","-0.34","N/A","N/A","N/A","10-15-0","0.400"
"7619","illumiBOTi","1921","36","1477","1479","6.1","20.3","9.6","0.15","-0.24","-0.34","N/A","N/A","N/A","10-17-0","0.370"
"3098","Waterford Robotics","1922","36","1477","1479","8","21.8","6.2","0","-0.24","-0.34","N/A","N/A","N/A","10-15-0","0.400"
"4961","Shock and Awe-sum","1923","36","1477","1479","7.5","22","6.6","0.06","-0.18","-0.34","N/A","N/A","N/A","11-13-0","0.458"
"9653","O.V.R.T.","1924","36","1477","1479","5.1","18","12.9","0.19","-0.23","-0.34","N/A","N/A","N/A","5-4-0","0.556"
"5527","Cyber Phoenix","1925","35.9","1477","1478","6.9","20","9","0.19","-0.18","-0.34","N/A","N/A","N/A","11-15-1","0.426"
"525","Swartdogs","1926","35.9","1477","1478","6.8","16.8","12.3","0.17","-0.23","-0.34","N/A","N/A","N/A","7-18-0","0.280"
"3472","PrepaTec - Buluk","1927","35.9","1477","1478","12","19.5","4.4","0.18","-0.23","-0.34","N/A","N/A","N/A","9-13-0","0.409"
"7906","Underdogs","1928","35.9","1477","1478","8.9","19.7","7.3","0.11","-0.24","-0.34","N/A","N/A","N/A","5-4-1","0.550"
"3425","PULSARS","1929","35.8","1477","1478","9.4","13.4","13.1","0.18","-0.24","-0.34","N/A","N/A","N/A","7-19-0","0.269"
"8516","Wired Up","1930","35.8","1477","1478","11.2","14.2","10.5","0.05","-0.23","-0.34","N/A","N/A","N/A","12-13-0","0.480"
"10434","CYBEARS","1931","35.8","1477","1478","9.9","12.1","13.8","-0.12","-0.25","-0.34","N/A","N/A","N/A","21-27-0","0.438"
"11453","FutureX Robotics","1932","35.8","1477","1478","5.2","20.7","9.9","0.14","-0.22","-0.34","N/A","N/A","N/A","2-4-1","0.357"
"10317","CIA Robotics Presents: BIG ...","1933","35.8","1477","1478","12","12.4","11.5","0.07","-0.23","-0.34","N/A","N/A","N/A","4-5-1","0.450"
"5002","Dragon Robotics","1934","35.8","1477","1478","6.9","21.8","7.1","0.01","-0.19","-0.34","N/A","N/A","N/A","9-11-0","0.450"
"3117","Harfangs","1935","35.8","1477","1478","5.9","20","9.9","0.21","-0.23","-0.34","N/A","N/A","N/A","7-10-0","0.412"
"9615","Redlands Robotics","1936","35.8","1477","1478","10.8","17.6","7.4","0.02","-0.08","-0.34","N/A","N/A","N/A","8-16-0","0.333"
"3193","Falco Tech","1937","35.8","1477","1478","4.1","15","16.7","0.14","-0.24","-0.34","N/A","N/A","N/A","8-17-1","0.327"
"5881","TVHS Dragons","1938","35.8","1477","1478","6.4","20.1","9.2","0.04","-0.23","-0.34","N/A","N/A","N/A","11-9-0","0.550"
"1307","Robosaints","1939","35.8","1477","1478","6.7","18.5","10.5","0.14","-0.18","-0.34","N/A","N/A","N/A","16-13-0","0.552"
"5641","Byron Robotics","1940","35.8","1477","1478","7.4","15.5","12.9","0.12","-0.14","-0.34","N/A","N/A","N/A","10-16-0","0.385"
"9446","C Cubed","1941","35.8","1477","1478","7.7","18.2","9.8","0.2","-0.18","-0.34","N/A","N/A","N/A","13-13-0","0.500"
"4859","The CyBears","1942","35.7","1477","1478","10.2","20.2","5.3","0.07","-0.23","-0.34","N/A","N/A","N/A","9-11-0","0.450"
"4788","Can't Control","1943","35.7","1476","1478","8.6","18.7","8.4","0.01","-0.23","-0.34","N/A","N/A","N/A","7-7-0","0.500"
"578","Fairport Robotics","1944","35.6","1476","1478","4.9","17.5","13.2","0.11","-0.24","-0.34","N/A","N/A","N/A","7-19-0","0.269"
"3488","Eagle Army","1945","35.6","1476","1478","4.7","25.3","5.6","0.16","-0.13","-0.34","N/A","N/A","N/A","7-7-0","0.500"
"7109","Clare Chaos Theory","1946","35.6","1476","1478","10.7","13.3","11.6","0.27","-0.24","-0.34","N/A","N/A","N/A","13-14-0","0.481"
"10904","The Circuit Sorcerers","1947","35.6","1476","1478","6.3","17.4","11.9","0.24","-0.24","-0.34","N/A","N/A","N/A","10-15-1","0.404"
"34","Rockets","1948","35.6","1476","1477","4.9","19.3","11.4","0.11","-0.18","-0.34","N/A","N/A","N/A","4-16-0","0.200"
"9242","Hamady Hawks","1949","35.6","1476","1477","9.1","14","12.5","0.03","-0.24","-0.34","N/A","N/A","N/A","18-12-0","0.600"
"5590","Alumiboti","1950","35.5","1476","1477","11.8","15.5","8.2","0.14","-0.18","-0.34","N/A","N/A","N/A","6-11-0","0.353"
"9498","ZENSHIN Robotics","1951","35.5","1476","1477","4.4","20.1","11","0.2","-0.23","-0.34","N/A","N/A","N/A","2-8-0","0.200"
"1806","S.W.A.T.","1952","35.5","1476","1477","8.6","15.4","11.5","0.13","-0.24","-0.34","N/A","N/A","N/A","11-12-0","0.478"
"6956","SHAM-ROCK-BOTICS ☘","1953","35.5","1476","1477","10.1","17.3","8.1","-0.04","-0.13","-0.34","N/A","N/A","N/A","20-22-0","0.476"
"10455","Bison Dynamics","1954","35.5","1476","1477","5.4","22.3","7.9","0.04","-0.17","-0.34","N/A","N/A","N/A","10-14-0","0.417"
"5672","First Nations-STEM","1955","35.5","1476","1477","7.9","20.2","7.4","-0.01","-0.1","-0.34","N/A","N/A","N/A","16-22-0","0.421"
"9249","Chassell Copper Country Cats","1956","35.5","1476","1477","8.5","18","9","0.16","-0.24","-0.34","N/A","N/A","N/A","13-15-0","0.464"
"2980","Whidbey Island Wildcats","1957","35.4","1476","1477","8.8","9.3","17.4","-0.01","-0.24","-0.34","N/A","N/A","N/A","8-17-0","0.320"
"8768","CTEC Titans","1958","35.4","1476","1477","8.5","17.3","9.7","0.12","-0.16","-0.34","N/A","N/A","N/A","12-18-0","0.400"
"2508","Armada","1959","35.4","1476","1477","13.3","9.7","12.4","0.22","-0.23","-0.34","N/A","N/A","N/A","13-13-0","0.500"
"3545","Bots in Blue","1960","35.4","1476","1477","6.6","16.5","12.4","0.09","-0.24","-0.34","N/A","N/A","N/A","6-20-0","0.231"
"2445","RoboKAP","1961","35.4","1476","1477","4.4","23.1","7.9","-0.02","-0.23","-0.34","N/A","N/A","N/A","6-8-0","0.429"
"3543","C4 Robotics","1962","35.4","1476","1477","10.1","18.5","6.9","0","-0.23","-0.34","N/A","N/A","N/A","16-25-0","0.390"
"10245","WAMS","1963","35.3","1476","1477","7.6","16.5","11.3","0.14","-0.11","-0.34","N/A","N/A","N/A","13-14-0","0.481"
"4904","Bot-Provoking","1964","35.3","1476","1477","10.3","14.1","10.9","0.24","-0.25","-0.34","N/A","N/A","N/A","11-18-0","0.379"
"9033","Ocebots","1965","35.3","1475","1477","7.8","24","3.4","0.12","-0.25","-0.34","N/A","N/A","N/A","21-23-0","0.477"
"9074","Roboant","1966","35.3","1475","1477","6.4","23.2","5.7","0.09","-0.23","-0.34","N/A","N/A","N/A","4-9-0","0.308"
"3965","Sultan Robotics Team 3965","1967","35.2","1475","1477","7.9","18.7","8.7","0.18","-0.18","-0.34","N/A","N/A","N/A","11-14-0","0.440"
"1822","Electric Calamari","1968","35.2","1475","1477","1.5","20","13.8","0.22","-0.24","-0.34","N/A","N/A","N/A","3-6-0","0.333"
"10415","Torchers","1969","35.2","1475","1476","8.1","18.4","8.7","0","-0.15","-0.34","N/A","N/A","N/A","5-5-0","0.500"
"2972","Gears and Buccaneers","1970","35.2","1475","1476","9.5","14.7","11","0.09","-0.18","-0.34","N/A","N/A","N/A","9-16-0","0.360"
"6648","MechaSpartans","1971","35.2","1475","1476","14.1","10.2","10.9","0.21","-0.24","-0.34","N/A","N/A","N/A","12-11-0","0.522"
"11398","Shark Bytes","1972","35.2","1475","1476","10.6","14.5","10","-0.1","-0.24","-0.34","N/A","N/A","N/A","16-27-0","0.372"
"3522","CBoT´S4","1973","35.1","1475","1476","6.1","20.8","8.2","0.14","-0.23","-0.34","N/A","N/A","N/A","8-7-0","0.533"
"4207","PyroBotics","1974","35.1","1475","1476","7.1","15.3","12.7","0.07","-0.23","-0.34","N/A","N/A","N/A","3-6-0","0.333"
"8103","Knight Robotics","1975","35.1","1475","1476","5.9","18.1","11.2","0.15","-0.24","-0.34","N/A","N/A","N/A","10-17-0","0.370"
"5147","Hornets","1976","35.1","1475","1476","7.5","18.2","9.4","0.04","-0.13","-0.34","N/A","N/A","N/A","8-5-0","0.615"
"8205","Mind Over Metal","1977","35.1","1475","1476","6.8","18.2","10.1","-0.06","-0.25","-0.34","N/A","N/A","N/A","20-25-0","0.444"
"5067","Steiner Steel Storm","1978","35","1475","1476","11","21.9","2.1","-0.01","-0.24","-0.34","N/A","N/A","N/A","15-21-0","0.417"
"11425","Byteforge","1979","35","1475","1476","12.6","7.2","15.2","-0.14","-0.21","-0.34","N/A","N/A","N/A","16-30-0","0.348"
"6443","AEMBOT","1980","35","1475","1476","4.6","23","7.4","0.18","-0.23","-0.34","N/A","N/A","N/A","10-18-1","0.362"
"8029","Steel Bronco Robotics","1981","35","1475","1476","12.2","15.7","7","0.08","-0.24","-0.34","N/A","N/A","N/A","15-14-0","0.517"
"11177","HCSH Leopard Cat","1982","34.9","1475","1476","2.8","20.1","12","0.17","-0.23","-0.34","N/A","N/A","N/A","6-9-0","0.400"
"4043","NerdHerd","1983","34.9","1475","1476","2.2","19.6","13","0.21","-0.23","-0.34","N/A","N/A","N/A","14-17-0","0.452"
"11455","The Iron Patriots","1984","34.9","1475","1476","9.8","19.3","5.8","0.11","-0.16","-0.34","N/A","N/A","N/A","11-15-0","0.423"
"10190","UNIMATE - SESI SENAI SC","1985","34.9","1475","1476","6.9","23","5","0.21","-0.23","-0.34","N/A","N/A","N/A","7-5-0","0.583"
"8557","ConquEra","1986","34.9","1475","1476","7.2","17.7","10","-0.01","-0.15","-0.34","N/A","N/A","N/A","10-15-0","0.400"
"3814","PiBotics","1987","34.8","1474","1475","8.7","15.2","10.9","0.17","-0.23","-0.34","N/A","N/A","N/A","7-12-0","0.368"
"4656","Rock Solid Robotics","1988","34.8","1474","1475","9.1","16.3","9.3","0.2","-0.23","-0.34","N/A","N/A","N/A","4-7-0","0.364"
"623","Oakton Cougar Robotics","1989","34.8","1474","1475","11.1","13.6","10.1","0.2","-0.24","-0.34","N/A","N/A","N/A","11-17-0","0.393"
"10332","Carroll Charger Robotics","1990","34.8","1474","1475","12.4","15.9","6.5","0.1","-0.24","-0.34","N/A","N/A","N/A","9-17-0","0.346"
"1369","Minotaur","1991","34.7","1474","1475","10.1","14.4","10.2","0.11","-0.23","-0.34","N/A","N/A","N/A","11-16-0","0.407"
"5655","KelRot","1992","34.7","1474","1475","6.4","20.7","7.6","0.06","-0.12","-0.34","N/A","N/A","N/A","3-6-0","0.333"
"6817","10 Factorial","1993","34.7","1474","1475","8.7","14","12","0.15","-0.24","-0.34","N/A","N/A","N/A","11-14-0","0.440"
"2687","Team Apprentice","1994","34.7","1474","1475","12.4","11.2","11.1","0.12","-0.25","-0.34","N/A","N/A","N/A","20-28-0","0.417"
"1071","Team MAX","1995","34.7","1474","1475","7.3","19.2","8.2","-0.07","-0.12","-0.34","N/A","N/A","N/A","21-26-0","0.447"
"11431","TechnoTigers","1996","34.7","1474","1475","12.9","10.7","11.1","0.08","-0.08","-0.34","N/A","N/A","N/A","10-14-0","0.417"
"4864","INNovation Station","1997","34.6","1474","1475","7.1","17.4","10.2","-0.09","-0.24","-0.34","N/A","N/A","N/A","21-24-0","0.467"
"2478","Westwood Robotics","1998","34.6","1474","1475","6.9","20.2","7.6","0.04","-0.23","-0.34","N/A","N/A","N/A","7-5-0","0.583"
"10917","M.A.P.L.E.","1999","34.6","1474","1475","10","15","9.6","0.15","-0.23","-0.34","N/A","N/A","N/A","5-4-0","0.556"
"11335","MARETECH","2000","34.6","1474","1475","6.9","20.9","6.8","0.12","-0.23","-0.34","N/A","N/A","N/A","5-2-0","0.714"
"3892","Roboponies","2001","34.6","1474","1475","7","20.5","7.1","0.08","-0.23","-0.34","N/A","N/A","N/A","5-5-0","0.500"
"5285","Sea Kings Robotics","2002","34.6","1474","1475","11.5","17.8","5.3","0.17","-0.24","-0.34","N/A","N/A","N/A","15-14-0","0.517"
"1977","The PowerSquids","2003","34.5","1474","1475","7","16.3","11.3","0.29","-0.15","-0.34","N/A","N/A","N/A","14-13-0","0.519"
"2480","Iron Paws","2004","34.5","1474","1475","8.1","17.8","8.7","0.07","-0.23","-0.34","N/A","N/A","N/A","11-3-0","0.786"
"2168","Aluminum Falcons","2005","34.5","1474","1475","8.1","14.1","12.3","0.13","-0.16","-0.34","N/A","N/A","N/A","9-18-0","0.333"
"3634","Bridgeport Spark City","2006","34.5","1474","1475","11.1","20.5","2.9","0.13","-0.2","-0.34","N/A","N/A","N/A","8-16-0","0.333"
"11437","The ARC - Addison Robotics ...","2007","34.5","1474","1475","9.3","16.2","9","0.28","-0.24","-0.34","N/A","N/A","N/A","10-16-0","0.385"
"11474","SEED Bulldogs Byte!","2008","34.5","1474","1475","5.4","25.1","4","0.16","-0.23","-0.34","N/A","N/A","N/A","5-5-0","0.500"
"1515","MorTorq","2009","34.5","1474","1475","9.9","18.6","6","0.2","-0.24","-0.34","N/A","N/A","N/A","10-19-0","0.345"
"10333","Elevation","2010","34.5","1474","1475","12.6","10.1","11.9","0.25","-0.25","-0.34","N/A","N/A","N/A","14-27-0","0.341"
"2022","Titan Robotics","2011","34.5","1474","1475","6","20.9","7.6","0.12","-0.14","-0.34","N/A","N/A","N/A","10-12-0","0.455"
"7589","Lishan Blue Magpie","2012","34.5","1474","1475","4.2","18.3","12","0.15","-0.23","-0.34","N/A","N/A","N/A","1-8-1","0.150"
"9120","Silverbot - Fresnillo PLC","2013","34.5","1474","1475","6.3","16.4","11.7","0.26","-0.13","-0.34","N/A","N/A","N/A","5-6-0","0.455"
"4661","Cypher","2014","34.4","1473","1474","7.5","18.4","8.5","0.1","-0.22","-0.33","N/A","N/A","N/A","0-0-0","0.000"
"7677","Bodacious Bulldogs","2015","34.4","1473","1474","9.1","16.9","8.4","0.22","-0.23","-0.34","N/A","N/A","N/A","6-12-0","0.333"
"11169","ERA Delta","2016","34.4","1473","1474","14.6","10.7","9.1","-0.11","-0.15","-0.34","N/A","N/A","N/A","24-22-0","0.522"
"4395","Dundee Vi-Borgs","2017","34.4","1473","1474","10.5","16.4","7.4","0.09","-0.24","-0.34","N/A","N/A","N/A","7-17-0","0.292"
"7230","Mythic Mechanix","2018","34.4","1473","1474","14.6","16.2","3.6","0.14","-0.24","-0.34","N/A","N/A","N/A","13-14-0","0.481"
"10582","The Technochauns","2019","34.3","1473","1474","7.6","17.5","9.3","0.12","-0.23","-0.34","N/A","N/A","N/A","5-11-0","0.313"
"11522","Union HS","2020","34.3","1473","1474","7","11.4","15.9","0.15","-0.24","-0.34","N/A","N/A","N/A","10-14-0","0.417"
"5816","Gra-V Robotics","2021","34.3","1473","1474","8","17.2","9.1","0.02","-0.23","-0.34","N/A","N/A","N/A","14-14-0","0.500"
"10943","WJH RoboStangs","2022","34.3","1473","1474","8.8","20.1","5.4","0.09","-0.24","-0.34","N/A","N/A","N/A","8-9-0","0.471"
"9164","Tech Vikings","2023","34.3","1473","1474","3.4","16.5","14.4","0.09","-0.23","-0.34","N/A","N/A","N/A","4-7-0","0.364"
"5869","QHHS Aqueducks","2024","34.2","1473","1474","8.3","16.3","9.7","0.16","-0.25","-0.34","N/A","N/A","N/A","9-15-0","0.375"
"6390","Hephaestus","2025","34.2","1473","1474","8.3","19.5","6.4","0.15","-0.23","-0.34","N/A","N/A","N/A","8-9-0","0.471"
"8338","Bear Force","2026","34.2","1473","1474","7.8","16.2","10.2","0.25","-0.24","-0.34","N/A","N/A","N/A","9-11-0","0.450"
"5773","YAFL Mechatronics","2027","34.2","1473","1474","3.1","18.9","12.2","0.22","-0.23","-0.34","N/A","N/A","N/A","4-9-0","0.308"
"10672","Trobots","2028","34.1","1473","1474","5.6","15.6","12.9","0.16","-0.19","-0.34","N/A","N/A","N/A","10-14-0","0.417"
"10994","SSES Phenoms","2029","34.1","1473","1474","10.3","14","9.8","-0.02","-0.21","-0.34","N/A","N/A","N/A","20-27-0","0.426"
"10513","Team Humanity Robo Falcons","2030","34.1","1473","1474","9","19.5","5.6","0.21","-0.23","-0.34","N/A","N/A","N/A","6-4-0","0.600"
"5045","SpartaBot","2031","34.1","1473","1474","10.1","15.9","8.1","0.05","-0.23","-0.34","N/A","N/A","N/A","10-9-0","0.526"
"2068","Metal Jackets","2032","34.1","1473","1474","7.5","18.6","8.1","0.03","-0.19","-0.34","N/A","N/A","N/A","20-24-0","0.455"
"2635","Lake Monsters","2033","34.1","1473","1474","10.9","15.8","7.4","0","-0.21","-0.34","2026gal","Galileo Division","8","13-24-0","0.351"
"5188","Area 5188: Classified Robotics","2034","34.1","1473","1474","8.3","18.6","7.2","0.21","-0.24","-0.34","N/A","N/A","N/A","13-14-0","0.481"
"2900","The Mighty Penguins","2035","34.1","1473","1473","12","13","9.1","0.05","-0.24","-0.34","N/A","N/A","N/A","9-15-0","0.375"
"1700","Gatorbotics","2036","34","1473","1473","8.1","16.5","9.4","0.08","-0.25","-0.34","N/A","N/A","N/A","17-15-0","0.531"
"4176","Iron Tigers","2037","34","1473","1473","11","15.3","7.7","0.3","-0.24","-0.34","N/A","N/A","N/A","11-13-0","0.458"
"9492","LadyTalons","2038","34","1472","1473","8.6","14","11.4","0.03","-0.19","-0.34","N/A","N/A","N/A","21-24-0","0.467"
"1819","The Quacken","2039","33.9","1472","1473","6.2","17.9","9.9","-0.04","-0.23","-0.34","N/A","N/A","N/A","6-8-0","0.429"
"7772","The Lucky 7's","2040","33.9","1472","1473","9.7","18.6","5.7","0.13","-0.24","-0.34","N/A","N/A","N/A","10-16-0","0.385"
"2903","NeoBots","2041","33.9","1472","1473","7.5","21.3","5.2","0.11","-0.24","-0.34","N/A","N/A","N/A","14-18-0","0.438"
"1818","Team Talos","2042","33.9","1472","1473","8.6","19.8","5.5","0.04","-0.12","-0.34","N/A","N/A","N/A","4-4-0","0.500"
"6618","WARHBOTS","2043","33.9","1472","1473","7.6","14.9","11.4","0.16","-0.24","-0.34","N/A","N/A","N/A","10-17-0","0.370"
"1832","Duck Tape","2044","33.9","1472","1473","8.5","13.5","11.9","0.22","-0.24","-0.34","N/A","N/A","N/A","5-8-0","0.385"
"1155","SciBorgs","2045","33.9","1472","1473","4.8","20.6","8.5","-0.22","-0.29","-0.34","2026dal","Daly Division","8","17-21-0","0.447"
"9405","RouxBots","2046","33.8","1472","1473","11.1","17","5.7","0.01","-0.16","-0.34","N/A","N/A","N/A","11-11-0","0.500"
"8222","The Argonauts","2047","33.8","1472","1473","5.9","18.4","9.6","0.1","-0.13","-0.34","N/A","N/A","N/A","9-14-0","0.391"
"590","Chahta Warriors","2048","33.8","1472","1473","4.4","19.6","9.8","0.09","-0.23","-0.34","N/A","N/A","N/A","4-5-0","0.444"
"4632","Monti-Pythons","2049","33.8","1472","1473","5.9","20","7.9","0.17","-0.23","-0.34","N/A","N/A","N/A","5-4-0","0.556"
"10308","HiveMind","2050","33.8","1472","1473","6.4","19.6","7.8","0.02","-0.14","-0.34","N/A","N/A","N/A","6-7-2","0.467"
"4182","Viking Robotics","2051","33.8","1472","1473","9.3","13.8","10.7","0.14","-0.23","-0.34","N/A","N/A","N/A","5-4-0","0.556"
"611","Saxons","2052","33.7","1472","1473","5.4","14.2","14.2","0.08","-0.23","-0.34","N/A","N/A","N/A","10-17-1","0.375"
"10439","Wild Wires","2053","33.7","1472","1473","7","18.2","8.5","0.23","-0.23","-0.34","N/A","N/A","N/A","7-5-0","0.583"
"1279","Cold Fusion","2054","33.7","1472","1473","10.2","16.9","6.6","0.16","-0.18","-0.34","N/A","N/A","N/A","19-26-0","0.422"
"8708","Ov3R1y K0Mp13X","2055","33.7","1472","1472","7.4","11.2","15.1","-0.08","-0.15","-0.34","N/A","N/A","N/A","14-31-1","0.315"
"5248","Robo-Saxons","2056","33.6","1472","1472","8","19.5","6.1","0.33","-0.24","-0.34","N/A","N/A","N/A","15-15-0","0.500"
"1546","Chaos, Inc.","2057","33.6","1471","1472","9.4","17.4","6.8","0.13","-0.23","-0.34","N/A","N/A","N/A","6-3-0","0.667"
"10604","Demirören Robotics","2058","33.6","1471","1472","4.8","14.5","14.3","-0.07","-0.23","-0.34","2026mil","Milstein Division","8","10-21-0","0.323"
"815","Advanced Power","2059","33.6","1471","1472","8.3","16","9.2","0.24","-0.24","-0.34","N/A","N/A","N/A","10-16-0","0.385"
"3933","PrepaTec - Taman Keet","2060","33.5","1471","1472","5.1","19.5","8.9","0.04","-0.23","-0.34","N/A","N/A","N/A","9-6-0","0.600"
"10059","Tech On Titans","2061","33.5","1471","1472","7.2","18.5","7.8","0.14","-0.21","-0.34","N/A","N/A","N/A","12-18-0","0.400"
"6873","The Generals","2062","33.5","1471","1472","7.5","17.1","8.9","0.1","-0.23","-0.34","N/A","N/A","N/A","4-8-0","0.333"
"4603","Forza One - Peñoles","2063","33.5","1471","1472","9.1","13","11.4","0.11","-0.24","-0.34","N/A","N/A","N/A","11-16-0","0.407"
"3328","NoHoRobo","2064","33.5","1471","1472","5.8","11","16.6","0.05","-0.17","-0.34","N/A","N/A","N/A","8-15-0","0.348"
"3318","RoboDragons","2065","33.4","1471","1472","2.3","19.4","11.8","0","-0.18","-0.34","N/A","N/A","N/A","8-20-1","0.293"
"3729","The Raiders","2066","33.4","1471","1472","10.4","15","8","0.23","-0.24","-0.34","N/A","N/A","N/A","13-13-0","0.500"
"4480","UC-Botics","2067","33.4","1471","1472","9","12.6","11.8","0.14","-0.23","-0.34","N/A","N/A","N/A","7-12-0","0.368"
"5522","Stargazer","2068","33.4","1471","1472","6.9","17.9","8.6","0.13","-0.12","-0.34","N/A","N/A","N/A","3-5-0","0.375"
"6732","BHS RoboRaiders","2069","33.4","1471","1472","8","11.5","13.8","-0.03","-0.16","-0.34","N/A","N/A","N/A","19-25-0","0.432"
"8112","Cyclotrons","2070","33.4","1471","1472","7.7","14.5","11.2","0.04","-0.17","-0.34","N/A","N/A","N/A","8-12-1","0.405"
"5498","The Wired Devils","2071","33.4","1471","1472","10.9","15.9","6.6","0.04","-0.24","-0.34","N/A","N/A","N/A","13-15-0","0.464"
"9648","Circuit Breakers","2072","33.4","1471","1472","5.2","17.6","10.6","-0.04","-0.24","-0.34","N/A","N/A","N/A","12-19-0","0.387"
"4470","TiGears","2073","33.3","1471","1471","9.5","16.9","6.9","0.02","-0.14","-0.34","N/A","N/A","N/A","11-18-0","0.379"
"5830","LIFE Engineering","2074","33.3","1471","1471","8.3","17.6","7.4","0.11","-0.24","-0.34","N/A","N/A","N/A","11-15-0","0.423"
"7768","The AutoMatons","2075","33.2","1470","1471","4.9","15.3","13.1","-0.23","-0.19","-0.34","N/A","N/A","N/A","24-21-0","0.533"
"3163","ROARBOTS","2076","33.2","1470","1471","7.2","12.5","13.5","0.18","-0.23","-0.34","N/A","N/A","N/A","3-7-0","0.300"
"4940","Knight Vision","2077","33.2","1470","1471","8.4","16.1","8.7","0.05","-0.13","-0.34","N/A","N/A","N/A","8-16-0","0.333"
"2186","Dogs of Steel","2078","33.2","1470","1471","9.8","18","5.4","0.13","-0.24","-0.34","N/A","N/A","N/A","16-13-0","0.552"
"8863","ANATOLIAN DEAF ETERNALS ROB...","2079","33.2","1470","1471","7","15.9","10.3","0.05","-0.23","-0.34","N/A","N/A","N/A","6-10-0","0.375"
"7700","West Tech Paladins","2080","33.1","1470","1471","6","15.6","11.5","0.2","-0.23","-0.34","N/A","N/A","N/A","4-7-0","0.364"
"5141","GRIFFINITE","2081","33.1","1470","1471","9.3","13","10.8","0.04","-0.23","-0.34","N/A","N/A","N/A","11-7-0","0.611"
"3714","CHF S.O.A.R.","2082","33.1","1470","1471","7.2","17.7","8.2","0.11","-0.24","-0.34","N/A","N/A","N/A","13-11-0","0.542"
"7447","Rōnin Robotics","2083","33","1470","1471","10.6","13.7","8.7","0.28","-0.25","-0.34","N/A","N/A","N/A","11-18-0","0.379"
"5417","Eagle Robotics","2084","33","1470","1471","5.4","13.3","14.3","0","-0.28","-0.28","N/A","N/A","N/A","22-22-0","0.500"
"2130","Alpha+","2085","32.9","1470","1470","6.5","19.7","6.7","0.08","-0.23","-0.34","N/A","N/A","N/A","5-9-0","0.357"
"10107","ThunderBirdz","2086","32.9","1470","1470","7.1","19.1","6.7","0.11","-0.24","-0.34","N/A","N/A","N/A","12-16-0","0.429"
"10223","Crimson Jewels","2087","32.9","1470","1470","13.6","9.4","10","0.15","-0.23","-0.34","N/A","N/A","N/A","5-4-0","0.556"
"6145","War Eagles","2088","32.9","1470","1470","8.5","17.3","7.1","0.14","-0.23","-0.34","N/A","N/A","N/A","3-7-0","0.300"
"5421","BirchBots","2089","32.9","1470","1470","11.1","13.4","8.4","0.02","-0.12","-0.34","N/A","N/A","N/A","3-5-0","0.375"
"11296","Merced Fusion Robotics","2090","32.9","1470","1470","8.6","15.5","8.7","0.21","-0.16","-0.34","N/A","N/A","N/A","12-14-0","0.462"
"5276","Edgar Allan Ohms","2091","32.9","1470","1470","10.4","12","10.5","0.05","-0.23","-0.34","N/A","N/A","N/A","6-13-0","0.316"
"6749","tERAbytes","2092","32.9","1470","1470","10","16.4","6.6","0.09","-0.23","-0.34","N/A","N/A","N/A","3-6-0","0.333"
"3568","Linden RoboEagles","2093","32.8","1470","1470","6.8","12.2","13.9","0.12","-0.24","-0.34","N/A","N/A","N/A","16-13-0","0.552"
"6963","Blood Sweat and Gears","2094","32.8","1469","1470","6","15.7","11.1","0.2","-0.24","-0.34","N/A","N/A","N/A","13-15-0","0.464"
"6831","A-05 Annex","2095","32.8","1469","1470","9","12.4","11.3","0.25","-0.24","-0.34","N/A","N/A","N/A","8-16-0","0.333"
"7809","FROST BYTE  Robotics","2096","32.8","1469","1470","3.1","17.3","12.4","0.07","-0.24","-0.34","N/A","N/A","N/A","9-17-0","0.346"
"9575","Silver Robotics","2097","32.8","1469","1470","14.3","9.1","9.4","-0.03","-0.17","-0.34","N/A","N/A","N/A","23-24-0","0.489"
"6616","Mechanical Pumas","2098","32.7","1469","1470","7.9","19","5.8","0.06","-0.24","-0.34","N/A","N/A","N/A","10-18-0","0.357"
"8081","UMEI Lightning Robotics","2099","32.7","1469","1470","10.4","8.3","14","0.33","-0.25","-0.34","N/A","N/A","N/A","10-16-0","0.385"
"9149","RoboCats","2100","32.7","1469","1470","10.4","14.1","8.2","-0.1","-0.25","-0.34","N/A","N/A","N/A","18-22-0","0.450"
"2634","The Gryphons","2101","32.7","1469","1470","9","17.2","6.5","-0.12","-0.23","-0.34","N/A","N/A","N/A","17-24-1","0.417"
"4776","S.C.O.T.S. Bots","2102","32.6","1469","1470","7.6","14.3","10.7","0.05","-0.17","-0.34","N/A","N/A","N/A","9-21-0","0.300"
"9442","Miso Mechanics","2103","32.6","1469","1469","6.9","13.4","12.3","0.26","-0.23","-0.34","N/A","N/A","N/A","10-20-0","0.333"
"1940","Tech Tigers 1940","2104","32.5","1469","1469","5.6","20.4","6.5","0.21","-0.24","-0.34","N/A","N/A","N/A","8-16-0","0.333"
"9730","Metal Maniacs","2105","32.5","1469","1469","8.6","15","9","0.05","-0.04","-0.34","N/A","N/A","N/A","8-16-0","0.333"
"5682","Equus Engineering","2106","32.5","1469","1469","5.5","15","12","0.26","-0.17","-0.34","N/A","N/A","N/A","12-16-0","0.429"
"5756","REC'in Crew","2107","32.5","1469","1469","5.8","17.4","9.4","0.1","-0.24","-0.34","N/A","N/A","N/A","13-15-0","0.464"
"8302","⚡️ Ｎｉ-ＴＲＯ  ⚡️","2108","32.5","1469","1469","9.1","14.1","9.3","0.14","-0.17","-0.34","N/A","N/A","N/A","13-15-0","0.464"
"11132","Rambotics, Inc.","2109","32.5","1469","1469","10.7","18.6","3.3","0.14","-0.24","-0.27","N/A","N/A","N/A","8-15-1","0.354"
"6526","Cyber Rangers","2110","32.5","1469","1469","9","15","8.5","0.04","-0.25","-0.34","N/A","N/A","N/A","20-22-0","0.476"
"9758","Pantron-X","2111","32.5","1469","1469","7.9","16","8.6","0.07","-0.24","-0.34","N/A","N/A","N/A","13-14-0","0.481"
"10675","Energize","2112","32.5","1469","1469","5.5","15.9","11","0.05","-0.06","-0.34","N/A","N/A","N/A","3-6-0","0.333"
"6344","Yale Jiggawattz","2113","32.4","1468","1469","7.4","20.6","4.4","-0.03","-0.23","-0.34","N/A","N/A","N/A","11-15-0","0.423"
"4511","Power Amplified","2114","32.4","1468","1469","10.3","14.7","7.3","0.02","-0.23","-0.34","N/A","N/A","N/A","9-11-0","0.450"
"8308","GFLRobotics","2115","32.4","1468","1469","10.9","17","4.5","0.12","-0.23","-0.34","N/A","N/A","N/A","5-4-0","0.556"
"2830","Riverside RoboTigers","2116","32.4","1468","1469","10.5","17.4","4.5","-0.06","-0.25","-0.34","N/A","N/A","N/A","20-26-0","0.435"
"9213","Tecuani","2117","32.3","1468","1469","5.5","19.4","7.4","0.13","-0.23","-0.34","N/A","N/A","N/A","5-6-0","0.455"
"8825","Team Eagle Eyed","2118","32.3","1468","1469","8.5","14.6","9.3","0.2","-0.15","-0.34","N/A","N/A","N/A","7-13-0","0.350"
"8300","Titan Robotics","2119","32.3","1468","1469","7.3","14.6","10.4","0.14","-0.24","-0.34","N/A","N/A","N/A","12-17-0","0.414"
"6947","Savage Tumaz","2120","32.3","1468","1469","9.3","17.8","5.1","0.18","-0.23","-0.34","N/A","N/A","N/A","4-5-0","0.444"
"9595","ECHO","2121","32.2","1468","1469","8.5","15.7","8.1","-0.02","-0.13","-0.34","N/A","N/A","N/A","4-8-0","0.333"
"4536","MinuteBots","2122","32.2","1468","1469","9.8","14.9","7.5","0.26","-0.23","-0.34","N/A","N/A","N/A","10-11-0","0.476"
"6171","⚛ Chain Reaction ⚛","2123","32.2","1468","1469","7.8","14.2","10.2","0.3","-0.24","-0.34","N/A","N/A","N/A","5-19-0","0.208"
"8822","Lc3 Thunderbirds","2124","32.2","1468","1469","10.6","14.2","7.5","0.04","-0.23","-0.34","N/A","N/A","N/A","3-5-0","0.375"
"8209","SEZMECH","2125","32.2","1468","1468","9.7","17.7","4.8","0.15","-0.23","-0.34","N/A","N/A","N/A","6-5-0","0.545"
"10547","United Phoenix","2126","32.2","1468","1468","9.8","14.6","7.8","0.08","-0.24","-0.34","N/A","N/A","N/A","12-14-0","0.462"
"6397","Romero Robotics","2127","32.2","1468","1468","3.8","17.2","11.2","0.1","-0.24","-0.34","N/A","N/A","N/A","13-15-0","0.464"
"7439","Qubit Robotics","2128","32.2","1468","1468","9.2","20.1","2.9","0.01","-0.14","-0.34","N/A","N/A","N/A","8-4-0","0.667"
"6318","FE Freedom Engineers","2129","32.2","1468","1468","8.6","15.7","7.9","0.23","-0.24","-0.34","N/A","N/A","N/A","13-14-1","0.482"
"7153","Aetos Dios (Eagles of Zeus)","2130","32.1","1468","1468","16.2","8.2","7.7","-0.08","-0.16","-0.34","N/A","N/A","N/A","18-26-0","0.409"
"7155","The Robotic Rangers","2131","32.1","1468","1468","6.7","18.7","6.7","0.08","-0.24","-0.34","N/A","N/A","N/A","11-19-0","0.367"
"11154","XR-Boot","2132","32.1","1468","1468","8.5","15.2","8.4","0.05","-0.12","-0.34","N/A","N/A","N/A","6-8-0","0.429"
"6704","Mid Pacific Owls Robotics","2133","32","1467","1468","-0.2","22.7","9.5","0.14","-0.25","-0.34","N/A","N/A","N/A","9-15-0","0.375"
"4984","Bullseye","2134","32","1467","1468","7.5","17.5","7","0.1","-0.24","-0.34","N/A","N/A","N/A","9-19-0","0.321"
"9139","Reserve Robotics","2135","32","1467","1468","3.3","17.9","10.8","0.07","-0.23","-0.23","N/A","N/A","N/A","2-7-0","0.222"
"3038","Inter-district Computers an...","2136","31.9","1467","1468","6.1","14.1","11.7","0.11","-0.23","-0.34","N/A","N/A","N/A","3-6-0","0.333"
"4265","Secret City Wildbots","2137","31.9","1467","1468","8.7","17.6","5.7","0.32","-0.26","-0.34","N/A","N/A","N/A","10-11-0","0.476"
"10421","Coded Dragons","2138","31.9","1467","1468","11.1","14","6.9","0.18","-0.17","-0.34","N/A","N/A","N/A","12-20-0","0.375"
"7117","Robotic Dragons","2139","31.9","1467","1468","5.8","20.5","5.6","0.02","-0.12","-0.34","N/A","N/A","N/A","7-4-1","0.625"
"11479","Formosa Robotics","2140","31.9","1467","1468","5.8","19.7","6.4","0.09","-0.23","-0.34","N/A","N/A","N/A","6-4-0","0.600"
"8370","Glow With The Flow","2141","31.9","1467","1468","10","11","10.9","-0.18","-0.19","-0.34","N/A","N/A","N/A","20-24-0","0.455"
"8122","Mechanical Mustaches","2142","31.8","1467","1468","7.7","15.7","8.5","0.15","-0.23","-0.34","N/A","N/A","N/A","16-16-0","0.500"
"4186","Alameda Aztechs Robotics","2143","31.8","1467","1467","2.8","20.3","8.7","0.14","-0.24","-0.34","N/A","N/A","N/A","10-16-0","0.385"
"6167","CB Bearbots","2144","31.8","1467","1467","8.8","15.4","7.5","-0.06","-0.18","-0.34","N/A","N/A","N/A","23-22-0","0.511"
"4622","CAT 5","2145","31.8","1467","1467","10.7","9.4","11.8","0.24","-0.23","-0.34","N/A","N/A","N/A","7-10-0","0.412"
"107","Team R.O.B.O.T.I.C.S.","2146","31.6","1466","1467","6.3","13.9","11.5","0.02","-0.23","-0.34","N/A","N/A","N/A","12-20-0","0.375"
"2708","Lake Effect Robotics","2147","31.6","1466","1467","9.3","6.7","15.6","-0.05","-0.1","-0.34","N/A","N/A","N/A","17-25-0","0.405"
"3489","Category 5","2148","31.6","1466","1467","7.6","15.4","8.7","-0.23","-0.24","-0.34","N/A","N/A","N/A","16-28-0","0.364"
"6896","CABOTS - Fresnillo PLC - Co...","2149","31.6","1466","1467","6.4","17.4","7.8","0.27","-0.23","-0.34","N/A","N/A","N/A","4-6-0","0.400"
"4838","Under Currents","2150","31.6","1466","1467","9.3","12.4","9.9","0.11","-0.24","-0.34","N/A","N/A","N/A","20-10-0","0.667"
"5096","The Teutonic Force","2151","31.6","1466","1467","7.1","16.4","8.1","0.13","-0.24","-0.34","N/A","N/A","N/A","10-14-0","0.417"
"11464","Lancer Nation Robotics","2152","31.6","1466","1467","10.3","16.1","5.2","0.11","-0.25","-0.34","N/A","N/A","N/A","10-14-0","0.417"
"6744","MEHLVILLE RC","2153","31.6","1466","1467","6.9","17.6","7.1","0.15","-0.23","-0.34","N/A","N/A","N/A","5-7-0","0.417"
"9567","StormBreakers","2154","31.6","1466","1467","9.9","16.5","5.3","0.1","-0.24","-0.34","N/A","N/A","N/A","10-14-0","0.417"
"9618","Tronarchs","2155","31.6","1466","1467","8.4","12.4","10.7","0.05","-0.18","-0.34","N/A","N/A","N/A","8-16-0","0.333"
"9631","Chargers","2156","31.5","1466","1467","3.3","12.9","15.3","0.22","-0.23","-0.34","N/A","N/A","N/A","3-7-0","0.300"
"9708","Supersonic Circuit Breakers","2157","31.5","1466","1467","12.9","13","5.7","0.01","-0.13","-0.34","N/A","N/A","N/A","6-2-0","0.750"
"537","Charger Robotics","2158","31.5","1466","1467","13.8","14.4","3.3","-0.13","-0.25","-0.34","N/A","N/A","N/A","13-27-2","0.333"
"10376","Plutonium Panthers","2159","31.5","1466","1467","9","17.6","5","0.08","-0.24","-0.34","N/A","N/A","N/A","10-16-0","0.385"
"11285","Purple Autobots","2160","31.5","1466","1467","5.9","16","9.6","-0.03","-0.24","-0.34","N/A","N/A","N/A","18-20-0","0.474"
"3268","Valhallabots","2161","31.5","1466","1467","11.3","16.8","3.5","0.18","-0.24","-0.34","N/A","N/A","N/A","10-14-0","0.417"
"8840","Bay Robotics","2162","31.5","1466","1467","8.1","16.7","6.6","0.02","-0.14","-0.34","N/A","N/A","N/A","9-17-0","0.346"
"9024","Callister","2163","31.4","1466","1466","5.7","17.3","8.5","0.08","-0.16","-0.34","N/A","N/A","N/A","12-13-0","0.480"
"9207","Redneck Robotics","2164","31.4","1466","1466","8.7","13.6","9.1","0.07","-0.23","-0.34","N/A","N/A","N/A","13-15-0","0.464"
"10016","Absolute Zero","2165","31.4","1466","1466","5.4","22.9","3","0.2","-0.23","-0.34","N/A","N/A","N/A","3-4-0","0.429"
"4153","Project Y","2166","31.4","1466","1466","7.5","12.6","11.3","-0.07","-0.25","-0.34","N/A","N/A","N/A","15-30-0","0.333"
"11240","Rotatech","2167","31.4","1466","1466","9.8","15.4","6.2","0.18","-0.23","-0.34","N/A","N/A","N/A","3-6-0","0.333"
"4342","Demon Robotics","2168","31.3","1466","1466","7.5","12.3","11.5","0.07","-0.23","-0.34","N/A","N/A","N/A","11-20-0","0.355"
"6657","Arborbotics","2169","31.3","1466","1466","12.1","12","7.3","0.26","-0.29","-0.34","N/A","N/A","N/A","11-17-0","0.393"
"7225","Mechatronic Mustangs","2170","31.3","1466","1466","6.5","14.6","10.2","0.11","-0.24","-0.34","N/A","N/A","N/A","9-18-0","0.333"
"9220","Geekos","2171","31.3","1466","1466","6.3","14.9","10.1","0.19","-0.23","-0.34","N/A","N/A","N/A","6-12-0","0.333"
"10998","VOLTARIA ROBOTICS","2172","31.3","1466","1466","10.1","12.5","8.8","0.15","-0.23","-0.34","N/A","N/A","N/A","6-7-0","0.462"
"4226","Huskies","2173","31.2","1465","1466","10.7","15.9","4.7","0.12","-0.24","-0.34","N/A","N/A","N/A","17-18-0","0.486"
"6348","PrepaTec - HORUS","2174","31.2","1465","1466","7.1","7.7","16.3","0.3","-0.24","-0.34","N/A","N/A","N/A","11-18-0","0.379"
"7491","Cyber Soldiers","2175","31.2","1465","1466","7.1","15.5","8.6","0.22","-0.24","-0.34","N/A","N/A","N/A","15-15-0","0.500"
"6566","Battering Rams","2176","31.1","1465","1466","8.9","16.8","5.4","0.25","-0.24","-0.34","N/A","N/A","N/A","11-15-0","0.423"
"9520","Rock-it Robotics","2177","31.1","1465","1466","10.1","11","10","0.27","-0.25","-0.34","N/A","N/A","N/A","13-11-0","0.542"
"11281","Phoenix Robotics","2178","31.1","1465","1466","8.1","14.2","8.7","0.05","-0.12","-0.34","N/A","N/A","N/A","9-6-0","0.600"
"453","Rockem Sockem Robotics","2179","31.1","1465","1466","5.7","18.2","7.2","0.12","-0.24","-0.34","N/A","N/A","N/A","14-12-0","0.538"
"10186","feenx","2180","31.1","1465","1465","7.4","14.2","9.5","0.05","-0.23","-0.34","N/A","N/A","N/A","2-8-0","0.200"
"8115","Platinum Peacocks","2181","31","1465","1465","5.9","12.2","12.9","0.12","-0.09","-0.34","N/A","N/A","N/A","14-15-0","0.483"
"204","Eastern Robotic Vikings","2182","31","1465","1465","10.3","12.2","8.6","0.08","-0.24","-0.34","N/A","N/A","N/A","7-19-0","0.269"
"7601","Shenzhen Unity Stallion","2183","31","1465","1465","10.8","12","8.2","0.24","-0.23","-0.34","N/A","N/A","N/A","3-4-0","0.429"
"1518","Raider Robotics","2184","31","1465","1465","11.8","12.5","6.7","0.07","-0.23","-0.34","N/A","N/A","N/A","2-7-0","0.222"
"11312","Royal Flush","2185","31","1465","1465","11.8","9.3","9.8","0.02","-0.23","-0.34","N/A","N/A","N/A","5-3-0","0.625"
"3134","The Accelerators","2186","31","1465","1465","8.6","14.2","8.2","0.27","-0.23","-0.34","N/A","N/A","N/A","8-11-0","0.421"
"10514","Mixed Métal","2187","30.9","1465","1465","4.3","20.5","6.1","-0.06","-0.1","-0.34","N/A","N/A","N/A","14-28-0","0.333"
"709","Femme Tech Fatale","2188","30.9","1465","1465","9.2","1.4","20.3","0.03","-0.23","-0.34","N/A","N/A","N/A","9-11-0","0.450"
"10577","TARMINATORS","2189","30.9","1464","1465","8.4","15.4","7.1","-0.05","-0.24","-0.34","N/A","N/A","N/A","17-12-0","0.586"
"10221","#1 Sea Bass","2190","30.8","1464","1465","4","17","9.8","0.02","-0.18","-0.34","N/A","N/A","N/A","7-17-0","0.292"
"5295","Aldernating Current","2191","30.8","1464","1465","6.5","19.5","4.8","0.07","-0.17","-0.34","N/A","N/A","N/A","9-15-0","0.375"
"639","Code Red Robotics","2192","30.8","1464","1465","4.9","17.9","8","0.11","-0.23","-0.34","N/A","N/A","N/A","10-12-0","0.455"
"10470","Sancar Robotics","2193","30.8","1464","1465","8.3","17.4","5.1","0.15","-0.23","-0.34","N/A","N/A","N/A","6-7-0","0.462"
"6188","Sting Robotics","2194","30.8","1464","1465","6.7","18.7","5.4","-0.09","-0.12","-0.34","N/A","N/A","N/A","5-8-0","0.385"
"2882","Nuts n' Boltz","2195","30.7","1464","1465","7.4","14.6","8.8","0.14","-0.24","-0.34","N/A","N/A","N/A","11-15-1","0.426"
"5924","Golden Gate Robotics","2196","30.7","1464","1465","7.3","17.5","6","0.14","-0.05","-0.34","N/A","N/A","N/A","8-20-0","0.286"
"1927","Tempest","2197","30.7","1464","1465","7.6","15.6","7.6","0.07","-0.23","-0.34","N/A","N/A","N/A","4-5-0","0.444"
"6180","Mechanical Lions","2198","30.6","1464","1464","10.4","10.9","9.4","0","-0.24","-0.34","N/A","N/A","N/A","12-19-0","0.387"
"7717","Steam Punks","2199","30.6","1464","1464","6.1","11.9","12.6","0.02","-0.27","-0.34","2026mil","Milstein Division","8","7-12-0","0.368"
"8084","ALFA ROBOTICS","2200","30.6","1464","1464","3.8","13.7","13.1","0.13","-0.24","-0.34","N/A","N/A","N/A","13-16-0","0.448"
"8349","Newbotics","2201","30.6","1464","1464","4.6","15.4","10.6","-0.08","-0.15","-0.34","N/A","N/A","N/A","24-33-0","0.421"
"11157","Winnacunnet","2202","30.6","1464","1464","11.4","12.1","7.1","0.26","-0.25","-0.34","N/A","N/A","N/A","12-13-0","0.480"
"6243","Energy NERDs","2203","30.6","1464","1464","7.3","16.6","6.7","0","-0.24","-0.34","N/A","N/A","N/A","11-18-0","0.379"
"5298","E-TECH CHARGERS","2204","30.6","1464","1464","10.9","10.1","9.6","0.08","-0.23","-0.34","N/A","N/A","N/A","11-12-0","0.478"
"5902","The Wire Clippers","2205","30.6","1464","1464","6.3","13.9","10.3","0.28","-0.24","-0.34","N/A","N/A","N/A","14-17-0","0.452"
"9578","Player One","2206","30.5","1464","1464","4","18.3","8.2","0.13","-0.24","-0.34","N/A","N/A","N/A","12-15-0","0.444"
"4328","Furious Falcons","2207","30.5","1464","1464","8.9","12.2","9.4","0.14","-0.24","-0.34","N/A","N/A","N/A","13-14-1","0.482"
"7497","MARAHO","2208","30.5","1464","1464","10.1","12.8","7.7","0.15","-0.23","-0.34","N/A","N/A","N/A","7-7-0","0.500"
"5212","TAMSformers Robotics","2209","30.5","1463","1464","8.2","13.4","8.9","-0.06","-0.23","-0.34","N/A","N/A","N/A","4-8-0","0.333"
"5689","CK Cyber Pack","2210","30.5","1463","1464","9.5","14.1","6.9","-0.05","-0.21","-0.34","N/A","N/A","N/A","15-27-0","0.357"
"10231","Midnight Circuits","2211","30.5","1463","1464","4.9","14.8","10.8","-0.08","-0.24","-0.34","N/A","N/A","N/A","14-28-0","0.333"
"11022","RISING STAR ROBOTIC TEAM","2212","30.5","1463","1464","5.6","18.8","6.1","0.15","-0.13","-0.34","N/A","N/A","N/A","6-7-0","0.462"
"6343","Steel Ridge","2213","30.4","1463","1464","7.1","11.5","11.8","0.03","-0.23","-0.34","N/A","N/A","N/A","11-20-0","0.355"
"2667","Knights of the Valley","2214","30.4","1463","1464","7.9","17.6","4.9","0.16","-0.23","-0.34","N/A","N/A","N/A","7-13-0","0.350"
"5530","Greenhills Lawnmowers","2215","30.4","1463","1464","7.7","17.3","5.4","0.04","-0.23","-0.34","N/A","N/A","N/A","12-19-1","0.391"
"6122","Potential Energy","2216","30.4","1463","1464","8.5","15.4","6.5","0.02","-0.17","-0.34","N/A","N/A","N/A","10-20-0","0.333"
"1329","The ViPrs","2217","30.4","1463","1464","9.6","16","4.7","0.09","-0.23","-0.34","N/A","N/A","N/A","7-7-0","0.500"
"451","Cat Attack Robotics","2218","30.3","1463","1464","7.6","8.4","14.4","0.09","-0.24","-0.34","N/A","N/A","N/A","7-14-0","0.333"
"1635","TECHNOTICS","2219","30.3","1463","1464","9.2","19","2.1","0.15","-0.23","-0.34","N/A","N/A","N/A","4-4-0","0.500"
"3042","Cobalt Catalysts","2220","30.3","1463","1463","9.1","14.1","7","0.2","-0.23","-0.34","N/A","N/A","N/A","11-13-0","0.458"
"8590","Cavbotics","2221","30.3","1463","1463","6.3","14.1","10","-0.16","-0.2","-0.34","N/A","N/A","N/A","19-25-0","0.432"
"3958","Schrodinger's Cat","2222","30.3","1463","1463","10.8","10.8","8.7","-0.11","-0.13","-0.34","N/A","N/A","N/A","14-27-0","0.341"
"4964","Roosevelt Robotics","2223","30.3","1463","1463","11.6","12.6","6.1","0.04","-0.18","-0.34","N/A","N/A","N/A","15-10-0","0.600"
"7414","Retrobotics","2224","30.3","1463","1463","4.5","17.1","8.7","0","-0.17","-0.34","N/A","N/A","N/A","14-16-0","0.467"
"10606","The Foley Flare","2225","30.3","1463","1463","9.7","11.6","9.1","0.11","-0.13","-0.34","N/A","N/A","N/A","9-17-0","0.346"
"691","Project 691 Robotics","2226","30.3","1463","1463","8","15.8","6.5","0.2","-0.24","-0.34","N/A","N/A","N/A","8-16-0","0.333"
"1828","BoxerBots","2227","30.3","1463","1463","8.9","10.7","10.6","0.13","-0.24","-0.34","N/A","N/A","N/A","7-14-0","0.333"
"3876","Mabton LugNutz","2228","30.3","1463","1463","10.3","13.7","6.3","0.13","-0.24","-0.34","N/A","N/A","N/A","7-17-0","0.292"
"9180","Ursa Major Robotics","2229","30.3","1463","1463","6.2","13.3","10.8","0.13","-0.23","-0.34","N/A","N/A","N/A","8-7-0","0.533"
"10203","LANCE","2230","30.2","1463","1463","7.4","11.6","11.3","0.02","-0.23","-0.34","N/A","N/A","N/A","2-5-0","0.286"
"3484","Short Circuit","2231","30.2","1463","1463","2.9","19.1","8.2","0.09","-0.23","-0.34","N/A","N/A","N/A","9-8-0","0.529"
"7531","Servos Strike Back","2232","30.2","1463","1463","6.4","16.2","7.6","0.09","-0.23","-0.34","N/A","N/A","N/A","9-11-0","0.450"
"7784","Vassar Voltage","2233","30.2","1463","1463","7.2","17.2","5.8","0.14","-0.23","-0.34","N/A","N/A","N/A","12-14-0","0.462"
"4091","DRIFT","2234","30.1","1462","1463","10.9","17.1","2.1","0.05","-0.23","-0.34","N/A","N/A","N/A","6-4-0","0.600"
"6168","alzahrawi","2235","30.1","1462","1463","6.6","16.1","7.5","0.09","-0.22","-0.33","N/A","N/A","N/A","0-0-0","0.000"
"7660","The Byting Irish","2236","30.1","1462","1463","9.5","13.3","7.4","0.21","-0.24","-0.34","N/A","N/A","N/A","15-15-0","0.500"
"8816","Coyotronics","2237","30.1","1462","1463","5.3","17.7","7","-0.04","-0.06","-0.34","N/A","N/A","N/A","6-7-0","0.462"
"5806","Basement Lions","2238","30","1462","1463","6.7","14.1","9.3","0.08","-0.17","-0.34","N/A","N/A","N/A","12-9-0","0.571"
"10323","DeMolay Dynamics","2239","30","1462","1463","5.1","9.1","15.8","0.03","-0.17","-0.34","N/A","N/A","N/A","8-10-0","0.444"
"9315","Coding Comets","2240","30","1462","1463","6.9","15.1","8.1","-0.03","-0.24","-0.34","N/A","N/A","N/A","16-24-0","0.400"
"9455","DinoMights","2241","30","1462","1463","7.7","19.5","2.9","0.17","-0.24","-0.34","N/A","N/A","N/A","9-16-0","0.360"
"1764","Liberty Robotics","2242","30","1462","1463","5.2","13.7","11.1","0.23","-0.17","-0.34","N/A","N/A","N/A","9-15-0","0.375"
"2225","Rebel Robotics","2243","30","1462","1463","5.7","15.8","8.4","0.11","-0.23","-0.34","N/A","N/A","N/A","5-5-0","0.500"
"10654","Tiger Bytes","2244","30","1462","1463","8.5","10.7","10.7","0.02","-0.24","-0.34","N/A","N/A","N/A","13-18-0","0.419"
"4361","Roxbotix","2245","30","1462","1463","3","16.5","10.6","0.15","-0.24","-0.34","N/A","N/A","N/A","13-16-0","0.448"
"2143","Team Tobor","2246","29.9","1462","1462","4","16.6","9.4","0.16","-0.24","-0.34","N/A","N/A","N/A","14-17-0","0.452"
"8137","Byting Bulldogs","2247","29.9","1462","1462","8.4","15.3","6.3","-0.12","-0.24","-0.34","N/A","N/A","N/A","24-24-0","0.500"
"8713","Nordonia Knights","2248","29.9","1462","1462","7.5","14.7","7.7","0.16","-0.23","-0.34","N/A","N/A","N/A","5-6-0","0.455"
"3734","StarBots","2249","29.9","1462","1462","8.1","9.8","12","0.21","-0.23","-0.34","N/A","N/A","N/A","6-8-0","0.429"
"8385","Metal Madness","2250","29.9","1462","1462","6.5","13.5","9.9","0.2","-0.24","-0.34","N/A","N/A","N/A","13-14-0","0.481"
"11139","Blackhawk Robotics #11139","2251","29.9","1462","1462","9.4","18.1","2.4","0","-0.13","-0.34","N/A","N/A","N/A","11-15-0","0.423"
"3055","Furious George","2252","29.9","1462","1462","4.3","16.3","9.3","0.03","-0.17","-0.34","N/A","N/A","N/A","8-11-0","0.421"
"10987","The Legion","2253","29.9","1462","1462","6.9","13.7","9.2","0.14","-0.23","-0.34","N/A","N/A","N/A","1-8-0","0.111"
"2915","Pandamonium","2254","29.8","1462","1462","3","15.6","11.3","0.2","-0.24","-0.34","N/A","N/A","N/A","10-15-0","0.400"
"9722","Polar Robotics","2255","29.8","1462","1462","7.2","17.5","5.1","0.08","-0.24","-0.34","N/A","N/A","N/A","9-16-0","0.360"
"9767","Magnificat MagnifiBots","2256","29.8","1462","1462","13.9","0.3","15.6","0.08","-0.17","-0.34","N/A","N/A","N/A","12-11-0","0.522"
"11171","Hi Gear","2257","29.8","1462","1462","6.1","10.9","12.7","0.22","-0.2","-0.34","N/A","N/A","N/A","7-14-0","0.333"
"11274","Warrior Robotics","2258","29.8","1462","1462","10.2","14.9","4.7","0.02","-0.25","-0.34","N/A","N/A","N/A","9-15-0","0.375"
"1675","UPS (Ultimate Protection Sq...","2259","29.7","1461","1462","9.5","9.5","10.7","0","-0.25","-0.34","N/A","N/A","N/A","19-22-1","0.464"
"2945","Steel Mustangs","2260","29.7","1461","1462","8.5","14.4","6.7","0.02","-0.17","-0.34","N/A","N/A","N/A","7-14-0","0.333"
"4617","DAUN","2261","29.7","1461","1462","8.2","13.6","7.9","0.09","0","-0.34","N/A","N/A","N/A","11-16-0","0.407"
"5735","Control Freaks","2262","29.7","1461","1462","8.5","13.5","7.7","0.13","-0.24","-0.34","N/A","N/A","N/A","15-15-0","0.500"
"9030","Qarabagh MecHack","2263","29.7","1461","1462","6.4","16.3","6.9","0.07","-0.05","-0.34","N/A","N/A","N/A","8-10-0","0.444"
"6488","RoboRams","2264","29.7","1461","1462","6.7","11.6","11.4","0.07","-0.24","-0.34","N/A","N/A","N/A","7-17-0","0.292"
"1523","MARS (Mega Awesome Robotic ...","2265","29.6","1461","1462","5.5","9.4","14.8","0.08","-0.17","-0.34","N/A","N/A","N/A","14-9-1","0.604"
"1504","Desperate Penguins","2266","29.6","1461","1462","9.8","14.9","4.9","0.06","-0.24","-0.34","N/A","N/A","N/A","7-17-0","0.292"
"6610","Robot Roll Call","2267","29.6","1461","1462","7.9","14.1","7.6","0.18","-0.24","-0.34","N/A","N/A","N/A","10-14-0","0.417"
"6622","Stan Robotix","2268","29.6","1461","1462","10.2","13.5","5.9","0.29","-0.23","-0.34","N/A","N/A","N/A","6-5-0","0.545"
"6060","Circuit Serpents","2269","29.5","1461","1461","10","5.6","13.9","0.26","-0.17","-0.34","N/A","N/A","N/A","13-16-0","0.448"
"6515","Unimatics","2270","29.5","1461","1461","6","14.3","9.3","0.07","-0.24","-0.34","N/A","N/A","N/A","14-12-0","0.538"
"8630","CAP ROBOTICS","2271","29.5","1461","1461","7.6","13.1","8.9","0.21","-0.24","-0.34","N/A","N/A","N/A","9-19-1","0.328"
"9657","SESI SENAI IPÊV4","2272","29.5","1461","1461","6.9","12.7","9.9","0.01","-0.23","-0.34","N/A","N/A","N/A","4-6-0","0.400"
"9191","My Chemical Robots","2273","29.5","1461","1461","7.4","15.5","6.5","0.11","-0.23","-0.34","N/A","N/A","N/A","7-7-0","0.500"
"6367","The ElectroLights","2274","29.5","1461","1461","6.5","15.9","7.1","0.2","-0.24","-0.34","N/A","N/A","N/A","9-17-0","0.346"
"2682","Boneyard Robotics 2682","2275","29.5","1461","1461","6.3","13.9","9.3","-0.29","-0.24","-0.34","2026cur","Curie Division","8","24-26-0","0.480"
"329","Mohawks","2276","29.5","1461","1461","3.4","17","9.1","0.1","-0.22","-0.34","N/A","N/A","N/A","6-6-0","0.500"
"4277","Thingamajiggers","2277","29.5","1461","1461","5.8","13.2","10.5","0.02","-0.23","-0.34","N/A","N/A","N/A","2-7-0","0.222"
"6025","Adroit Androids","2278","29.5","1461","1461","9.1","15.4","4.9","0.17","-0.23","-0.34","N/A","N/A","N/A","6-7-0","0.462"
"8742","Argyll Attack","2279","29.5","1461","1461","5","17.9","6.6","0.2","-0.24","-0.34","N/A","N/A","N/A","9-16-0","0.360"
"6974","Zia Robotics","2280","29.4","1461","1461","8.1","14.5","6.9","0.1","-0.24","-0.34","N/A","N/A","N/A","11-17-0","0.393"
"6909","SAKURA Tempesta","2281","29.4","1461","1461","5.3","15.9","8.2","0.24","-0.23","-0.34","N/A","N/A","N/A","5-5-0","0.500"
"10996","SRC Robotics","2282","29.4","1461","1461","4.4","15.4","9.5","-0.01","-0.23","-0.34","N/A","N/A","N/A","1-8-0","0.111"
"9426","CLAWBOTICS","2283","29.4","1460","1461","6","15.2","8.2","-0.02","-0.14","-0.34","N/A","N/A","N/A","3-7-0","0.300"
"6838","X-SHARC","2284","29.4","1460","1461","8.1","11.8","9.4","0.1","-0.24","-0.34","N/A","N/A","N/A","11-19-0","0.367"
"4991","Horsepower","2285","29.3","1460","1461","7","16.1","6.3","0.05","-0.23","-0.34","N/A","N/A","N/A","5-6-0","0.455"
"10183","ARC","2286","29.3","1460","1461","2.9","20.4","6","0.03","-0.24","-0.34","N/A","N/A","N/A","13-14-0","0.481"
"612","Chantilly Robotics","2287","29.3","1460","1461","7.9","12.2","9.2","0.09","-0.24","-0.34","N/A","N/A","N/A","10-16-0","0.385"
"7273","ZooM 7273","2288","29.3","1460","1461","2.1","14.4","12.8","0.13","-0.23","-0.34","N/A","N/A","N/A","5-5-0","0.500"
"10353","HATAY ROBOTICS","2289","29.3","1460","1461","9.8","17.6","1.9","0.04","-0.23","-0.34","N/A","N/A","N/A","4-7-0","0.364"
"2177","The Robettes","2290","29.3","1460","1461","6.1","15.7","7.6","-0.07","-0.23","-0.34","N/A","N/A","N/A","12-9-1","0.568"
"7436","8-Bit Miners","2291","29.2","1460","1461","6.9","15.8","6.6","0.19","-0.19","-0.34","N/A","N/A","N/A","7-18-0","0.280"
"5526","Type C - Peñoles","2292","29.2","1460","1461","7.9","12.8","8.5","0.18","-0.24","-0.34","N/A","N/A","N/A","8-14-0","0.364"
"2720","Red Watch Robotics","2293","29.2","1460","1461","9.5","14.7","5.1","0.07","-0.24","-0.34","N/A","N/A","N/A","12-17-0","0.414"
"9101","Green Mountain Robotics","2294","29.2","1460","1461","8.1","14.3","6.8","0.08","-0.2","-0.34","N/A","N/A","N/A","10-16-0","0.385"
"9153","Bearcat Robotics","2295","29.2","1460","1460","10.8","8.4","10","0.06","-0.23","-0.34","N/A","N/A","N/A","11-12-0","0.478"
"6217","Bomb-Botz","2296","29.2","1460","1460","5.5","14.6","9","0.17","-0.23","-0.34","N/A","N/A","N/A","9-13-0","0.409"
"2048","The Pink Panthers","2297","29.1","1460","1460","8.1","12.1","8.9","0.09","-0.24","-0.34","N/A","N/A","N/A","10-16-0","0.385"
"5219","TeknoSquad 5219","2298","29.1","1460","1460","3","11.3","14.9","-0.18","-0.26","-0.34","N/A","N/A","N/A","23-19-0","0.548"
"7289","Blue Eagles","2299","29.1","1460","1460","11.4","8","9.7","0.08","-0.24","-0.34","N/A","N/A","N/A","12-12-0","0.500"
"5857","Walnut Valley Robotics","2300","29.1","1460","1460","2.7","14.1","12.4","0.04","-0.24","-0.34","N/A","N/A","N/A","11-15-0","0.423"
"9668","Malfunctionz","2301","29.1","1460","1460","7.8","17.1","4.2","0.06","-0.23","-0.34","N/A","N/A","N/A","4-6-0","0.400"
"8739","Redhawk Robotics","2302","29.1","1460","1460","7.8","9.8","11.4","0.11","-0.24","-0.34","N/A","N/A","N/A","11-11-0","0.500"
"4585","Husky Robotics","2303","29.1","1460","1460","8.5","11","9.6","0.17","-0.18","-0.34","N/A","N/A","N/A","7-15-0","0.318"
"2998","VikingBots","2304","29","1460","1460","8.5","12.4","8.1","-0.03","-0.24","-0.34","N/A","N/A","N/A","10-21-0","0.323"
"6691","Torque","2305","29","1460","1460","8.5","15.2","5.4","0.13","-0.24","-0.34","N/A","N/A","N/A","6-6-0","0.500"
"11292","Icebots","2306","29","1460","1460","9.2","14.5","5.3","0.03","-0.23","-0.34","N/A","N/A","N/A","5-6-0","0.455"
"7064","Voltron Robotics","2307","29","1460","1460","6.2","11.2","11.7","0.12","-0.19","-0.34","N/A","N/A","N/A","8-13-0","0.381"
"6860","Equitum Robotics","2308","29","1460","1460","6.1","14.6","8.4","0.04","-0.17","-0.34","N/A","N/A","N/A","10-15-0","0.400"
"11269","Batteries Not Included","2309","29","1459","1460","9","8.6","11.5","-0.06","-0.26","-0.34","2026joh","Johnson Division","8","13-21-0","0.382"
"6843","Guardian Gears","2310","29","1459","1460","3.7","19.8","5.5","0.18","-0.17","-0.34","N/A","N/A","N/A","9-13-0","0.409"
"11368","SCTC ZettaBots","2311","29","1459","1460","7.7","13.3","7.9","0.08","-0.24","-0.34","N/A","N/A","N/A","10-18-0","0.357"
"10342","Lost in Translation","2312","29","1459","1460","7.1","13.9","8.1","0.1","-0.23","-0.34","N/A","N/A","N/A","3-7-0","0.300"
"11416","Raptoris Robotics","2313","29","1459","1460","4.1","17.9","7","0.04","-0.23","-0.34","N/A","N/A","N/A","7-7-1","0.500"
"9026","Aero","2314","29","1459","1460","2.2","12.3","14.5","0.15","-0.23","-0.34","N/A","N/A","N/A","3-6-0","0.333"
"9421","Nexus","2315","29","1459","1460","7.1","14","7.8","0.2","-0.23","-0.34","N/A","N/A","N/A","2-5-0","0.286"
"5587","Titan Robotics","2316","29","1459","1460","7.4","12.5","9.1","-0.15","-0.26","-0.34","N/A","N/A","N/A","18-21-0","0.462"
"9403","Starstuff","2317","28.9","1459","1460","10.5","14.5","3.9","0.06","-0.24","-0.34","N/A","N/A","N/A","9-15-0","0.375"
"9523","Archers","2318","28.8","1459","1460","8.8","12.9","7.2","0.01","-0.23","-0.34","N/A","N/A","N/A","6-6-0","0.500"
"9789","Platinum Ringleaders","2319","28.8","1459","1460","9.2","11.3","8.3","0.11","-0.24","-0.34","N/A","N/A","N/A","8-18-0","0.308"
"10077","The H.E.I.S.T.","2320","28.8","1459","1459","7.4","15.2","6.2","-0.13","-0.18","-0.34","N/A","N/A","N/A","18-24-0","0.429"
"10208","Mayhem Manufacturing","2321","28.8","1459","1459","7.3","8.2","13.2","0.11","-0.24","-0.26","N/A","N/A","N/A","13-15-0","0.464"
"714","Panthera","2322","28.8","1459","1459","5.5","12.2","11.1","0.18","-0.24","-0.34","N/A","N/A","N/A","12-14-0","0.462"
"6874","Mediterra","2323","28.8","1459","1459","4.8","16.6","7.4","0.11","-0.23","-0.34","N/A","N/A","N/A","9-4-0","0.692"
"9079","Mechanic  storm","2324","28.8","1459","1459","3.6","15.1","10.1","0.09","-0.24","-0.34","N/A","N/A","N/A","10-21-0","0.323"
"6059","System Overload Robotics","2325","28.8","1459","1459","7.2","18.9","2.7","0.1","-0.09","-0.34","N/A","N/A","N/A","15-14-0","0.517"
"1209","RoboHornets","2326","28.7","1459","1459","7.1","18.8","2.9","0.28","-0.25","-0.34","N/A","N/A","N/A","13-23-0","0.361"
"3596","Rocket Robotics","2327","28.7","1459","1459","4.9","15.1","8.8","0.11","-0.24","-0.34","N/A","N/A","N/A","12-19-0","0.387"
"4401","CETMOV - Peñoles","2328","28.7","1459","1459","7.5","16.2","5","0.13","-0.23","-0.34","N/A","N/A","N/A","4-6-0","0.400"
"3880","Tiki Techs","2329","28.7","1459","1459","8.5","10.8","9.5","-0.25","-0.32","-0.34","2026dal","Daly Division","8","12-20-0","0.375"
"1350","The Rambots","2330","28.7","1459","1459","9.1","12.1","7.5","-0.02","-0.23","-0.34","N/A","N/A","N/A","13-25-0","0.342"
"3721","Charger Robotics","2331","28.7","1459","1459","7.7","11.5","9.5","0.03","-0.23","-0.34","N/A","N/A","N/A","7-8-0","0.467"
"10527","5-Star","2332","28.7","1459","1459","7","14.9","6.8","0.18","-0.23","-0.34","N/A","N/A","N/A","3-7-0","0.300"
"3070","Team Pronto 3070","2333","28.7","1459","1459","7.4","17.9","3.4","0.08","-0.24","-0.34","N/A","N/A","N/A","14-16-0","0.467"
"5514","MavBots","2334","28.6","1458","1459","8.4","13.5","6.7","0.02","-0.18","-0.34","N/A","N/A","N/A","15-12-0","0.556"
"9475","Mon Valley Mammoths","2335","28.6","1458","1459","5.2","13.6","9.8","0.06","-0.23","-0.34","N/A","N/A","N/A","3-5-0","0.375"
"3773","Arrowhead Robotics","2336","28.5","1458","1459","4.3","12.8","11.4","0.21","-0.24","-0.34","N/A","N/A","N/A","13-16-0","0.448"
"8757","GeodeBots","2337","28.5","1458","1459","8","14.8","5.8","-0.16","-0.24","-0.34","N/A","N/A","N/A","21-19-0","0.525"
"7245","LionBot Robotics","2338","28.5","1458","1459","5.1","17.8","5.6","0.03","-0.08","-0.34","N/A","N/A","N/A","8-16-0","0.333"
"11458","Mechcats","2339","28.5","1458","1459","6.1","12","10.4","0.18","-0.24","-0.34","N/A","N/A","N/A","12-14-0","0.462"
"2797","Knight & Nerdy","2340","28.5","1458","1459","2.3","20.1","6.1","0.1","-0.17","-0.34","N/A","N/A","N/A","7-10-0","0.412"
"9457","Robot X","2341","28.5","1458","1459","7.8","13.4","7.2","0","-0.23","-0.34","N/A","N/A","N/A","7-8-0","0.467"
"3164","Stealth Tigers","2342","28.5","1458","1459","6.9","14.4","7.1","0.12","-0.24","-0.34","N/A","N/A","N/A","8-12-0","0.400"
"10614","AEA Robolution","2343","28.5","1458","1459","8.2","13.2","7.1","0.07","-0.24","-0.34","N/A","N/A","N/A","13-16-0","0.448"
"10287","Kingdom Prep RC","2344","28.4","1458","1458","5.5","15.5","7.4","0.17","-0.24","-0.34","N/A","N/A","N/A","8-16-0","0.333"
"1647","Iron Devils","2345","28.4","1458","1458","8.7","14.3","5.4","0.09","-0.24","-0.34","N/A","N/A","N/A","15-12-0","0.556"
"9787","Fathom Robotics","2346","28.4","1458","1458","8.6","13.1","6.7","0.05","-0.23","-0.34","N/A","N/A","N/A","7-6-0","0.538"
"10989","Blast Robotics","2347","28.4","1458","1458","6.9","15.4","6.1","0.01","-0.24","-0.34","N/A","N/A","N/A","8-16-0","0.333"
"10704","Storm Surge","2348","28.4","1458","1458","4.7","17.1","6.6","0.13","-0.24","-0.34","N/A","N/A","N/A","11-17-0","0.393"
"8060","Command B","2349","28.4","1458","1458","7.2","11.7","9.5","0.06","-0.18","-0.34","N/A","N/A","N/A","6-17-0","0.261"
"8802","Milwaukee United","2350","28.3","1458","1458","7.6","12.6","8.2","0.07","-0.24","-0.34","N/A","N/A","N/A","9-15-0","0.375"
"11490","The Southwest Sparks","2351","28.3","1458","1458","8.4","13","7","0.01","-0.24","-0.34","N/A","N/A","N/A","14-12-0","0.538"
"8015","The Cheetahs","2352","28.3","1457","1458","5.5","18.8","4","0.06","-0.23","-0.34","N/A","N/A","N/A","4-3-0","0.571"
"8422","Husky Howlers","2353","28.3","1457","1458","7.1","12","9.2","0.1","-0.23","-0.34","N/A","N/A","N/A","11-11-0","0.500"
"4314","Springfield Urban League Ab...","2354","28.3","1457","1458","10.9","9.4","8","0.19","-0.23","-0.34","N/A","N/A","N/A","7-5-0","0.583"
"7165","Perkins Pirates","2355","28.3","1457","1458","6.7","9.6","12","0.13","-0.23","-0.34","N/A","N/A","N/A","7-7-0","0.500"
"7808","Kalkaska Dragoneers","2356","28.2","1457","1458","5.2","13","10","0.19","-0.24","-0.34","N/A","N/A","N/A","11-13-1","0.460"
"5167","Vi-Bots","2357","28.2","1457","1458","6.9","12.7","8.6","0.04","-0.24","-0.34","N/A","N/A","N/A","9-19-0","0.321"
"10252","Mecha Lions","2358","28.2","1457","1458","3.8","16.6","7.9","0.14","-0.08","-0.34","N/A","N/A","N/A","11-18-0","0.379"
"10312","ByteForce","2359","28.2","1457","1458","5.6","18.1","4.6","0.04","-0.24","-0.34","N/A","N/A","N/A","11-17-0","0.393"
"10162","Viking Robotics","2360","28.2","1457","1458","11.6","9.6","7","-0.14","-0.29","-0.34","2026arc","Archimedes Division","8","10-14-0","0.417"
"4238","Resistance Robotics","2361","28.2","1457","1458","5","16.2","7","0.11","-0.23","-0.34","N/A","N/A","N/A","3-6-0","0.333"
"9502","Idigna","2362","28.2","1457","1458","9.1","13.9","5.1","0.09","-0.23","-0.34","N/A","N/A","N/A","7-7-0","0.500"
"3147","Munster Horsepower","2363","28.2","1457","1458","8.7","15.2","4.2","0.14","-0.24","-0.34","N/A","N/A","N/A","12-17-0","0.414"
"9559","EagleTron","2364","28.2","1457","1458","8.8","9.9","9.4","-0.1","-0.18","-0.34","N/A","N/A","N/A","19-24-0","0.442"
"11211","Apex Dimension","2365","28.1","1457","1458","5.8","12.3","10.1","0.18","-0.24","-0.34","N/A","N/A","N/A","10-14-0","0.417"
"97","Bionic Beef","2366","28.1","1457","1458","6.7","17.5","4","0.13","-0.25","-0.34","N/A","N/A","N/A","6-18-0","0.250"
"7850","Bio-Bots","2367","28.1","1457","1458","7.6","11.7","8.8","0.19","-0.23","-0.34","N/A","N/A","N/A","11-9-0","0.550"
"7742","Cosmos Robot Works","2368","28.1","1457","1458","4.9","16.5","6.7","0.09","-0.24","-0.34","N/A","N/A","N/A","13-13-0","0.500"
"2212","The Spikes","2369","28.1","1457","1457","6.1","15","7","0.08","-0.22","-0.33","N/A","N/A","N/A","0-0-0","0.000"
"10244","WOLFS ROBOTICS","2370","28.1","1457","1457","7.1","11.1","9.9","0.13","-0.24","-0.34","N/A","N/A","N/A","9-16-0","0.360"
"7530","Raiders of the Lost Spark","2371","28","1457","1457","14.3","6.4","7.4","0.01","-0.23","-0.34","N/A","N/A","N/A","13-15-0","0.464"
"9443","Aluminum Panthers","2372","28","1457","1457","7.5","13.6","7","0.19","-0.24","-0.34","N/A","N/A","N/A","9-16-0","0.360"
"9638","Tigers, Bro!","2373","28","1457","1457","8","13.5","6.5","-0.01","-0.18","-0.34","N/A","N/A","N/A","7-19-0","0.269"
"10167","Jeunes Sans Frontières","2374","28","1457","1457","7.8","14.4","5.8","0.04","-0.12","-0.34","N/A","N/A","N/A","11-27-0","0.289"
"3723","TEKnights","2375","28","1457","1457","6.7","16.8","4.6","0.05","-0.23","-0.34","N/A","N/A","N/A","5-3-0","0.625"
"10142","ANDROMEDA","2376","28","1457","1457","3.5","14.5","10","0.09","-0.23","-0.34","N/A","N/A","N/A","5-7-0","0.417"
"9416","International Θperatives of...","2377","28","1457","1457","9.3","12.6","6.1","-0.12","-0.2","-0.34","N/A","N/A","N/A","15-28-0","0.349"
"10019","SESI SENAI MINERSKILLS","2378","28","1457","1457","4.8","18.9","4.2","0.06","-0.23","-0.34","N/A","N/A","N/A","3-7-0","0.300"
"10336","BHA Tigers","2379","27.9","1456","1457","9.8","15.4","2.8","0.1","-0.24","-0.34","N/A","N/A","N/A","6-6-0","0.500"
"314","The Megatron Oracles","2380","27.9","1456","1457","11.4","10.4","6.2","0.01","-0.24","-0.34","N/A","N/A","N/A","9-15-0","0.375"
"11149","Blue Lightning","2381","27.9","1456","1457","6.3","12.2","9.5","0.19","-0.23","-0.34","N/A","N/A","N/A","4-8-0","0.333"
"3865","Riley WildBots","2382","27.9","1456","1457","4","13.4","10.5","0.06","-0.24","-0.34","N/A","N/A","N/A","10-14-0","0.417"
"3881","WHEA Sharkbots","2383","27.9","1456","1457","8.4","10.9","8.5","0.06","-0.23","-0.34","N/A","N/A","N/A","7-7-0","0.500"
"8023","Argonauts","2384","27.9","1456","1457","5.8","11.4","10.6","0.11","-0.24","-0.34","N/A","N/A","N/A","11-17-0","0.393"
"1474","Titans","2385","27.8","1456","1457","4.8","16.5","6.5","0.18","-0.24","-0.34","N/A","N/A","N/A","5-19-0","0.208"
"2531","RoboHawks","2386","27.8","1456","1457","1","19.9","6.9","-0.01","-0.23","-0.34","N/A","N/A","N/A","6-14-0","0.300"
"11466","Mega-CAPs","2387","27.8","1456","1457","7.1","14.9","5.9","0.05","-0.24","-0.34","N/A","N/A","N/A","12-12-0","0.500"
"6399","Tinspiratio","2388","27.8","1456","1457","-0.6","13.6","14.8","0.1","-0.24","-0.34","N/A","N/A","N/A","10-11-0","0.476"
"11277","ARC","2389","27.8","1456","1457","10.3","8.4","9.1","-0.16","-0.19","-0.28","N/A","N/A","N/A","15-26-0","0.366"
"5935","Tech Tigers","2390","27.8","1456","1457","4","17.1","6.7","0.17","-0.23","-0.34","N/A","N/A","N/A","3-5-0","0.375"
"8803","MechaMarines","2391","27.8","1456","1457","9.1","15.6","3.1","0.17","-0.23","-0.34","N/A","N/A","N/A","6-8-0","0.429"
"5996","R.U.R.","2392","27.7","1456","1457","7.7","11.5","8.6","0.14","-0.23","-0.34","N/A","N/A","N/A","4-6-0","0.400"
"5932","Prepa Tecmilenio - Quetzales","2393","27.7","1456","1457","8.5","10.1","9.1","0.06","-0.23","-0.34","N/A","N/A","N/A","8-7-0","0.533"
"8567","Team Ultraviolet","2394","27.7","1456","1457","3.2","16.7","7.8","-0.01","-0.16","-0.34","N/A","N/A","N/A","20-19-0","0.513"
"9425","Intra Milwaukee","2395","27.7","1456","1457","7.5","11","9.2","0.08","-0.24","-0.34","N/A","N/A","N/A","8-16-0","0.333"
"9603","MTECH","2396","27.7","1456","1457","4.7","16.2","6.7","0.19","-0.23","-0.34","N/A","N/A","N/A","5-5-0","0.500"
"3936","RoboBlitz 3936","2397","27.7","1456","1456","8.4","14.8","4.6","0.13","-0.23","-0.34","N/A","N/A","N/A","4-8-0","0.333"
"9604","TUIUTECH","2398","27.7","1456","1456","7.5","15.4","4.8","0.18","-0.23","-0.34","N/A","N/A","N/A","8-6-0","0.571"
"2221","FHS Robodawgs","2399","27.7","1456","1456","4.4","13.4","9.8","0.18","-0.24","-0.34","N/A","N/A","N/A","7-10-0","0.412"
"6455","The Coded Collective","2400","27.7","1456","1456","7.6","16.3","3.8","0.08","-0.23","-0.34","N/A","N/A","N/A","2-6-0","0.250"
"8818","The Foe - Foe Engineering G...","2401","27.7","1456","1456","3.8","12.6","11.3","-0.16","-0.14","-0.23","N/A","N/A","N/A","16-29-0","0.356"
"4501","Humans","2402","27.7","1456","1456","6.7","13.4","7.6","0.07","-0.24","-0.34","N/A","N/A","N/A","9-15-1","0.380"
"10211","Cyber Colts","2403","27.7","1456","1456","5.8","12.5","9.4","-0.04","-0.23","-0.34","N/A","N/A","N/A","6-7-0","0.462"
"10686","Northfield Nightbots","2404","27.7","1456","1456","2","16.6","9","-0.1","-0.12","-0.34","N/A","N/A","N/A","3-8-0","0.273"
"9739","Firefly","2405","27.7","1456","1456","6","14.8","6.9","0.08","-0.22","-0.33","N/A","N/A","N/A","0-0-0","0.000"
"6483","Prepa Tecmilenio - CHARGER","2406","27.6","1456","1456","7.3","14.9","5.4","-0.03","-0.23","-0.34","N/A","N/A","N/A","3-7-0","0.300"
"4750","Bert","2407","27.6","1456","1456","9.1","11.4","7.1","0.05","-0.24","-0.34","N/A","N/A","N/A","12-18-0","0.400"
"3759","SMARTBOTS","2408","27.6","1456","1456","10.1","12.7","4.8","0.11","-0.24","-0.34","N/A","N/A","N/A","10-17-0","0.370"
"1011","CRUSH","2409","27.6","1455","1456","8.7","13.1","5.8","-0.06","-0.23","-0.34","N/A","N/A","N/A","2-8-0","0.200"
"8896","Wolf Tech Robotics","2410","27.6","1455","1456","14.2","8.3","5.1","-0.28","-0.12","-0.34","N/A","N/A","N/A","18-28-0","0.391"
"10518","D.A.D.S","2411","27.6","1455","1456","4.1","14.7","8.8","-0.16","-0.25","-0.34","N/A","N/A","N/A","19-23-0","0.452"
"10339","BrainShift","2412","27.5","1455","1456","6","12","9.6","0","-0.19","-0.34","N/A","N/A","N/A","19-23-0","0.452"
"11025","Garage Gang","2413","27.5","1455","1456","8","9.6","9.9","0.1","-0.24","-0.34","N/A","N/A","N/A","9-13-0","0.409"
"6508","Hastings Heroes","2414","27.5","1455","1456","0.9","17.6","9","0.05","-0.23","-0.34","N/A","N/A","N/A","7-7-0","0.500"
"1803","Vikings","2415","27.5","1455","1456","7.5","14.6","5.4","0.1","-0.23","-0.34","N/A","N/A","N/A","5-4-0","0.556"
"9239","Panthers robotics","2416","27.5","1455","1456","9.4","14.3","3.9","0.08","-0.18","-0.34","N/A","N/A","N/A","9-15-0","0.375"
"9494","Hanabi","2417","27.5","1455","1456","7.6","13.4","6.5","0.07","-0.23","-0.34","N/A","N/A","N/A","4-6-0","0.400"
"698","Hamilton Microbots","2418","27.4","1455","1456","4.6","17.5","5.4","0.12","-0.23","-0.34","N/A","N/A","N/A","4-5-0","0.444"
"11337","Mystery Machines","2419","27.3","1455","1456","7.8","12.2","7.4","0.1","-0.23","-0.34","N/A","N/A","N/A","4-6-0","0.400"
"432","The Final Countdown","2420","27.3","1455","1456","8.8","12.4","6.1","0.13","-0.24","-0.34","N/A","N/A","N/A","9-9-0","0.500"
"2152","S*M*A*S*H","2421","27.3","1455","1456","4.2","14.8","8.3","0.09","-0.23","-0.34","N/A","N/A","N/A","6-12-0","0.333"
"8290","Jaegers60 - Peñoles","2422","27.3","1455","1456","7.7","13.9","5.7","0.07","-0.23","-0.34","N/A","N/A","N/A","7-10-0","0.412"
"5900","The Fighting Mongooses","2423","27.3","1455","1455","11.3","4.4","11.5","-0.17","-0.2","-0.34","N/A","N/A","N/A","24-23-0","0.511"
"8057","All Wired Up","2424","27.3","1455","1455","5","16.3","6","0.06","-0.23","-0.34","N/A","N/A","N/A","4-4-0","0.500"
"1522","DOTM - Defenders of the Mul...","2425","27.3","1455","1455","4.9","14.9","7.5","0.01","-0.24","-0.34","N/A","N/A","N/A","8-19-0","0.296"
"7248","Tactical Hams","2426","27.3","1455","1455","10.9","10.6","5.8","0.18","-0.24","-0.34","N/A","N/A","N/A","10-16-0","0.385"
"4861","Beastbots","2427","27.2","1454","1455","4.5","15.8","7","0","-0.23","-0.34","N/A","N/A","N/A","14-16-0","0.467"
"9660","Delgado Community College D...","2428","27.2","1454","1455","7.2","12.7","7.3","0.02","-0.12","-0.34","N/A","N/A","N/A","2-6-0","0.250"
"1626","Falcon Robotics","2429","27.2","1454","1455","6.8","11","9.4","0.09","-0.24","-0.34","N/A","N/A","N/A","11-19-0","0.367"
"1716","Redbird Robotics","2430","27.2","1454","1455","6.3","12.4","8.5","0.11","-0.24","-0.34","N/A","N/A","N/A","9-16-0","0.360"
"4015","Jags","2431","27.2","1454","1455","9.2","13.9","4.1","0.06","-0.17","-0.34","N/A","N/A","N/A","8-16-0","0.333"
"6556","Spartan Robotics 6556","2432","27.2","1454","1455","6.9","12.9","7.4","0.09","-0.24","-0.34","N/A","N/A","N/A","8-16-0","0.333"
"7428","Gigawatts","2433","27.2","1454","1455","6.3","12.5","8.4","0.04","-0.19","-0.34","N/A","N/A","N/A","7-17-1","0.300"
"9593","Rhinos","2434","27.2","1454","1455","6","15.8","5.3","0.18","-0.24","-0.34","N/A","N/A","N/A","9-11-0","0.450"
"3627","The Jungle Robotics","2435","27.2","1454","1455","6.1","12.7","8.4","0.06","-0.23","-0.34","N/A","N/A","N/A","7-11-0","0.389"
"1811","FRESH","2436","27.2","1454","1455","5.9","15.1","6.2","-0.03","-0.18","-0.34","N/A","N/A","N/A","20-26-0","0.435"
"3336","Zimanators","2437","27.2","1454","1455","8","9.3","9.8","-0.16","-0.18","-0.34","N/A","N/A","N/A","20-23-1","0.466"
"5125","Hawks on the Horizon","2438","27.1","1454","1455","4.3","19.2","3.7","0.21","-0.23","-0.34","N/A","N/A","N/A","2-8-0","0.200"
"11353","Visionary Sparks","2439","27.1","1454","1455","9.9","9.1","8.1","-0.14","-0.18","-0.34","N/A","N/A","N/A","23-22-1","0.511"
"3636","Generals","2440","27.1","1454","1455","8.5","12.6","6","0.19","-0.24","-0.34","N/A","N/A","N/A","11-19-0","0.367"
"6590","SaviTech","2441","27.1","1454","1455","3.7","14.7","8.8","0.16","-0.23","-0.34","N/A","N/A","N/A","4-4-0","0.500"
"10225","Prepa Tecmilenio - PYROX","2442","27.1","1454","1455","8.6","11.7","6.8","0.23","-0.24","-0.34","N/A","N/A","N/A","7-13-0","0.350"
"7895","Trobots","2443","27.1","1454","1455","3.8","14.6","8.7","0.02","-0.18","-0.34","N/A","N/A","N/A","6-16-0","0.273"
"9056","CyberHuskies 9056","2444","27.1","1454","1455","7.3","17.9","1.9","0.12","-0.13","-0.34","N/A","N/A","N/A","12-12-0","0.500"
"9204","Aluminum Armada","2445","27.1","1454","1455","7.7","13.4","6","0.11","-0.24","-0.34","N/A","N/A","N/A","12-14-0","0.462"
"7235","Red Lake Ogichidaag","2446","27","1454","1455","5.7","13.6","7.7","0.15","-0.23","-0.34","N/A","N/A","N/A","8-10-0","0.444"
"2712","Power Surge 4-H Robotics","2447","27","1454","1455","5.6","14.1","7.3","0.12","-0.24","-0.34","N/A","N/A","N/A","7-17-0","0.292"
"751","barn2robotics","2448","27","1454","1455","6.2","8.3","12.4","0.12","-0.17","-0.34","N/A","N/A","N/A","15-18-1","0.456"
"5090","TorqueNados","2449","27","1454","1455","7.9","9.6","9.5","0.1","-0.24","-0.34","N/A","N/A","N/A","15-14-0","0.517"
"5071","Charger Robotics","2450","27","1454","1455","12.3","10.9","3.8","0.19","-0.24","-0.34","N/A","N/A","N/A","6-11-0","0.353"
"5074","RoboMustangs","2451","26.9","1454","1454","5.8","8.4","12.7","0.15","-0.24","-0.34","N/A","N/A","N/A","11-18-2","0.387"
"8791","Mighty Patriots","2452","26.9","1453","1454","4.5","14.6","7.8","0.04","-0.23","-0.34","N/A","N/A","N/A","5-5-0","0.500"
"11200","Panther Prime","2453","26.9","1453","1454","5.4","12.9","8.6","-0.08","-0.2","-0.34","N/A","N/A","N/A","21-26-0","0.447"
"11462","Morenci Miswired","2454","26.9","1453","1454","8.7","13.4","4.8","0.1","-0.24","-0.34","N/A","N/A","N/A","12-14-0","0.462"
"5603","The WarriorBots","2455","26.9","1453","1454","9.8","13.1","3.9","0.05","-0.23","-0.34","N/A","N/A","N/A","15-18-0","0.455"
"5727","Omegabytes","2456","26.8","1453","1454","5.2","13.6","8","-0.05","-0.23","-0.34","N/A","N/A","N/A","14-16-0","0.467"
"1661","Griffitrons","2457","26.8","1453","1454","7.8","9.7","9.3","0.1","-0.24","-0.34","N/A","N/A","N/A","11-16-0","0.407"
"8750","Tarpontron1cs","2458","26.8","1453","1454","10.5","11.7","4.7","0.15","-0.24","-0.34","N/A","N/A","N/A","11-15-0","0.423"
"5263","Robo-Bucs","2459","26.8","1453","1454","5.2","18.4","3.2","0.13","-0.24","-0.34","N/A","N/A","N/A","9-15-0","0.375"
"5275","T.I.M.E.-Bots","2460","26.8","1453","1454","12","11.8","3","0.05","-0.23","-0.34","N/A","N/A","N/A","9-10-1","0.475"
"4060","Bearcat Robotics","2461","26.7","1453","1454","6.2","13","7.6","0.22","-0.24","-0.34","N/A","N/A","N/A","12-16-1","0.431"
"9264","HUNTERS ROBOTICS","2462","26.7","1453","1454","5","16.4","5.4","0.04","-0.12","-0.34","N/A","N/A","N/A","6-5-0","0.545"
"6527","RamShock","2463","26.7","1453","1454","6.6","9.4","10.7","0.11","-0.23","-0.34","N/A","N/A","N/A","2-6-0","0.250"
"2359","RoboLobos","2464","26.7","1453","1454","8.4","9.8","8.5","0.23","-0.24","-0.34","N/A","N/A","N/A","16-9-0","0.640"
"5119","Team STEAM","2465","26.7","1453","1454","5.2","13.1","8.4","0.09","-0.23","-0.34","N/A","N/A","N/A","6-8-0","0.429"
"11104","Phoenix Phanatics","2466","26.7","1453","1454","7.5","13.4","5.7","0.12","-0.24","-0.34","N/A","N/A","N/A","13-15-0","0.464"
"4723","Prepa Tecmilenio - EARTH - ...","2467","26.7","1453","1454","3.2","16.4","7","0.05","-0.23","-0.34","N/A","N/A","N/A","5-5-0","0.500"
"9280","PrepaTec - High Altitude Ro...","2468","26.7","1453","1454","11.8","12.5","2.4","0.2","-0.24","-0.34","N/A","N/A","N/A","10-16-0","0.385"
"4299","BCS RoboSharks","2469","26.7","1453","1454","8.4","10.2","8","-0.01","-0.13","-0.34","N/A","N/A","N/A","2-6-0","0.250"
"10616","Iron Eagle Robotics","2470","26.7","1453","1454","6.6","11.8","8.3","0.21","-0.23","-0.34","N/A","N/A","N/A","6-4-0","0.600"
"5992","Pirates","2471","26.6","1453","1454","3.5","13.3","9.8","-0.01","-0.13","-0.34","N/A","N/A","N/A","10-19-0","0.345"
"5443","Les PATenteux","2472","26.6","1453","1454","8.7","10.5","7.4","0.19","-0.23","-0.34","N/A","N/A","N/A","5-6-0","0.455"
"8531","TermiKnightors","2473","26.6","1453","1454","8.8","12.5","5.3","0.21","-0.24","-0.34","N/A","N/A","N/A","9-18-2","0.345"
"9152","Rat Fight","2474","26.6","1453","1454","6.9","12.2","7.6","0.11","-0.24","-0.34","N/A","N/A","N/A","10-10-0","0.500"
"11201","MangTech","2475","26.6","1453","1454","7.4","11.6","7.6","0.07","-0.23","-0.34","N/A","N/A","N/A","4-6-0","0.400"
"5293","Metal Crusaders","2476","26.6","1452","1453","7.1","15.4","4","0.09","-0.24","-0.34","N/A","N/A","N/A","9-19-2","0.333"
"11436","CougarBots","2477","26.6","1452","1453","5.6","13","8","0.05","-0.23","-0.34","N/A","N/A","N/A","4-6-0","0.400"
"4390","ATA Coregears","2478","26.5","1452","1453","8","14.5","4.1","0.27","-0.23","-0.34","N/A","N/A","N/A","7-7-0","0.500"
"4782","PrepaTec - Borrebots","2479","26.5","1452","1453","6.6","13.5","6.4","0.16","-0.23","-0.34","N/A","N/A","N/A","4-6-0","0.400"
"4641","TALON Inc.","2480","26.5","1452","1453","4.6","9.9","12","0","-0.24","-0.34","N/A","N/A","N/A","14-14-0","0.500"
"1212","Sentinels","2481","26.5","1452","1453","8.1","15.7","2.7","-0.02","-0.23","-0.34","N/A","N/A","N/A","6-5-0","0.545"
"11246","Tiger Botz","2482","26.5","1452","1453","6.7","11.1","8.7","0.16","-0.23","-0.34","N/A","N/A","N/A","2-9-0","0.182"
"9206","GRP Titans","2483","26.4","1452","1453","0.9","16.8","8.7","0.08","-0.24","-0.34","N/A","N/A","N/A","8-16-0","0.333"
"7730","uNReal","2484","26.4","1452","1453","5.7","14.4","6.3","0.04","-0.24","-0.34","N/A","N/A","N/A","7-11-0","0.389"
"9568","AstroBots","2485","26.4","1452","1453","6.8","15.3","4.3","0.03","-0.24","-0.34","N/A","N/A","N/A","10-14-0","0.417"
"11219","North Union Robotics","2486","26.4","1452","1453","6.1","15.7","4.5","0.21","-0.23","-0.34","N/A","N/A","N/A","5-5-0","0.500"
"1761","STEAMpunk Tigers","2487","26.3","1452","1453","5.2","11","10.2","0.07","-0.24","-0.34","N/A","N/A","N/A","8-15-1","0.354"
"7033","Manna Roosters 7033","2488","26.3","1452","1453","6","8.2","12.2","-0.06","-0.23","-0.34","N/A","N/A","N/A","13-11-0","0.542"
"7145","RoboHawks","2489","26.3","1452","1453","9.1","7.4","9.9","0.02","-0.18","-0.34","N/A","N/A","N/A","8-16-0","0.333"
"4587","Jersey Voltage","2490","26.3","1452","1453","8.9","10.5","7","0.09","-0.24","-0.34","N/A","N/A","N/A","16-19-0","0.457"
"5697","Bearcats","2491","26.3","1452","1453","12.1","9.3","4.9","0.2","-0.24","-0.34","N/A","N/A","N/A","12-14-0","0.462"
"9007","MIT (Muskogee's Innovative ...","2492","26.3","1452","1453","3.8","11.4","11.1","-0.04","-0.13","-0.34","N/A","N/A","N/A","5-5-0","0.500"
"1726","N.E.R.D.S. (Nifty Engineeri...","2493","26.3","1452","1453","7.1","14.4","4.7","0.03","-0.12","-0.34","N/A","N/A","N/A","3-7-0","0.300"
"8117","Easton RoboRovers","2494","26.3","1452","1453","8.2","2.5","15.6","-0.26","-0.25","-0.34","N/A","N/A","N/A","15-26-0","0.366"
"9018","ElRobotiKO","2495","26.3","1452","1453","9.4","14.3","2.5","0.18","-0.12","-0.34","N/A","N/A","N/A","4-6-0","0.400"
"937","Nerd Herd","2496","26.3","1452","1453","6.5","13.2","6.5","-0.04","-0.24","-0.34","N/A","N/A","N/A","9-11-0","0.450"
"4505","McDonogh Robotics","2497","26.3","1452","1453","5.2","12.8","8.3","0.01","-0.24","-0.34","N/A","N/A","N/A","16-17-0","0.485"
"2458","Team Chaos","2498","26.2","1452","1453","7.3","12.2","6.8","0.08","-0.24","-0.34","N/A","N/A","N/A","12-14-0","0.462"
"11469","Ignis Mechanica","2499","26.2","1452","1453","4.7","14.5","7","0.09","-0.24","-0.34","N/A","N/A","N/A","11-18-0","0.379"
"2352","Metal Mayhem","2500","26.2","1451","1453","7.3","10.6","8.3","0.03","-0.23","-0.34","N/A","N/A","N/A","7-13-0","0.350"
"4623","Flyer Robotics","2501","26.2","1451","1453","6.3","11.8","8.2","0.04","-0.12","-0.34","N/A","N/A","N/A","4-9-0","0.308"
"6191","RoboKryptonite","2502","26.2","1451","1453","5.4","15.8","5","0.04","-0.13","-0.34","N/A","N/A","N/A","5-7-0","0.417"
"2560","RoboDog","2503","26.1","1451","1452","10.3","10.1","5.8","0.08","-0.23","-0.34","N/A","N/A","N/A","2-9-0","0.182"
"5746","Human Error","2504","26.1","1451","1452","8.8","10.7","6.7","0.08","-0.17","-0.34","N/A","N/A","N/A","6-18-0","0.250"
"8865","Dacula Droids","2505","26.1","1451","1452","3.5","14.7","8","0.03","-0.17","-0.34","N/A","N/A","N/A","10-17-1","0.375"
"1165","Team Paradise","2506","26.1","1451","1452","8.4","10.4","7.4","0.04","-0.23","-0.34","N/A","N/A","N/A","11-13-1","0.460"
"8887","West Central Area","2507","26.1","1451","1452","4.9","11","10.3","-0.14","-0.23","-0.34","N/A","N/A","N/A","4-6-0","0.400"
"1446","Robo Knights","2508","26.1","1451","1452","6.8","11.4","7.9","0.14","-0.17","-0.34","N/A","N/A","N/A","4-20-0","0.167"
"9671","Robosnacks","2509","26.1","1451","1452","7.6","14.1","4.4","0.12","-0.24","-0.34","N/A","N/A","N/A","11-17-0","0.393"
"11266","Finaltech","2510","26.1","1451","1452","7.6","13.2","5.3","0.19","-0.23","-0.34","N/A","N/A","N/A","4-8-0","0.333"
"9296","TITANium","2511","26.1","1451","1452","6.1","14.5","5.5","-0.01","-0.24","-0.34","N/A","N/A","N/A","8-16-0","0.333"
"2421","RTR Team Robotics","2512","26.1","1451","1452","10.5","5.1","10.5","-0.19","-0.13","-0.27","N/A","N/A","N/A","17-31-0","0.354"
"4680","AzTech Eagles","2513","26.1","1451","1452","7.7","8.9","9.4","-0.15","-0.11","-0.34","N/A","N/A","N/A","21-24-0","0.467"
"9530","John Adams Robotics","2514","26","1451","1452","7.7","12.2","6.1","0.18","-0.17","-0.34","N/A","N/A","N/A","11-13-0","0.458"
"8847","Milwaukee Cyber Cheese","2515","26","1451","1452","8.4","9.8","7.8","0.04","-0.24","-0.34","N/A","N/A","N/A","6-17-1","0.271"
"28","Pierson Whalers","2516","26","1451","1452","8.2","12.6","5.2","0.08","-0.23","-0.34","N/A","N/A","N/A","6-4-0","0.600"
"9777","Knights of the Lab Table","2517","26","1451","1452","6.1","12.9","7","0.03","-0.23","-0.34","N/A","N/A","N/A","3-6-0","0.333"
"3091","100 Scholars","2518","26","1451","1452","8.8","8.6","8.6","-0.14","-0.2","-0.34","N/A","N/A","N/A","19-21-0","0.475"
"5133","PrepaTec - Blue Steel","2519","26","1451","1452","4.3","15.3","6.4","0.05","-0.12","-0.34","N/A","N/A","N/A","4-6-0","0.400"
"1445","Webb Spark","2520","25.9","1451","1452","6","11.7","8.2","0.11","-0.23","-0.34","N/A","N/A","N/A","6-6-0","0.500"
"10625","BuzzFusion","2521","25.9","1451","1452","6.8","11.9","7.2","0.11","-0.23","-0.34","N/A","N/A","N/A","6-6-0","0.500"
"2591","RedTails","2522","25.9","1451","1452","4.9","12.7","8.4","0.1","-0.24","-0.34","N/A","N/A","N/A","14-15-0","0.483"
"11473","Wixom Christian Warrior Rob...","2523","25.9","1451","1452","9.9","13.5","2.5","0.13","-0.17","-0.34","N/A","N/A","N/A","10-14-0","0.417"
"11229","Open Circuit","2524","25.9","1450","1452","8.4","11.6","5.9","0.06","-0.23","-0.34","N/A","N/A","N/A","6-9-0","0.400"
"5728","MC2","2525","25.9","1450","1452","4.3","13.6","8","0.1","-0.25","-0.34","N/A","N/A","N/A","7-17-0","0.292"
"10390","GOOGIRL","2526","25.8","1450","1452","4.3","9.6","12","0.09","-0.23","-0.34","N/A","N/A","N/A","2-8-0","0.200"
"11095","The Flying Cats","2527","25.8","1450","1452","4.3","14.2","7.4","0.01","-0.23","-0.34","N/A","N/A","N/A","7-8-0","0.467"
"11339","Cibatronic","2528","25.8","1450","1452","5.6","13.2","7.1","0.09","-0.23","-0.34","N/A","N/A","N/A","4-5-1","0.450"
"10655","PHS Spartan Synergy","2529","25.8","1450","1452","7.7","13","5.1","0.07","-0.23","-0.34","N/A","N/A","N/A","4-5-0","0.444"
"9105","TechnoTalons","2530","25.8","1450","1451","6.5","12","7.3","0.13","-0.23","-0.34","N/A","N/A","N/A","9-21-0","0.300"
"10635","Merengue","2531","25.8","1450","1451","8.7","11.1","6.1","0.09","-0.23","-0.34","N/A","N/A","N/A","4-5-1","0.450"
"6774","Oh-Kno Robo","2532","25.8","1450","1451","7.1","13","5.6","0.08","-0.23","-0.34","N/A","N/A","N/A","4-6-0","0.400"
"7274","Brashear Bulls Robotics","2533","25.8","1450","1451","11.7","5.7","8.4","-0.01","-0.23","-0.34","N/A","N/A","N/A","4-4-0","0.500"
"10260","RoboJags","2534","25.8","1450","1451","8.2","13.7","4","-0.09","-0.24","-0.34","N/A","N/A","N/A","9-17-0","0.346"
"4983","IronBots","2535","25.8","1450","1451","6.2","14.5","5.1","0.28","-0.24","-0.34","N/A","N/A","N/A","15-16-0","0.484"
"11308","Daniel Morgan Patriots","2536","25.8","1450","1451","9.5","14.3","2","-0.06","-0.24","-0.34","N/A","N/A","N/A","23-20-0","0.535"
"6802","Snot Otters","2537","25.7","1450","1451","7.7","14","4.1","0.12","-0.24","-0.34","N/A","N/A","N/A","11-16-0","0.407"
"11256","Satellites","2538","25.7","1450","1451","2.4","15.8","7.6","0.29","-0.23","-0.34","N/A","N/A","N/A","3-4-0","0.429"
"3740","Storm Robotics","2539","25.7","1450","1451","4.8","12.3","8.6","0.15","-0.23","-0.34","N/A","N/A","N/A","3-6-0","0.333"
"3004","Bx Quixote","2540","25.7","1450","1451","8.4","7.2","10.1","0","-0.17","-0.34","N/A","N/A","N/A","7-11-0","0.389"
"5975","Beta Blues","2541","25.7","1450","1451","3.8","13.8","8","-0.02","-0.17","-0.34","N/A","N/A","N/A","6-18-0","0.250"
"6244","Light SaBres","2542","25.7","1450","1451","1.4","22","2.3","0.17","-0.23","-0.34","N/A","N/A","N/A","4-5-0","0.444"
"6808","William Tennent Robotics","2543","25.7","1450","1451","12.5","7.8","5.4","0.07","-0.24","-0.34","N/A","N/A","N/A","21-24-0","0.467"
"8242","Tekno NFL","2544","25.7","1450","1451","6.5","11.4","7.8","0.01","-0.13","-0.34","N/A","N/A","N/A","6-9-0","0.400"
"4355","Samurai Code - Peñoles - Jo...","2545","25.6","1450","1451","4.5","12.7","8.4","0.21","-0.23","-0.34","N/A","N/A","N/A","6-6-0","0.500"
"10907","ROBOLYNX","2546","25.6","1450","1451","11","12.3","2.4","-0.21","-0.32","-0.34","2026hop","Hopper Division","8","13-15-0","0.464"
"6087","Cybertronic Lancers","2547","25.6","1450","1451","5.3","9.1","11.2","0.04","-0.23","-0.34","N/A","N/A","N/A","14-13-0","0.519"
"7652","Miami Beach Bots","2548","25.6","1450","1451","5.5","11.3","8.8","0.12","-0.23","-0.34","N/A","N/A","N/A","5-5-0","0.500"
"3390","ANATOLIAN EAGLEBOTS","2549","25.5","1449","1451","3.9","14","7.7","0.08","-0.23","-0.34","N/A","N/A","N/A","3-5-0","0.375"
"10692","GOLDEN APPLE","2550","25.5","1449","1451","3.7","13.3","8.6","0.05","-0.14","-0.34","N/A","N/A","N/A","3-6-0","0.333"
"3835","Vulcan","2551","25.5","1449","1451","5.6","13.6","6.3","0.07","-0.22","-0.33","N/A","N/A","N/A","0-0-0","0.000"
"9736","Tawas Braves","2552","25.5","1449","1451","8.2","9.5","7.8","0.03","-0.24","-0.34","N/A","N/A","N/A","9-15-0","0.375"
"10516","Code Red","2553","25.5","1449","1451","8.7","11.3","5.5","0","-0.23","-0.34","N/A","N/A","N/A","3-5-0","0.375"
"4669","Galileo Robotics","2554","25.5","1449","1451","4.9","11.9","8.7","0.1","-0.25","-0.34","N/A","N/A","N/A","7-17-0","0.292"
"1208","Metool Brigade","2555","25.4","1449","1450","6.5","12.3","6.6","0.13","-0.17","-0.34","N/A","N/A","N/A","12-16-0","0.429"
"4260","BEAR (Blue Earth Area Robot...","2556","25.4","1449","1450","8.6","8.4","8.4","0.09","-0.23","-0.34","N/A","N/A","N/A","3-5-0","0.375"
"11303","BEZOAR ROBOTICS","2557","25.4","1449","1450","5.1","13.7","6.7","0.08","-0.05","-0.34","N/A","N/A","N/A","4-7-0","0.364"
"7577","VELABOTS - Peñoles","2558","25.4","1449","1450","6.7","14.8","3.9","0.1","-0.23","-0.34","N/A","N/A","N/A","2-8-0","0.200"
"8193","Steel Stingers","2559","25.4","1449","1450","10.1","10.8","4.5","0.02","-0.24","-0.34","N/A","N/A","N/A","17-12-0","0.586"
"4919","Team Ronin","2560","25.3","1449","1450","3.8","12.6","9","0.01","-0.19","-0.34","N/A","N/A","N/A","11-13-0","0.458"
"10263","Temari Robotics","2561","25.3","1449","1450","7.2","10.5","7.7","0.02","-0.23","-0.34","N/A","N/A","N/A","3-6-0","0.333"
"5586","Bond Brigade","2562","25.3","1449","1450","6.1","8.1","11.1","-0.05","-0.19","-0.34","N/A","N/A","N/A","20-22-1","0.477"
"8427","ProtoBots","2563","25.3","1449","1450","7.2","11.7","6.4","0.07","-0.14","-0.34","N/A","N/A","N/A","11-13-0","0.458"
"6410","Supreme Eagles","2564","25.3","1449","1450","6.1","7.3","11.8","0.12","-0.17","-0.34","N/A","N/A","N/A","3-9-0","0.250"
"8828","EAL Robotics","2565","25.3","1449","1450","8.9","12.1","4.3","0.14","-0.23","-0.34","N/A","N/A","N/A","4-9-0","0.308"
"8528","AstroChimps","2566","25.3","1449","1450","6.4","11.6","7.2","0.12","-0.24","-0.34","N/A","N/A","N/A","8-18-0","0.308"
"5494","Bizarbots Robotics","2567","25.2","1448","1450","8.7","7.8","8.8","0.09","-0.18","-0.34","N/A","N/A","N/A","8-16-0","0.333"
"9513","Circuit Crew 9513 - Caterpi...","2568","25.2","1448","1450","7","11.6","6.6","0.11","-0.23","-0.34","N/A","N/A","N/A","7-7-1","0.500"
"3381","Droid Rage","2569","25.1","1448","1450","4.7","11.9","8.5","0.02","-0.24","-0.34","N/A","N/A","N/A","8-17-0","0.320"
"5912","Copper Hawks","2570","25.1","1448","1450","12.8","7","5.2","0.08","-0.28","-0.34","N/A","N/A","N/A","11-17-0","0.393"
"6302","Greeneville High School Rob...","2571","25","1448","1449","2.7","10.8","11.6","0.09","-0.24","-0.34","N/A","N/A","N/A","8-11-0","0.421"
"3418","RoboRiot","2572","25","1448","1449","9.1","10.7","5.2","0.07","-0.24","-0.34","N/A","N/A","N/A","13-12-1","0.519"
"5260","Owosso Robotics","2573","25","1448","1449","5.8","6.6","12.6","0.09","-0.24","-0.34","N/A","N/A","N/A","7-16-1","0.313"
"9252","Wingspan","2574","25","1448","1449","8.2","6.6","10.2","0.08","-0.24","-0.34","N/A","N/A","N/A","8-16-0","0.333"
"11459","St. Augustine Robotics","2575","25","1448","1449","7.1","10.8","7.1","0.09","-0.23","-0.34","N/A","N/A","N/A","7-6-0","0.538"
"11166","LionTECH","2576","25","1448","1449","6.6","13.8","4.5","0.05","-0.23","-0.34","N/A","N/A","N/A","10-7-0","0.588"
"4453","The Red Hot Chili Bots","2577","25","1448","1449","6.9","9","9","0.03","-0.24","-0.34","N/A","N/A","N/A","9-15-0","0.375"
"11243","Cyber Knights","2578","25","1448","1449","8.3","13.8","2.9","0.04","-0.14","-0.34","N/A","N/A","N/A","10-14-0","0.417"
"1769","Digital Hawks","2579","25","1448","1449","3.9","12.7","8.3","0.06","-0.24","-0.34","N/A","N/A","N/A","6-13-1","0.325"
"3624","Soaring Colts","2580","25","1448","1449","6.3","15.5","3.2","0.14","-0.17","-0.34","N/A","N/A","N/A","4-14-0","0.222"
"3302","TurboTrojans","2581","25","1448","1449","9.1","8.2","7.6","0.12","-0.18","-0.34","N/A","N/A","N/A","7-17-0","0.292"
"7221","Viking Robotics","2582","24.9","1448","1449","4.8","12.6","7.6","0.15","-0.24","-0.34","N/A","N/A","N/A","7-17-0","0.292"
"5509","Like a Boss","2583","24.9","1447","1449","8.2","8.2","8.5","-0.05","-0.23","-0.34","N/A","N/A","N/A","13-14-0","0.481"
"6845","River Bots","2584","24.9","1447","1449","5.1","12.5","7.3","0.02","-0.17","-0.34","N/A","N/A","N/A","10-18-0","0.357"
"11260","Ursuline Robotics","2585","24.9","1447","1449","4","15.6","5.3","0.17","-0.23","-0.34","N/A","N/A","N/A","4-4-0","0.500"
"2929","Emeral Ridge JAGBOTS","2586","24.9","1447","1449","9.5","10.2","5.2","0.07","-0.24","-0.34","N/A","N/A","N/A","12-15-0","0.444"
"11225","Wolfimus","2587","24.9","1447","1449","6.6","14","4.3","0.1","-0.23","-0.34","N/A","N/A","N/A","5-7-0","0.417"
"2077","Laser Robotics","2588","24.8","1447","1449","3.4","12.5","9","0.16","-0.24","-0.34","N/A","N/A","N/A","9-19-1","0.328"
"847","PHRED","2589","24.8","1447","1449","8.4","11.3","5.2","0.24","-0.24","-0.34","N/A","N/A","N/A","13-16-0","0.448"
"3393","Horns of Havoc","2590","24.8","1447","1449","10.2","8.4","6.3","0.09","-0.18","-0.34","N/A","N/A","N/A","16-18-0","0.471"
"9148","Atlas Robotics","2591","24.8","1447","1449","6.2","13.2","5.5","0.21","-0.24","-0.34","N/A","N/A","N/A","9-15-0","0.375"
"9451","Aydos","2592","24.8","1447","1449","8","9.8","7","0.06","-0.23","-0.34","N/A","N/A","N/A","5-6-0","0.455"
"2457","The Law","2593","24.8","1447","1449","8.2","9.5","7.1","0.11","-0.24","-0.34","N/A","N/A","N/A","12-20-0","0.375"
"9755","Red Devil Robotics","2594","24.8","1447","1449","3.1","12.2","9.5","0.03","-0.24","-0.34","N/A","N/A","N/A","9-15-0","0.375"
"10932","Tulpar","2595","24.8","1447","1449","11","8.4","5.4","0.03","-0.04","-0.34","N/A","N/A","N/A","5-6-0","0.455"
"2500","Herobotics","2596","24.7","1447","1449","6.7","10.1","7.9","0.08","-0.23","-0.34","N/A","N/A","N/A","10-15-0","0.400"
"1759","Potatoes","2597","24.7","1447","1449","11.5","13","0.2","0.19","-0.23","-0.34","N/A","N/A","N/A","6-5-0","0.545"
"3619","BLACKHAWKS","2598","24.7","1447","1449","3.4","12","9.3","0.08","-0.24","-0.34","N/A","N/A","N/A","11-16-0","0.407"
"10626","Smokin Batteries","2599","24.7","1447","1449","8.8","10.4","5.6","0.04","-0.13","-0.34","N/A","N/A","N/A","5-5-0","0.500"
"10522","Sun Prairie Robotics (SPR)","2600","24.7","1447","1449","6.5","11.4","6.8","0.01","-0.24","-0.34","N/A","N/A","N/A","11-13-0","0.458"
"5719","Pink Titans","2601","24.7","1447","1449","5.7","12.4","6.6","-0.1","-0.2","-0.34","N/A","N/A","N/A","15-23-0","0.395"
"1775","Tigerbytes","2602","24.7","1447","1448","4.6","12.8","7.3","0.07","-0.24","-0.34","N/A","N/A","N/A","10-14-0","0.417"
"3142","Aperture","2603","24.7","1447","1448","8.4","6.8","9.5","0.13","-0.23","-0.34","N/A","N/A","N/A","10-18-0","0.357"
"10651","Gear Cats","2604","24.7","1447","1448","5.2","13.6","5.9","0.22","-0.24","-0.34","N/A","N/A","N/A","15-14-0","0.517"
"9137","Bionic Vipers","2605","24.7","1447","1448","7","11.2","6.5","0.07","-0.24","-0.34","N/A","N/A","N/A","8-19-0","0.296"
"3341","Option 16","2606","24.7","1447","1448","12.5","6.6","5.6","0.05","-0.24","-0.34","N/A","N/A","N/A","12-13-0","0.480"
"9212","Infinity","2607","24.6","1447","1448","4.6","13.4","6.6","0.02","-0.24","-0.34","N/A","N/A","N/A","11-15-0","0.423"
"9719","ThunderTech Robotics","2608","24.6","1447","1448","5.5","11.4","7.8","0.09","-0.23","-0.34","N/A","N/A","N/A","6-6-0","0.500"
"10576","ASHINA","2609","24.6","1447","1448","2.9","10.6","11.2","0.08","-0.23","-0.34","N/A","N/A","N/A","5-7-0","0.417"
"3140","Flagship","2610","24.6","1447","1448","8.1","11.6","4.9","0.11","-0.23","-0.34","N/A","N/A","N/A","6-14-0","0.300"
"9037","HHS Black Ops","2611","24.6","1447","1448","9.8","11.4","3.5","0.11","-0.24","-0.34","N/A","N/A","N/A","10-10-0","0.500"
"5866","Fe [Iron] Tigers","2612","24.6","1446","1448","5.1","11.5","8","0.02","-0.24","-0.34","N/A","N/A","N/A","10-16-0","0.385"
"9751","OIA PantherBots","2613","24.6","1446","1448","2.2","13.1","9.4","0.12","-0.19","-0.34","N/A","N/A","N/A","13-15-0","0.464"
"60","Kingman FIRST Robotics Team...","2614","24.6","1446","1448","7.3","11.7","5.7","0.03","-0.23","-0.34","N/A","N/A","N/A","9-11-0","0.450"
"11252","1st ACT","2615","24.6","1446","1448","7","9.3","8.2","0.03","-0.24","-0.34","N/A","N/A","N/A","7-18-0","0.280"
"527","Red Dragons","2616","24.6","1446","1448","9.1","10.6","4.8","0.1","-0.23","-0.34","N/A","N/A","N/A","4-5-0","0.444"
"4735","Prepa Tecmilenio - DEROF - ...","2617","24.6","1446","1448","6.7","10.5","7.4","0.04","-0.23","-0.34","N/A","N/A","N/A","6-8-0","0.429"
"5538","Vikingbots","2618","24.6","1446","1448","6.8","9.6","8.2","0.02","-0.24","-0.34","N/A","N/A","N/A","13-17-0","0.433"
"10947","Antioch Rising","2619","24.6","1446","1448","2.7","13.7","8.2","0.22","-0.23","-0.34","N/A","N/A","N/A","3-8-0","0.273"
"3871","THE Trojan Robotics","2620","24.5","1446","1448","6.7","13.4","4.5","0.1","-0.23","-0.34","N/A","N/A","N/A","4-5-0","0.444"
"11362","RoBumpers","2621","24.5","1446","1448","6.9","7.3","10.3","0.01","-0.25","-0.34","N/A","N/A","N/A","11-20-0","0.355"
"10999","Cezeri Robotics","2622","24.5","1446","1448","5.3","12.3","6.9","-0.02","-0.23","-0.34","N/A","N/A","N/A","3-6-0","0.333"
"6326","⚡ Baltimore Bolts ⚡","2623","24.5","1446","1448","5.8","9.1","9.6","-0.01","-0.24","-0.34","N/A","N/A","N/A","13-19-0","0.406"
"10497","Bayou Bots","2624","24.5","1446","1448","7.8","13.1","3.6","0.01","-0.23","-0.34","N/A","N/A","N/A","3-5-0","0.375"
"7104","The Bot Brothers","2625","24.5","1446","1448","9","6.9","8.6","0.06","-0.24","-0.34","N/A","N/A","N/A","9-17-1","0.352"
"4835","Junkyard Dawgs","2626","24.5","1446","1448","4.6","10.9","9","0.08","-0.24","-0.34","N/A","N/A","N/A","11-15-0","0.423"
"5205","FullMetal-Jackets","2627","24.5","1446","1448","6.4","6.9","11.1","0.05","-0.24","-0.34","N/A","N/A","N/A","11-15-0","0.423"
"5525","Alcona Tool Cats","2628","24.4","1446","1448","6.8","11.6","6","0.12","-0.24","-0.34","N/A","N/A","N/A","9-15-0","0.375"
"10961","Hyper Wave","2629","24.4","1446","1448","5.5","8.6","10.3","0.06","-0.23","-0.34","N/A","N/A","N/A","5-13-1","0.289"
"9993","Off-Season Demo Team 9993","2630","24.4","1446","1448","5.3","13","6","0.07","-0.22","-0.33","N/A","N/A","N/A","1-4-0","0.200"
"9994","Off-Season Demo Team 9994","2631","24.4","1446","1448","5.3","13","6","0.07","-0.22","-0.33","N/A","N/A","N/A","1-4-0","0.200"
"9995","Off-Season Demo Team 9995","2632","24.4","1446","1448","5.3","13","6","0.07","-0.22","-0.33","N/A","N/A","N/A","0-4-0","0.000"
"9996","Off-Season Demo Team 9996","2633","24.4","1446","1448","5.3","13","6","0.07","-0.22","-0.33","N/A","N/A","N/A","0-2-0","0.000"
"11000","NEOCHIRON","2634","24.4","1446","1448","4.9","14.9","4.6","0","-0.16","-0.34","N/A","N/A","N/A","12-12-0","0.500"
"11354","Access2Innovate Foundation","2635","24.3","1446","1448","3.7","14.7","5.9","0.07","-0.23","-0.34","N/A","N/A","N/A","5-5-0","0.500"
"10234","TEDRA","2636","24.3","1446","1448","7.6","8.3","8.5","-0.03","-0.24","-0.34","N/A","N/A","N/A","9-13-0","0.409"
"4146","Sabercats","2637","24.3","1446","1447","8.2","12.3","3.8","0.07","-0.23","-0.34","N/A","N/A","N/A","3-6-0","0.333"
"5239","The Royal Stags","2638","24.3","1446","1447","8.1","10.5","5.7","0.12","-0.24","-0.34","N/A","N/A","N/A","8-16-0","0.333"
"11363","Pickle Squad","2639","24.3","1446","1447","6","10.2","8.1","0.02","-0.23","-0.34","N/A","N/A","N/A","4-4-0","0.500"
"8550","The Ram Bots","2640","24.3","1446","1447","7.7","11.7","4.9","0.11","-0.14","-0.34","N/A","N/A","N/A","4-8-0","0.333"
"5901","BattleCats","2641","24.3","1445","1447","4.5","16.4","3.3","0.12","-0.17","-0.34","N/A","N/A","N/A","7-17-0","0.292"
"71","Team Hammond","2642","24.2","1445","1447","7.7","12","4.5","0.18","-0.24","-0.34","N/A","N/A","N/A","13-15-0","0.464"
"9528","The Wolf Pack","2643","24.2","1445","1447","4.9","10.9","8.4","0.01","-0.25","-0.34","N/A","N/A","N/A","7-16-1","0.313"
"1799","Wired-Up!","2644","24.2","1445","1447","4.6","17.9","1.7","0.11","-0.23","-0.34","N/A","N/A","N/A","4-7-0","0.364"
"10714","RAMpage.AI","2645","24.2","1445","1447","4","12.7","7.5","0.01","-0.23","-0.34","N/A","N/A","N/A","2-6-0","0.250"
"716","Who'sCTEKS","2646","24.2","1445","1447","7.9","10.3","6","0.06","-0.12","-0.34","N/A","N/A","N/A","8-16-0","0.333"
"7038","Totino-Grace Pizza Pi's","2647","24.2","1445","1447","10.3","8.3","5.6","0.11","-0.23","-0.34","N/A","N/A","N/A","3-14-0","0.176"
"9194","Gemin√-1s","2648","24.2","1445","1447","6.8","10.9","6.4","0.05","-0.24","-0.34","N/A","N/A","N/A","6-12-1","0.342"
"9759","Forge of Falcons","2649","24.2","1445","1447","4.9","10.8","8.5","0.01","-0.24","-0.34","N/A","N/A","N/A","9-15-0","0.375"
"9991","Off-Season Demo Team 9991","2650","24.2","1445","1447","5.3","12.9","6","0.07","-0.22","-0.33","N/A","N/A","N/A","0-6-0","0.000"
"9992","Off-Season Demo Team 9992","2651","24.2","1445","1447","5.3","12.9","6","0.07","-0.22","-0.33","N/A","N/A","N/A","0-6-0","0.000"
"5623","Robotic Rams","2652","24.1","1445","1447","5.8","13.4","4.9","0.06","-0.24","-0.34","N/A","N/A","N/A","14-15-0","0.483"
"11399","Timber Tech","2653","24.1","1445","1447","4.4","14.4","5.3","0.08","-0.24","-0.34","N/A","N/A","N/A","13-11-0","0.542"
"6658","Rockbotics","2654","24.1","1445","1447","6.2","9.7","8.2","0.14","-0.16","-0.34","N/A","N/A","N/A","8-16-0","0.333"
"10562","STEAMex Scorpions","2655","24.1","1445","1447","2.9","16.8","4.4","0.09","-0.23","-0.34","N/A","N/A","N/A","4-6-0","0.400"
"5908","Spartans","2656","24.1","1445","1447","6.7","12.4","5","0.16","-0.24","-0.27","N/A","N/A","N/A","11-18-0","0.379"
"3275","The Regulators","2657","24.1","1445","1447","6.6","8.8","8.6","0.02","-0.17","-0.34","N/A","N/A","N/A","7-13-0","0.350"
"7163","A.I. Metal Pies","2658","24.1","1445","1447","6","11.4","6.6","0.04","-0.23","-0.34","N/A","N/A","N/A","3-7-0","0.300"
"9589","Arcade Robotics","2659","24.1","1445","1447","12","8.1","3.9","-0.06","-0.22","-0.34","N/A","N/A","N/A","16-27-0","0.372"
"5070","Gearnotics","2660","24.1","1445","1447","3.3","14.6","6.2","0.17","-0.24","-0.34","N/A","N/A","N/A","11-15-0","0.423"
"7516","Louisville Centrons","2661","24.1","1445","1447","6.5","12.4","5.1","0.08","-0.23","-0.34","N/A","N/A","N/A","5-6-0","0.455"
"10156","Marshy Machines","2662","24","1445","1447","4.1","15","4.9","0.11","-0.12","-0.34","N/A","N/A","N/A","9-15-0","0.375"
"5183","Devil Bots","2663","24","1445","1447","4","13.2","6.8","0.13","-0.24","-0.34","N/A","N/A","N/A","7-16-1","0.313"
"8291","Golden Yellow Experience - ...","2664","24","1445","1447","4.8","11.8","7.4","0.02","-0.23","-0.34","N/A","N/A","N/A","5-5-0","0.500"
"7849","Da Vinci's Creation","2665","24","1445","1447","6","11.1","6.9","0.1","-0.23","-0.34","N/A","N/A","N/A","16-11-0","0.593"
"1091","Oriole Assault","2666","24","1444","1447","4","10.6","9.4","0.01","-0.24","-0.34","N/A","N/A","N/A","12-17-0","0.414"
"5470","The Cowpunchers","2667","23.9","1444","1446","7.3","12.7","4","0.06","-0.24","-0.34","N/A","N/A","N/A","10-15-0","0.400"
"6690","MV roboPride","2668","23.9","1444","1446","8.1","9.4","6.5","0","-0.21","-0.34","N/A","N/A","N/A","8-16-0","0.333"
"2288","Hydra Robotics","2669","23.9","1444","1446","6.6","12.1","5.2","-0.11","-0.2","-0.34","N/A","N/A","N/A","10-17-0","0.370"
"9605","Creek Commanders","2670","23.9","1444","1446","4","13","6.9","0.05","-0.24","-0.34","N/A","N/A","N/A","10-17-0","0.370"
"5124","West Torrance Robotics","2671","23.9","1444","1446","6","12.6","5.3","0.17","-0.24","-0.34","N/A","N/A","N/A","12-17-1","0.417"
"9251","EliteBots","2672","23.9","1444","1446","6.7","12.9","4.2","0.11","-0.24","-0.34","N/A","N/A","N/A","17-12-0","0.586"
"968","RAWC (Robotics Alliance Of ...","2673","23.8","1444","1446","9","3.4","11.4","-0.16","-0.22","-0.34","N/A","N/A","N/A","16-24-0","0.400"
"9150","Labyrinth Robotics","2674","23.8","1444","1446","6.8","12.2","4.8","-0.27","-0.18","-0.34","N/A","N/A","N/A","23-20-0","0.535"
"2234","Alternating Current","2675","23.8","1444","1446","5.2","14.2","4.3","0.13","-0.24","-0.34","N/A","N/A","N/A","9-11-0","0.450"
"5547","The Talons","2676","23.8","1444","1446","1.7","12.7","9.5","0.19","-0.23","-0.34","N/A","N/A","N/A","12-15-0","0.444"
"2950","Devastators","2677","23.8","1444","1446","9.4","10.5","3.9","0.06","-0.24","-0.34","N/A","N/A","N/A","10-19-0","0.345"
"5486","Robotic Turmoil","2678","23.8","1444","1446","6.4","8.4","9","0.08","-0.17","-0.34","N/A","N/A","N/A","14-18-0","0.438"
"10986","Negev Dominion","2679","23.7","1444","1446","5.2","12.7","5.9","0.07","-0.22","-0.33","N/A","N/A","N/A","0-0-0","0.000"
"11070","RoboRex","2680","23.7","1444","1446","5.2","12.7","5.9","0.07","-0.22","-0.33","N/A","N/A","N/A","0-0-0","0.000"
"11329","G-Force","2681","23.7","1444","1446","5.2","12.7","5.9","0.07","-0.22","-0.33","N/A","N/A","N/A","0-0-0","0.000"
"11332","Sunrise","2682","23.7","1444","1446","5.2","12.7","5.9","0.07","-0.22","-0.33","N/A","N/A","N/A","0-0-0","0.000"
"11390","Habsor","2683","23.7","1444","1446","5.2","12.7","5.9","0.07","-0.22","-0.33","N/A","N/A","N/A","0-0-0","0.000"
"11471","Neon","2684","23.7","1444","1446","5.2","12.7","5.9","0.07","-0.22","-0.33","N/A","N/A","N/A","0-0-0","0.000"
"11478","Nexus","2685","23.7","1444","1446","5.2","12.7","5.9","0.07","-0.22","-0.33","N/A","N/A","N/A","0-0-0","0.000"
"11480","EXODUS","2686","23.7","1444","1446","5.2","12.7","5.9","0.07","-0.22","-0.33","N/A","N/A","N/A","0-0-0","0.000"
"4702","Cyberdogz","2687","23.7","1444","1446","6.8","10.7","6.3","0.02","-0.23","-0.34","N/A","N/A","N/A","2-8-0","0.200"
"11527","FCCA Chrome Crew","2688","23.7","1444","1446","5.9","12.2","5.7","0.02","-0.24","-0.34","N/A","N/A","N/A","9-15-0","0.375"
"5189","Team K.I.S.S.","2689","23.7","1444","1446","3.7","12.5","7.5","0.07","-0.23","-0.34","N/A","N/A","N/A","2-8-0","0.200"
"7271","Hangar 84","2690","23.7","1444","1446","6.4","11.7","5.7","0.08","-0.24","-0.34","N/A","N/A","N/A","9-15-0","0.375"
"8721","Code Name M.I.T.","2691","23.7","1444","1446","9.3","8.2","6.2","0.16","-0.24","-0.34","N/A","N/A","N/A","9-15-0","0.375"
"6414","Voyager","2692","23.7","1444","1446","5.7","13.6","4.4","0.21","-0.23","-0.34","N/A","N/A","N/A","3-4-0","0.429"
"6402","GÖKTÜRKLER","2693","23.7","1444","1446","4.8","14.7","4.3","0.07","-0.23","-0.34","N/A","N/A","N/A","3-7-0","0.300"
"4240","TroTek Warriors","2694","23.6","1443","1446","11.8","10.1","1.8","-0.01","-0.24","-0.34","N/A","N/A","N/A","7-18-0","0.280"
"11297","Iron Corsairs","2695","23.6","1443","1446","9.2","8.7","5.7","-0.03","-0.37","-0.34","2026arc","Archimedes Division","8","10-24-0","0.294"
"5331","Lightning Bots","2696","23.6","1443","1446","7.3","8.7","7.7","0.09","-0.23","-0.34","N/A","N/A","N/A","3-7-0","0.300"
"3212","YME Stingbots","2697","23.6","1443","1446","7","10.6","6.1","0.07","-0.23","-0.34","N/A","N/A","N/A","7-8-0","0.467"
"3691","RoboRaiders","2698","23.6","1443","1446","6","11.2","6.4","0.16","-0.23","-0.34","N/A","N/A","N/A","4-17-0","0.190"
"9779","Gladiator Robotics","2699","23.6","1443","1445","6.4","7.6","9.6","0.1","-0.23","-0.34","N/A","N/A","N/A","3-7-0","0.300"
"3137","T-Birds","2700","23.5","1443","1445","9.6","7","7.1","0.15","-0.23","-0.34","N/A","N/A","N/A","2-7-0","0.222"
"3171","HURRICANES","2701","23.5","1443","1445","5.7","6.9","10.9","-0.06","-0.23","-0.34","N/A","N/A","N/A","3-14-0","0.176"
"4619","HawkBots","2702","23.5","1443","1445","6.3","12.5","4.6","-0.02","-0.04","-0.34","N/A","N/A","N/A","3-9-0","0.250"
"8771","PioTech","2703","23.5","1443","1445","7","14.1","2.3","0.22","-0.24","-0.34","N/A","N/A","N/A","9-18-0","0.333"
"11096","Δt","2704","23.5","1443","1445","4.1","11.6","7.7","0.14","-0.18","-0.34","N/A","N/A","N/A","12-10-1","0.543"
"4741","WingNuts","2705","23.4","1443","1445","7.4","9.7","6.4","0.04","-0.23","-0.34","N/A","N/A","N/A","8-9-0","0.471"
"9205","Technical Marauders1","2706","23.4","1443","1445","9.3","10.9","3.2","0.15","-0.08","-0.34","N/A","N/A","N/A","10-16-0","0.385"
"3200","Raptacon","2707","23.4","1443","1445","5","10.3","8.1","0.09","-0.24","-0.34","N/A","N/A","N/A","8-12-0","0.400"
"10912","Dragons","2708","23.4","1443","1445","9.9","7.1","6.4","0.14","-0.18","-0.34","N/A","N/A","N/A","9-15-0","0.375"
"11130","Totally Clucked Robotics","2709","23.4","1443","1445","7.9","11.5","4","-0.01","-0.23","-0.34","N/A","N/A","N/A","3-7-0","0.300"
"9198","The Beach Botz","2710","23.4","1443","1445","3.8","12.5","7.1","-0.1","-0.24","-0.34","N/A","N/A","N/A","11-18-0","0.379"
"9592","Blues Robotics","2711","23.4","1443","1445","8.9","11","3.4","0.02","-0.13","-0.34","N/A","N/A","N/A","6-6-0","0.500"
"6875","Amazon Warriors Robotics","2712","23.4","1443","1445","6.7","9.8","7","-0.19","-0.18","-0.27","N/A","N/A","N/A","19-26-0","0.422"
"11485","Bestarian NextGEN","2713","23.4","1443","1445","8.1","5.6","9.6","0.06","-0.23","-0.34","N/A","N/A","N/A","2-5-0","0.286"
"11468","Lisbon Panther Robotics","2714","23.3","1442","1445","6.1","12.5","4.7","0.07","-0.2","-0.34","N/A","N/A","N/A","6-7-0","0.462"
"9754","Vestabots","2715","23.3","1442","1445","6.6","7.8","8.9","0.13","-0.24","-0.34","N/A","N/A","N/A","8-16-0","0.333"
"7810","Eagle Robotics","2716","23.3","1442","1445","7.3","9.4","6.7","0.04","-0.17","-0.34","N/A","N/A","N/A","10-14-0","0.417"
"4171","BayBots","2717","23.3","1442","1445","6.9","7.9","8.5","0.04","-0.1","-0.34","N/A","N/A","N/A","17-13-0","0.567"
"11511","CRTechnic","2718","23.3","1442","1445","6.7","10","6.6","0.09","-0.24","-0.34","N/A","N/A","N/A","10-15-0","0.400"
"5788","Eagle Spec Ops","2719","23.3","1442","1445","6.4","9.8","7.1","0.1","-0.24","-0.34","N/A","N/A","N/A","14-15-0","0.483"
"7413","Plus Ultra","2720","23.3","1442","1445","7.5","11.7","4","-0.03","-0.19","-0.34","N/A","N/A","N/A","11-24-0","0.314"
"10236","REXTED","2721","23.3","1442","1445","7.3","7","9","0.16","-0.23","-0.34","N/A","N/A","N/A","4-4-0","0.500"
"7551","Extreme Mechanism","2722","23.2","1442","1445","8.7","11.6","2.9","-0.12","-0.32","-0.34","2026joh","Johnson Division","8","9-14-0","0.391"
"10343","Tera Robotics","2723","23.2","1442","1445","6.8","10.7","5.8","0.03","-0.23","-0.34","N/A","N/A","N/A","4-6-0","0.400"
"8521","CyberLions","2724","23.2","1442","1445","6.5","10.7","6.1","0.08","-0.25","-0.34","N/A","N/A","N/A","4-20-0","0.167"
"2512","Duluth East Daredevils","2725","23.2","1442","1445","4.4","14.3","4.5","0.02","-0.23","-0.34","N/A","N/A","N/A","4-16-0","0.200"
"3096","The Village Bulldogs","2726","23.2","1442","1445","4.8","10.5","7.9","0.01","-0.24","-0.34","N/A","N/A","N/A","11-15-0","0.423"
"4662","Byte Sized Robotics","2727","23.2","1442","1445","7.6","10.7","5","0.13","-0.24","-0.34","N/A","N/A","N/A","10-14-0","0.417"
"9997","Off-Season Demo Team 9997","2728","23.2","1442","1445","5.1","12.4","5.8","0.07","-0.22","-0.33","N/A","N/A","N/A","0-2-0","0.000"
"9998","Off-Season Demo Team 9998","2729","23.2","1442","1445","5.1","12.4","5.8","0.07","-0.22","-0.33","N/A","N/A","N/A","1-2-0","0.333"
"9999","Off-Season Demo Team 9999","2730","23.2","1442","1445","5.1","12.4","5.8","0.07","-0.22","-0.33","N/A","N/A","N/A","0-2-0","0.000"
"3676","RedShift Robotics","2731","23.2","1442","1444","5.2","3.4","14.7","0.03","-0.27","-0.34","N/A","N/A","N/A","19-24-0","0.442"
"4977","Iron Lion","2732","23.2","1442","1444","4.9","9.1","9.2","0.01","-0.23","-0.34","N/A","N/A","N/A","2-8-0","0.200"
"328","Penn Robotics Golden Rooks","2733","23.2","1442","1444","9.5","10.4","3.3","0.06","-0.24","-0.34","N/A","N/A","N/A","13-13-0","0.500"
"5608","Lassiter Robotics","2734","23.2","1442","1444","11.3","7.7","4.1","-0.1","-0.19","-0.34","N/A","N/A","N/A","18-26-0","0.409"
"10949","Metalheads","2735","23.2","1442","1444","5.9","3.7","13.6","-0.1","-0.1","-0.34","N/A","N/A","N/A","18-26-0","0.409"
"7653","Minebots 7653 - Fresnillo P...","2736","23.1","1442","1444","6.9","9.6","6.6","0.12","-0.23","-0.34","N/A","N/A","N/A","4-6-0","0.400"
"10476","Thunderbots","2737","23.1","1442","1444","8.5","10.4","4.2","0.02","-0.23","-0.34","N/A","N/A","N/A","6-5-0","0.545"
"830","The RatPack","2738","23.1","1442","1444","10.4","0.6","12.1","0.13","-0.18","-0.34","N/A","N/A","N/A","13-16-0","0.448"
"8042","Fenrir","2739","23.1","1442","1444","3.4","12.1","7.6","0.08","-0.23","-0.34","N/A","N/A","N/A","3-10-0","0.231"
"11158","Superior Robotics","2740","23.1","1442","1444","6.7","10.1","6.3","0.11","-0.24","-0.34","N/A","N/A","N/A","9-15-0","0.375"
"5684","Titans of Tech","2741","23","1441","1444","7.1","8.6","7.4","-0.02","-0.23","-0.34","N/A","N/A","N/A","9-19-0","0.321"
"3822","Neon Krakens","2742","23","1441","1444","9.5","9.2","4.3","0.12","-0.24","-0.34","N/A","N/A","N/A","10-18-0","0.357"
"6864","GryphTech Robotics","2743","23","1441","1444","6.2","12.4","4.5","0.2","-0.25","-0.34","N/A","N/A","N/A","7-22-0","0.241"
"9049","SESI SENAI STEAMPUNK MONKEY...","2744","23","1441","1444","6.4","10.4","6.2","0.17","-0.23","-0.34","N/A","N/A","N/A","6-5-0","0.545"
"9181","PlatyPirates","2745","23","1441","1444","5.2","12.9","4.9","0.02","-0.24","-0.34","N/A","N/A","N/A","9-16-1","0.365"
"11097","TROPICAL FORCE","2746","23","1441","1444","8.6","10.3","4.1","0.09","-0.23","-0.34","N/A","N/A","N/A","4-3-1","0.563"
"9497","NIMBLE PANTHER","2747","23","1441","1444","6","10.9","6.1","0.15","-0.23","-0.34","N/A","N/A","N/A","4-4-0","0.500"
"5919","JoCo RoBos","2748","22.9","1441","1444","8.4","8.6","6","0.1","-0.24","-0.34","N/A","N/A","N/A","11-21-0","0.344"
"6865","Manitoulin Metal","2749","22.9","1441","1444","6.9","6.6","9.4","-0.01","-0.14","-0.34","N/A","N/A","N/A","10-28-0","0.263"
"6170","Prepa Tecmilenio Vitronik","2750","22.9","1441","1444","4.8","7.2","11","0.04","-0.23","-0.34","N/A","N/A","N/A","8-5-0","0.615"
"9782","Wextech Titans","2751","22.9","1441","1444","5.1","12.6","5.2","-0.07","-0.19","-0.34","N/A","N/A","N/A","12-24-0","0.333"
"8622","The CyBirds","2752","22.9","1441","1444","5.4","11.3","6.2","0.04","-0.24","-0.34","N/A","N/A","N/A","10-16-0","0.385"
"6099","Knight Riders","2753","22.9","1441","1444","3.5","9.1","10.3","-0.05","-0.24","-0.34","N/A","N/A","N/A","6-18-0","0.250"
"6430","Kalsedon","2754","22.9","1441","1444","7.6","13.3","1.9","0.11","-0.23","-0.34","N/A","N/A","N/A","3-10-0","0.231"
"2641","Pittsburgh Central Catholic...","2755","22.9","1441","1444","10.5","5.7","6.7","-0.03","-0.23","-0.34","N/A","N/A","N/A","9-15-0","0.375"
"5464","Bluejacket Robotics","2756","22.8","1441","1444","8.5","6.9","7.4","0.19","-0.23","-0.34","N/A","N/A","N/A","7-15-0","0.318"
"10542","EAGLE WARRIORS","2757","22.8","1441","1444","7.2","13.1","2.5","-0.02","-0.14","-0.34","N/A","N/A","N/A","8-17-0","0.320"
"4255","Robodores","2758","22.8","1441","1443","8.7","7.1","7.1","0.06","-0.17","-0.34","N/A","N/A","N/A","12-21-0","0.364"
"3756","RamFerno","2759","22.8","1441","1443","10","10.1","2.6","-0.05","-0.21","-0.34","N/A","N/A","N/A","24-26-0","0.480"
"6558","Aluminum Sting","2760","22.8","1441","1443","6.5","13.2","3.1","0.04","-0.17","-0.34","N/A","N/A","N/A","9-15-0","0.375"
"8871","Saber Dynamics","2761","22.8","1441","1443","5.2","11.3","6.2","-0.14","-0.23","-0.34","N/A","N/A","N/A","8-10-0","0.444"
"11024","HYPERNOVA","2762","22.8","1441","1443","6.9","6.7","9.2","-0.24","-0.24","-0.34","2026hop","Hopper Division","8","18-38-0","0.321"
"11282","Tri-Force","2763","22.8","1441","1443","6.2","11.3","5.3","0.1","-0.23","-0.34","N/A","N/A","N/A","3-5-0","0.375"
"5050","Cow Town Robotics","2764","22.7","1440","1443","4.3","10.3","8.2","0.18","-0.24","-0.34","N/A","N/A","N/A","14-18-0","0.438"
"771","SWAT","2765","22.7","1440","1443","6.8","6.1","9.9","-0.18","-0.23","-0.34","N/A","N/A","N/A","18-27-1","0.402"
"6762","Oscats","2766","22.7","1440","1443","2","12.7","8","0.07","-0.24","-0.34","N/A","N/A","N/A","4-20-0","0.167"
"10139","Tsunami","2767","22.7","1440","1443","5","12.1","5.6","0.06","-0.22","-0.33","N/A","N/A","N/A","0-0-0","0.000"
"2161","Robocats","2768","22.7","1440","1443","7.5","11.5","3.7","0.05","-0.23","-0.34","N/A","N/A","N/A","6-5-0","0.545"
"9160","YAL THUNDERS","2769","22.7","1440","1443","5.2","10.2","7.3","0.18","-0.23","-0.34","N/A","N/A","N/A","3-5-0","0.375"
"9613","Lion's Byte","2770","22.7","1440","1443","5.5","5.6","11.6","0.09","-0.24","-0.34","N/A","N/A","N/A","7-21-0","0.250"
"4758","RoboBlazers","2771","22.7","1440","1443","3.3","12","7.4","0.05","-0.24","-0.34","N/A","N/A","N/A","8-16-0","0.333"
"4076","Texan Robotics","2772","22.6","1440","1443","7","9.8","5.8","0.21","-0.24","-0.34","N/A","N/A","N/A","9-19-0","0.321"
"2534","Lumberjack Robotics","2773","22.6","1440","1443","4.6","10.9","7.1","-0.13","-0.24","-0.34","N/A","N/A","N/A","12-16-1","0.431"
"4851","JungleBots","2774","22.6","1440","1443","8.3","7.9","6.5","0.02","-0.24","-0.34","N/A","N/A","N/A","11-13-0","0.458"
"10322","Beyond the Bell","2775","22.6","1440","1443","5.9","8.4","8.4","0.16","-0.23","-0.34","N/A","N/A","N/A","7-6-0","0.538"
"8844","Flamethrowers","2776","22.6","1440","1443","8.9","9.9","3.8","0.03","-0.23","-0.34","N/A","N/A","N/A","6-6-0","0.500"
"9503","EF5 CHAOS","2777","22.6","1440","1443","6.7","10","5.9","0.22","-0.23","-0.34","N/A","N/A","N/A","4-5-0","0.444"
"6628","KMS BOTKICKERS","2778","22.6","1440","1443","3.7","11.5","7.4","0","-0.23","-0.34","N/A","N/A","N/A","6-12-0","0.333"
"8293","Prepa Tecmilenio - Startech","2779","22.6","1440","1443","2.7","10.7","9.2","0.03","-0.23","-0.34","N/A","N/A","N/A","2-7-1","0.250"
"10599","RoboBlazers","2780","22.6","1440","1443","5.4","9.5","7.7","0.1","-0.24","-0.34","N/A","N/A","N/A","12-15-0","0.444"
"10345","Sirius","2781","22.6","1440","1443","7.4","10.6","4.6","0.14","-0.23","-0.34","N/A","N/A","N/A","8-11-0","0.421"
"9990","Off-Season Demo Team 9990","2782","22.6","1440","1443","4.9","12.1","5.6","0.06","-0.22","-0.33","N/A","N/A","N/A","0-4-0","0.000"
"11351","LYNTECH - Fresnillo PLC","2783","22.6","1440","1443","1.6","15.2","5.8","0.14","-0.23","-0.34","N/A","N/A","N/A","5-7-0","0.417"
"11224","Azreal","2784","22.6","1440","1443","6.3","10.4","5.9","0.08","-0.24","-0.34","N/A","N/A","N/A","9-17-0","0.346"
"6228","MAT Robotics","2785","22.5","1440","1443","3.3","12.8","6.4","0.17","-0.23","-0.34","N/A","N/A","N/A","3-6-0","0.333"
"1557","12 Volt Bolt","2786","22.5","1440","1443","4.1","13.5","5","0.12","-0.23","-0.34","N/A","N/A","N/A","2-6-0","0.250"
"7634","New Hawks","2787","22.5","1440","1443","7.7","8.8","6","0.26","-0.23","-0.34","N/A","N/A","N/A","4-6-0","0.400"
"3728","Momentum","2788","22.5","1440","1443","7.3","5.9","9.3","0.13","-0.23","-0.23","N/A","N/A","N/A","5-7-0","0.417"
"7472","R2JESU Robotics","2789","22.5","1440","1443","6.7","11.5","4.3","0.2","-0.24","-0.34","N/A","N/A","N/A","12-12-1","0.500"
"7672","SCORPIONS ROBOTICS","2790","22.5","1440","1443","10.7","12.2","-0.4","0.21","-0.24","-0.34","N/A","N/A","N/A","11-14-0","0.440"
"9444","Perseverance","2791","22.5","1440","1443","6","10.6","5.9","-0.1","-0.25","-0.34","N/A","N/A","N/A","20-25-0","0.444"
"7583","Embers","2792","22.5","1440","1443","6.4","9.5","6.6","0.11","-0.23","-0.34","N/A","N/A","N/A","6-5-0","0.545"
"7724","Molokai Robotics","2793","22.5","1440","1443","8.7","5.5","8.2","0.1","-0.23","-0.23","N/A","N/A","N/A","2-10-0","0.167"
"11361","ORA Raven Bots","2794","22.4","1439","1442","6.4","13.5","2.5","0.23","-0.25","-0.34","N/A","N/A","N/A","9-15-0","0.375"
"3712","RoboCats","2795","22.4","1439","1442","5.1","4.9","12.4","-0.07","-0.24","-0.34","N/A","N/A","N/A","13-18-1","0.422"
"533","The PSIcotics","2796","22.4","1439","1442","9.7","6.1","6.7","0.06","-0.13","-0.34","N/A","N/A","N/A","5-13-0","0.278"
"8753","Spectre","2797","22.4","1439","1442","9.5","7.3","5.6","0.15","-0.24","-0.34","N/A","N/A","N/A","12-12-0","0.500"
"6897","Astraea Robotics","2798","22.4","1439","1442","6.6","9.8","6","-0.02","-0.24","-0.34","N/A","N/A","N/A","7-18-0","0.280"
"8770","FireBolts","2799","22.4","1439","1442","6.1","9.6","6.7","-0.03","-0.02","-0.34","N/A","N/A","N/A","7-12-0","0.368"
"6107","CyberJagzz","2800","22.4","1439","1442","0.9","13.1","8.4","0.07","-0.23","-0.34","N/A","N/A","N/A","4-6-0","0.400"
"6884","Deep-Space Robotics","2801","22.3","1439","1442","5.2","7.6","9.5","-0.06","-0.22","-0.34","N/A","N/A","N/A","11-21-0","0.344"
"6453","Bog Bots!","2802","22.3","1439","1442","5.1","9.4","7.9","0.15","-0.23","-0.34","N/A","N/A","N/A","3-6-0","0.333"
"10354","Sting","2803","22.3","1439","1442","7.5","10.4","4.4","0.03","-0.24","-0.34","N/A","N/A","N/A","14-15-0","0.483"
"11244","Avrasya Robotics","2804","22.3","1439","1442","8.1","8.9","5.3","-0.11","-0.3","-0.34","2026gal","Galileo Division","8","17-10-0","0.630"
"10918","Bluesteel Dragons","2805","22.3","1439","1442","12.9","-1.6","11","-0.17","-0.27","-0.34","N/A","N/A","N/A","15-26-0","0.366"
"8700","W.I.R.E.D","2806","22.3","1439","1442","7.4","5.5","9.4","-0.09","-0.13","-0.34","N/A","N/A","N/A","7-19-0","0.269"
"10997","St. George","2807","22.3","1439","1442","5.1","12.2","4.9","0.01","-0.24","-0.34","N/A","N/A","N/A","7-20-0","0.259"
"10304","Circuit Breakers","2808","22.3","1439","1442","6.2","4.9","11.2","0.03","-0.24","-0.34","N/A","N/A","N/A","15-15-0","0.500"
"6071","The Aluminators","2809","22.3","1439","1442","7.1","10.1","5.2","0.01","-0.17","-0.34","N/A","N/A","N/A","5-19-0","0.208"
"7759","Bulldog Bytes","2810","22.3","1439","1442","7.1","14.1","1","0.08","-0.1","-0.34","N/A","N/A","N/A","11-7-0","0.611"
"9679","Madison Eagles","2811","22.3","1439","1442","6.1","8.1","8.1","0.04","-0.24","-0.34","N/A","N/A","N/A","16-17-0","0.485"
"6885","The Pilots","2812","22.3","1439","1442","4.2","13.6","4.5","0.16","-0.25","-0.34","N/A","N/A","N/A","11-13-0","0.458"
"10605","Techno Talons","2813","22.3","1439","1442","4.3","12.7","5.3","0.03","-0.24","-0.34","N/A","N/A","N/A","9-15-0","0.375"
"5790","Proto-Titans","2814","22.2","1439","1442","7.4","10.4","4.4","0.1","-0.18","-0.34","N/A","N/A","N/A","16-12-0","0.571"
"4034","Pelham πthons Team 4034","2815","22.2","1439","1442","10.9","9.4","1.9","0.14","-0.24","-0.34","N/A","N/A","N/A","10-14-0","0.417"
"4739","Normanhurst Nitro","2816","22.2","1439","1442","8.2","9.3","4.7","0.06","-0.23","-0.34","N/A","N/A","N/A","9-5-0","0.643"
"10565","FARADAY- Prepa Tecmilenio","2817","22.2","1439","1442","0.7","11.8","9.6","0.1","-0.23","-0.34","N/A","N/A","N/A","5-5-0","0.500"
"8756","Magic Valley Logic Control","2818","22.2","1439","1442","0.9","8.5","12.7","0.02","-0.23","-0.34","N/A","N/A","N/A","7-5-0","0.583"
"1991","The Dragons","2819","22.1","1438","1442","9.2","8.9","4","-0.21","-0.27","-0.34","N/A","N/A","N/A","18-23-0","0.439"
"5190","Falcon Fury","2820","22.1","1438","1442","8","10.4","3.8","0","-0.24","-0.34","N/A","N/A","N/A","12-17-0","0.414"
"5500","Jaguars Robotics & ROVs","2821","22.1","1438","1442","3.9","9.8","8.4","0.18","-0.14","-0.34","N/A","N/A","N/A","7-17-0","0.292"
"6814","Ellipse","2822","22.1","1438","1442","10","0.1","12","0.02","-0.24","-0.34","N/A","N/A","N/A","21-23-0","0.477"
"9750","ED Robotics","2823","22.1","1438","1442","3.8","12.7","5.6","0.15","-0.23","-0.34","N/A","N/A","N/A","4-4-0","0.500"
"564","Longwood RoboLions","2824","22.1","1438","1442","6.2","9.9","6","0.1","-0.23","-0.34","N/A","N/A","N/A","6-12-0","0.333"
"6432","Valkyries","2825","22.1","1438","1442","3.1","9.1","10","0.01","-0.23","-0.34","N/A","N/A","N/A","5-5-0","0.500"
"9441","Aero Jr","2826","22.1","1438","1442","3.5","9","9.6","0.17","-0.23","-0.34","N/A","N/A","N/A","5-7-0","0.417"
"8533","Rancho Reapers","2827","22.1","1438","1442","0.8","10","11.3","0","-0.19","-0.34","N/A","N/A","N/A","11-13-0","0.458"
"10914","Team Variant","2828","22.1","1438","1442","5.7","7.2","9.1","0.07","-0.23","-0.34","N/A","N/A","N/A","4-10-0","0.286"
"5658","STORMBOTICS","2829","22.1","1438","1442","10.6","4.6","6.9","-0.02","-0.23","-0.34","N/A","N/A","N/A","7-13-0","0.350"
"7113","Control Rising","2830","22.1","1438","1442","8.1","7.1","6.8","0.14","-0.23","-0.34","N/A","N/A","N/A","6-6-0","0.500"
"7885","Panther Tech","2831","22.1","1438","1441","4.3","6.5","11.3","0.03","-0.16","-0.34","N/A","N/A","N/A","5-8-1","0.393"
"11401","Glorious Robotics","2832","22","1438","1441","8.9","8.6","4.6","0.14","-0.23","-0.34","N/A","N/A","N/A","7-9-0","0.438"
"5683","R.A.V.E.N.","2833","22","1438","1441","6.4","6","9.6","0.1","-0.24","-0.34","N/A","N/A","N/A","7-21-0","0.250"
"9607","RJR Cyber Demons","2834","22","1438","1441","7.1","7.4","7.6","0.11","-0.24","-0.34","N/A","N/A","N/A","13-18-0","0.419"
"10212","Circuit Bakers","2835","22","1438","1441","7.4","8.8","5.8","0.01","-0.29","-0.34","N/A","N/A","N/A","7-17-0","0.292"
"6964","BearBots (FRC)","2836","22","1438","1441","8.7","7","6.4","0.11","-0.24","-0.34","N/A","N/A","N/A","14-15-0","0.483"
"9298","Greenies","2837","22","1438","1441","7.4","12.1","2.5","-0.03","-0.24","-0.34","N/A","N/A","N/A","11-17-0","0.393"
"5256","Atomics","2838","22","1438","1441","4.1","9.2","8.7","0.05","-0.24","-0.34","N/A","N/A","N/A","11-13-0","0.458"
"11258","Honey Badgers","2839","22","1438","1441","5.5","10.4","6","0.06","-0.24","-0.34","N/A","N/A","N/A","9-16-0","0.360"
"4464","Team Illusion","2840","21.9","1438","1441","3.8","11.1","7","-0.08","-0.17","-0.34","N/A","N/A","N/A","7-17-0","0.292"
"9166","TecRobot","2841","21.9","1438","1441","10.6","5.5","5.8","0.07","-0.23","-0.34","N/A","N/A","N/A","7-6-0","0.538"
"11407","Sturgis Trojans","2842","21.9","1438","1441","13.6","4.4","4","0.06","-0.24","-0.34","N/A","N/A","N/A","8-16-0","0.333"
"6872","Panthera Ferro","2843","21.9","1438","1441","6.1","8.2","7.6","0.15","-0.23","-0.34","N/A","N/A","N/A","3-8-0","0.273"
"4821","CyberUs","2844","21.9","1438","1441","7","9.6","5.3","0.07","-0.24","-0.34","N/A","N/A","N/A","7-21-0","0.250"
"7041","Doomsday Dogs","2845","21.9","1437","1441","9","8.1","4.8","0","-0.23","-0.34","N/A","N/A","N/A","8-5-1","0.607"
"8286","E.A.G.L.E.S. Robotics","2846","21.8","1437","1441","4.8","11.7","5.4","-0.02","-0.24","-0.34","N/A","N/A","N/A","14-16-0","0.467"
"2080","Torbotics","2847","21.8","1437","1441","8.5","6.8","6.6","0.05","-0.23","-0.34","N/A","N/A","N/A","6-11-0","0.353"
"11036","ALEV ROBOTICS","2848","21.8","1437","1441","8.4","10.4","3.1","0.21","-0.24","-0.34","N/A","N/A","N/A","6-7-1","0.464"
"7716","JLW Formula 01","2849","21.8","1437","1441","6","11.2","4.6","0.12","-0.25","-0.34","N/A","N/A","N/A","7-17-0","0.292"
"9311","Warhorse Robotics","2850","21.7","1437","1441","4.2","10.5","7","0.02","-0.24","-0.34","N/A","N/A","N/A","11-15-0","0.423"
"9786","MHS Wolfpack Team 9786","2851","21.7","1437","1441","4.4","9.4","7.9","0.07","-0.24","-0.34","N/A","N/A","N/A","13-14-0","0.481"
"9549","The Mechadogs","2852","21.7","1437","1441","5.5","11.4","4.8","0.07","-0.24","-0.34","N/A","N/A","N/A","7-17-0","0.292"
"10372","THE ANTS","2853","21.7","1437","1441","5.2","7.8","8.8","0.06","-0.18","-0.34","N/A","N/A","N/A","8-16-0","0.333"
"10248","Iron Byrds","2854","21.7","1437","1441","6.6","7.6","7.5","-0.26","-0.24","-0.34","N/A","N/A","N/A","21-22-0","0.488"
"3893","K-T Extinction","2855","21.7","1437","1440","4.7","10.5","6.5","0.08","-0.24","-0.34","N/A","N/A","N/A","11-18-0","0.379"
"10437","Amity Robotics Club (ARC)","2856","21.7","1437","1440","7.9","11.6","2.2","0.03","-0.23","-0.34","N/A","N/A","N/A","5-5-0","0.500"
"9728","Rebel Robotics-BGCCF Joe R ...","2857","21.7","1437","1440","5","9.4","7.3","0.05","-0.23","-0.34","N/A","N/A","N/A","4-4-0","0.500"
"10137","RoboKats","2858","21.7","1437","1440","5.4","9.8","6.5","0.04","-0.18","-0.34","N/A","N/A","N/A","11-10-0","0.524"
"4774","The Drop Bears","2859","21.6","1437","1440","4.7","7","9.9","-0.06","-0.23","-0.34","N/A","N/A","N/A","4-12-0","0.250"
"7687","Corcebots - Peñoles","2860","21.6","1437","1440","8.7","10.1","2.9","0.01","-0.23","-0.34","N/A","N/A","N/A","5-5-0","0.500"
"9486","ALPHASTORM FRC","2861","21.6","1437","1440","6.4","5.4","9.9","-0.04","-0.23","-0.34","N/A","N/A","N/A","9-10-0","0.474"
"11230","White Hat Hackers","2862","21.6","1437","1440","7.2","9.6","4.8","0.08","-0.24","-0.34","N/A","N/A","N/A","8-16-0","0.333"
"11164","Byte Robotics","2863","21.6","1437","1440","8.8","7.7","5.1","0.11","-0.23","-0.34","N/A","N/A","N/A","5-8-0","0.385"
"6096","UPSM Cobrots","2864","21.6","1437","1440","6","10.1","5.5","0.06","-0.24","-0.34","N/A","N/A","N/A","11-16-0","0.407"
"7201","Crobotics","2865","21.6","1437","1440","10.2","7.6","3.8","0.06","-0.23","-0.34","N/A","N/A","N/A","6-9-0","0.400"
"4079","Quantum Leap","2866","21.6","1437","1440","10.6","-0.2","11.2","-0.05","-0.24","-0.34","N/A","N/A","N/A","17-25-0","0.405"
"7255","Mechanical Mettle","2867","21.6","1436","1440","6","6.3","9.3","0.18","-0.23","-0.34","N/A","N/A","N/A","5-10-0","0.333"
"7597","Team HorsePowered","2868","21.6","1436","1440","9","8.4","4.2","0.06","-0.24","-0.34","N/A","N/A","N/A","9-15-0","0.375"
"10383","Robistim","2869","21.6","1436","1440","0.2","9.3","12","0.08","-0.23","-0.34","N/A","N/A","N/A","7-13-0","0.350"
"7088","Somerset Robodogs","2870","21.5","1436","1440","7.3","7.5","6.7","-0.05","-0.24","-0.34","N/A","N/A","N/A","11-17-0","0.393"
"4468","Fernbank LINKS","2871","21.5","1436","1440","7.2","9.6","4.8","-0.01","-0.15","-0.34","N/A","N/A","N/A","8-20-1","0.293"
"6591","Panther Powered Robotics 6591","2872","21.5","1436","1440","5.1","9.3","7.2","0.02","-0.24","-0.34","N/A","N/A","N/A","10-14-0","0.417"
"7762","AutoPilots","2873","21.5","1436","1440","7.4","11.1","3","0.27","-0.24","-0.34","N/A","N/A","N/A","13-16-0","0.448"
"1827","THE HIVE","2874","21.4","1436","1440","1.4","8.4","11.6","0.07","-0.19","-0.34","N/A","N/A","N/A","8-13-0","0.381"
"5959","PrepaTec - Titanium Rams","2875","21.4","1436","1440","6.7","9.2","5.5","-0.04","-0.23","-0.34","N/A","N/A","N/A","4-8-0","0.333"
"8285","Bionic Bulldogs","2876","21.4","1436","1440","0.9","11.3","9.2","0.09","-0.24","-0.34","N/A","N/A","N/A","11-13-0","0.458"
"9583","Lavender Robotics","2877","21.4","1436","1440","6.2","11.5","3.7","0.07","-0.26","-0.34","N/A","N/A","N/A","25-40-0","0.385"
"3294","Backwoods Engineers","2878","21.3","1436","1440","6","11.7","3.6","0.09","-0.23","-0.34","N/A","N/A","N/A","5-6-0","0.455"
"5098","STING - R","2879","21.3","1436","1440","5.9","7.9","7.5","0.06","-0.2","-0.34","N/A","N/A","N/A","11-22-0","0.333"
"8586","Firebirds Robotics","2880","21.3","1436","1440","3.3","9.7","8.3","0.16","-0.23","-0.34","N/A","N/A","N/A","3-6-0","0.333"
"10473","Team Lance-B-Bot","2881","21.3","1436","1440","11.3","6.2","3.9","0","-0.24","-0.34","N/A","N/A","N/A","15-18-0","0.455"
"10611","Gemini Robotics","2882","21.3","1436","1440","6.8","6.2","8.4","-0.01","-0.23","-0.34","N/A","N/A","N/A","18-23-0","0.439"
"10506","Crash Test Dummies","2883","21.3","1436","1439","6.6","5.5","9.3","0.02","-0.23","-0.34","N/A","N/A","N/A","2-7-0","0.222"
"2554","The Warhawks","2884","21.3","1435","1439","9.4","5.2","6.7","-0.15","-0.19","-0.34","N/A","N/A","N/A","15-30-0","0.333"
"5065","Knights #5065","2885","21.3","1435","1439","8.2","8.5","4.6","0.04","-0.24","-0.34","N/A","N/A","N/A","10-14-0","0.417"
"4955","LA Tech","2886","21.2","1435","1439","2.3","10.2","8.8","-0.04","-0.23","-0.34","N/A","N/A","N/A","4-7-0","0.364"
"9114","Rotationaries","2887","21.2","1435","1439","5.3","7.2","8.8","0.08","-0.18","-0.34","N/A","N/A","N/A","10-14-0","0.417"
"8264","ATA ROBOTICS","2888","21.2","1435","1439","4","16.9","0.2","0.14","-0.05","-0.34","N/A","N/A","N/A","5-6-0","0.455"
"10172","Apex Archers","2889","21.2","1435","1439","3.4","10.9","6.8","0.11","-0.24","-0.34","N/A","N/A","N/A","7-17-0","0.292"
"3019","Firebirds","2890","21.1","1435","1439","6.5","9.8","4.9","0.07","-0.23","-0.34","N/A","N/A","N/A","6-6-0","0.500"
"7658","MagiTech","2891","21.1","1435","1439","2.8","12.4","5.9","0.15","-0.24","-0.34","N/A","N/A","N/A","8-16-0","0.333"
"31","Jenks Prime Movers","2892","21.1","1435","1439","6.9","8.7","5.5","-0.01","-0.24","-0.34","N/A","N/A","N/A","7-13-0","0.350"
"1159","Ramona Rampage","2893","21.1","1435","1439","6.4","5.1","9.7","0.02","-0.24","-0.34","N/A","N/A","N/A","8-14-0","0.364"
"6226","Blue Devils","2894","21.1","1435","1439","8.1","7.6","5.4","0.06","-0.17","-0.34","N/A","N/A","N/A","10-16-0","0.385"
"10517","Ctrl Alt Defeat","2895","21.1","1435","1439","3.1","12.2","5.7","0.15","-0.23","-0.34","N/A","N/A","N/A","4-4-0","0.500"
"8404","SKYWALKERS","2896","21.1","1435","1439","7.2","9.3","4.5","0.04","-0.18","-0.34","N/A","N/A","N/A","8-19-0","0.296"
"5651","Maynard Jackson RoboJags","2897","21","1435","1439","7.9","9.2","4","0.01","-0.24","-0.34","N/A","N/A","N/A","13-16-0","0.448"
"6024","R Factor","2898","21","1435","1439","4.4","12.7","3.9","0.12","-0.24","-0.34","N/A","N/A","N/A","5-13-0","0.278"
"9580","Grizzly Gears","2899","21","1435","1439","8.1","9.1","3.8","-0.08","-0.29","-0.34","N/A","N/A","N/A","20-23-0","0.465"
"5518","Techno Wolves","2900","21","1435","1439","4.7","11.5","4.8","-0.03","-0.24","-0.34","N/A","N/A","N/A","12-15-0","0.444"
"6038","ITOBOT","2901","21","1434","1439","4.2","9.6","7.2","0.11","-0.23","-0.34","N/A","N/A","N/A","5-7-0","0.417"
"7833","FALCONS","2902","21","1434","1439","4.8","6.5","9.7","-0.07","-0.23","-0.34","N/A","N/A","N/A","2-8-0","0.200"
"6676","Prepa Tecmilenio - Thunder ...","2903","21","1434","1439","2.9","9","9.1","-0.05","-0.23","-0.34","N/A","N/A","N/A","5-5-0","0.500"
"2027","Robotic Dragons","2904","21","1434","1439","7.3","9.4","4.3","-0.01","-0.23","-0.34","N/A","N/A","N/A","3-6-0","0.333"
"3458","Code Blue","2905","21","1434","1439","5","2.9","13.1","0.04","-0.24","-0.34","N/A","N/A","N/A","6-18-0","0.250"
"3502","Octo(PI)Rates","2906","21","1434","1439","7.8","9.4","3.7","0","-0.23","-0.34","N/A","N/A","N/A","2-7-0","0.222"
"10592","Stamford Cyber-Hird TSA","2907","21","1434","1439","5.8","10.3","4.8","0.22","-0.24","-0.34","N/A","N/A","N/A","13-13-0","0.500"
"4550","Something's Bruin","2908","20.9","1434","1438","5.4","7.3","8.3","0.08","-0.24","-0.34","N/A","N/A","N/A","14-13-0","0.519"
"6434","Bossley Park High School Wo...","2909","20.9","1434","1438","6.2","6.8","7.9","0.03","-0.23","-0.34","N/A","N/A","N/A","4-6-0","0.400"
"9059","COLTech Robotics","2910","20.9","1434","1438","11.6","7.8","1.5","-0.02","-0.23","-0.34","N/A","N/A","N/A","11-11-0","0.500"
"5706","Tahquamenon Phenomenon","2911","20.9","1434","1438","5.2","8.1","7.6","0.11","-0.24","-0.34","N/A","N/A","N/A","6-18-0","0.250"
"9147","The Joebots","2912","20.9","1434","1438","8.8","7.7","4.4","0.03","-0.23","-0.34","N/A","N/A","N/A","4-9-0","0.308"
"6532","TechnoPaths","2913","20.9","1434","1438","4.7","8.2","8","0.05","-0.24","-0.34","N/A","N/A","N/A","11-14-0","0.440"
"11215","Les Panthères","2914","20.9","1434","1438","2.8","9.7","8.4","0.12","-0.15","-0.34","N/A","N/A","N/A","8-7-0","0.533"
"8006","The Phantoms","2915","20.9","1434","1438","2.6","7.1","11.2","0.12","-0.17","-0.34","N/A","N/A","N/A","9-17-0","0.346"
"10361","Gatorbots","2916","20.9","1434","1438","3.9","7.5","9.4","0.11","-0.24","-0.34","N/A","N/A","N/A","14-17-0","0.452"
"1359","Scalawags","2917","20.9","1434","1438","9","1.9","10","0.03","-0.24","-0.34","N/A","N/A","N/A","12-14-0","0.462"
"8777","SafranTech","2918","20.8","1434","1438","4.2","9.4","7.2","0","-0.23","-0.34","N/A","N/A","N/A","2-9-0","0.182"
"3023","STARK Industries","2919","20.8","1434","1438","3.8","10.4","6.7","0.09","-0.23","-0.34","N/A","N/A","N/A","5-13-0","0.278"
"9659","Vanier Vikings","2920","20.8","1434","1438","7.9","5.8","7.1","-0.09","-0.1","-0.34","N/A","N/A","N/A","19-22-0","0.463"
"2849","Ursa Major","2921","20.8","1434","1438","3.1","9.7","8","0.06","-0.24","-0.34","N/A","N/A","N/A","9-15-0","0.375"
"10446","Circuitron","2922","20.8","1434","1438","5.7","9.4","5.6","0.1","-0.23","-0.34","N/A","N/A","N/A","3-5-0","0.375"
"7417","Bionic Bombers","2923","20.8","1434","1438","4.8","10.9","5.1","0.06","-0.16","-0.34","N/A","N/A","N/A","15-14-0","0.517"
"10050","Sea Dragons","2924","20.8","1434","1438","2.8","16.9","1","0.09","-0.24","-0.34","N/A","N/A","N/A","7-5-0","0.583"
"10613","AEA Alterbots","2925","20.7","1434","1438","4.9","12.9","2.9","-0.03","-0.24","-0.34","N/A","N/A","N/A","5-19-0","0.208"
"6232","Florya Bisons","2926","20.7","1433","1438","5.9","11.6","3.2","0","-0.24","-0.34","N/A","N/A","N/A","17-17-0","0.500"
"10558","Forté","2927","20.7","1433","1438","7.1","8.8","4.8","0.09","-0.23","-0.34","N/A","N/A","N/A","2-5-0","0.286"
"7314","Tornadoes","2928","20.7","1433","1438","2.4","12.2","6.1","0.12","-0.24","-0.34","N/A","N/A","N/A","7-17-0","0.292"
"10246","ISTAF Team Infinitech","2929","20.6","1433","1438","4.4","14.9","1.4","0.04","-0.23","-0.34","N/A","N/A","N/A","7-6-0","0.538"
"9465","Imagine High Axolotls","2930","20.6","1433","1438","2.8","13.9","4","0.08","-0.23","-0.34","N/A","N/A","N/A","3-7-0","0.300"
"4377","Boyne City Blaze","2931","20.6","1433","1438","5.3","8.9","6.5","0.04","-0.24","-0.34","N/A","N/A","N/A","11-16-0","0.407"
"5610","Turbulence","2932","20.6","1433","1438","10.6","7.2","2.9","0.25","-0.24","-0.34","N/A","N/A","N/A","9-17-0","0.346"
"7636","Robomania","2933","20.6","1433","1438","10.9","7.1","2.6","0.04","-0.23","-0.34","N/A","N/A","N/A","2-8-0","0.200"
"9282","PrepaTec- SINAVOLT","2934","20.6","1433","1438","0.6","13.7","6.3","-0.02","-0.23","-0.34","N/A","N/A","N/A","6-4-0","0.600"
"4050","Biohazard","2935","20.6","1433","1438","3","11.7","5.9","-0.04","-0.23","-0.34","N/A","N/A","N/A","4-9-0","0.308"
"3020","SMbld","2936","20.5","1433","1437","4.3","11.6","4.6","0.08","-0.19","-0.34","N/A","N/A","N/A","9-14-0","0.391"
"9745","Lazer Sharkz","2937","20.5","1433","1437","6.9","8.6","5","0.02","-0.23","-0.34","N/A","N/A","N/A","2-7-0","0.222"
"1099","DiscoTechs","2938","20.5","1433","1437","5.3","9.8","5.5","0","-0.18","-0.34","N/A","N/A","N/A","10-16-0","0.385"
"4863","The Chicago Style BotPups","2939","20.5","1433","1437","5.1","12.6","2.8","0.1","-0.23","-0.34","N/A","N/A","N/A","4-7-0","0.364"
"5019","Gearbox Heroes","2940","20.5","1433","1437","4.6","7.4","8.5","0.13","-0.24","-0.34","N/A","N/A","N/A","10-14-0","0.417"
"7794","Eagle Engineers","2941","20.5","1433","1437","7.7","8.5","4.3","-0.01","-0.17","-0.34","N/A","N/A","N/A","10-14-0","0.417"
"11002","Montcalm Robotics","2942","20.5","1433","1437","8.5","10.9","1.1","-0.07","-0.18","-0.34","N/A","N/A","N/A","10-26-0","0.278"
"11222","STAXX, Sponsored by NASA","2943","20.5","1433","1437","6","5.5","8.9","-0.03","-0.23","-0.34","N/A","N/A","N/A","3-5-0","0.375"
"10472","Bilkent Next","2944","20.5","1433","1437","5.6","8.7","6.2","0.14","-0.23","-0.34","N/A","N/A","N/A","3-8-0","0.273"
"5234","Marauder Bots","2945","20.4","1432","1437","8.9","8.6","3","0.1","-0.24","-0.34","N/A","N/A","N/A","13-16-0","0.448"
"5914","Robotic Warriors","2946","20.4","1432","1437","4.6","6.5","9.3","0.1","-0.23","-0.34","N/A","N/A","N/A","12-9-0","0.571"
"9697","Bionic Bucs","2947","20.4","1432","1437","5.7","8.9","5.8","0.1","-0.24","-0.34","N/A","N/A","N/A","12-12-0","0.500"
"5235","Gears of Fortune","2948","20.4","1432","1437","5.7","7.2","7.6","0.05","-0.24","-0.34","N/A","N/A","N/A","8-20-0","0.286"
"9522","Archimedes","2949","20.4","1432","1437","6.7","6.7","7","0.03","-0.26","-0.34","N/A","N/A","N/A","16-22-2","0.425"
"3692","Rock N' Robotics","2950","20.4","1432","1437","3.7","9.4","7.2","0.06","-0.24","-0.34","N/A","N/A","N/A","7-17-0","0.292"
"9428","The Cashew Chickens @ Sprin...","2951","20.4","1432","1437","9.1","6.4","4.8","0.06","-0.09","-0.34","N/A","N/A","N/A","9-11-1","0.452"
"1","The Juggernauts","2952","20.3","1432","1437","8.3","7.7","4.3","0.06","-0.23","-0.34","N/A","N/A","N/A","8-16-0","0.333"
"2347","Trial and Error","2953","20.3","1432","1437","6.7","10.6","3.1","0.1","-0.23","-0.34","N/A","N/A","N/A","5-4-0","0.556"
"10108","Hazard5","2954","20.3","1432","1437","3","11.8","5.5","0.09","-0.17","-0.34","N/A","N/A","N/A","4-8-0","0.333"
"7654","Robot In Shed","2955","20.3","1432","1437","0.7","11.6","7.9","0.03","-0.23","-0.34","N/A","N/A","N/A","4-6-0","0.400"
"9295","Harlem Rails","2956","20.3","1432","1437","8.8","4.6","6.9","0.15","-0.23","-0.34","N/A","N/A","N/A","3-5-0","0.375"
"9096","Bad Weather","2957","20.2","1432","1437","5.9","8.5","5.9","0.08","-0.26","-0.34","N/A","N/A","N/A","12-16-0","0.429"
"9658","Camber","2958","20.2","1432","1437","5.2","8.3","6.8","0.02","-0.24","-0.34","N/A","N/A","N/A","10-14-0","0.417"
"10665","Unibots","2959","20.2","1432","1437","4.6","10.1","5.5","0.11","-0.24","-0.34","N/A","N/A","N/A","12-15-0","0.444"
"4191","IMC","2960","20.2","1432","1436","-1.9","9.3","12.9","-0.17","-0.32","-0.34","2026hop","Hopper Division","8","14-27-0","0.341"
"6642","Stingers of Steel","2961","20.2","1432","1436","4.4","7.7","8.1","0.2","-0.24","-0.34","N/A","N/A","N/A","12-17-0","0.414"
"10623","AY YILDIZ ROBOTİM","2962","20.2","1432","1436","1.7","15.1","3.4","0.01","-0.24","-0.34","N/A","N/A","N/A","5-4-0","0.556"
"2856","Planetary Drive","2963","20.2","1432","1436","4.3","12.9","2.9","0.17","-0.23","-0.34","N/A","N/A","N/A","5-7-0","0.417"
"8718","Tigerbotics","2964","20.1","1431","1436","5.5","13.4","1.2","0.1","-0.14","-0.34","N/A","N/A","N/A","5-6-0","0.455"
"3182","Athena's Warriors","2965","20.1","1431","1436","11.3","11.1","-2.3","-0.17","-0.21","-0.34","N/A","N/A","N/A","17-23-0","0.425"
"6242","Chaos Theory","2966","20.1","1431","1436","6.5","6.8","6.8","0.06","-0.24","-0.34","N/A","N/A","N/A","9-18-0","0.333"
"4730","Terminators","2967","20.1","1431","1436","4.4","9","6.8","0.1","-0.24","-0.34","N/A","N/A","N/A","9-18-0","0.333"
"9772","Titans Robotics","2968","20.1","1431","1436","3.8","11.5","4.9","0.14","-0.24","-0.34","N/A","N/A","N/A","8-18-0","0.308"
"1943","Neat Team","2969","20.1","1431","1436","4.4","10.7","5","0.06","-0.22","-0.33","N/A","N/A","N/A","0-0-0","0.000"
"11460","Olivet Eaglebots","2970","20.1","1431","1436","6.8","3.5","9.8","0.07","-0.18","-0.34","N/A","N/A","N/A","13-13-0","0.500"
"3082","Chicken Bot Pie","2971","20.1","1431","1436","6.6","6.8","6.7","0","-0.18","-0.34","2026gal","Galileo Division","8","18-23-0","0.439"
"10453","Northmen Robotics","2972","20.1","1431","1436","4.1","5.3","10.7","0.04","-0.24","-0.34","N/A","N/A","N/A","7-12-1","0.375"
"11309","Gear Owls","2973","20","1431","1436","6.8","5.9","7.3","0.03","-0.24","-0.34","N/A","N/A","N/A","11-17-0","0.393"
"5760","The Marinators","2974","20","1431","1436","4.8","12.5","2.8","0.08","-0.12","-0.34","N/A","N/A","N/A","11-17-0","0.393"
"5744","RoboRunners","2975","20","1431","1436","10.8","6","3.2","0.06","-0.23","-0.34","N/A","N/A","N/A","3-7-0","0.300"
"11365","Ignite Robotics","2976","20","1431","1436","8.9","9.1","2","0.02","-0.23","-0.34","N/A","N/A","N/A","5-7-0","0.417"
"9086","Wildcat Robotics","2977","20","1431","1436","4.1","11.1","4.9","0.12","-0.24","-0.34","N/A","N/A","N/A","11-15-0","0.423"
"1721","Tidal Force","2978","20","1431","1436","5.7","9.4","4.8","0.08","-0.24","-0.34","N/A","N/A","N/A","8-16-0","0.333"
"7483","Mechanically Challenged","2979","20","1431","1436","4.6","9.9","5.4","0.13","-0.24","-0.34","N/A","N/A","N/A","11-16-0","0.407"
"5828","Flying Riots","2980","20","1431","1436","8.9","6.4","4.7","0.08","-0.24","-0.34","N/A","N/A","N/A","12-15-1","0.446"
"9183","RoboComets","2981","20","1431","1436","5.5","9.4","5","0.07","-0.24","-0.34","N/A","N/A","N/A","13-11-0","0.542"
"9636","Space Junk","2982","19.9","1431","1436","5.6","9.2","5.1","0.03","-0.24","-0.34","N/A","N/A","N/A","5-13-0","0.278"
"996","Mecha Knights","2983","19.9","1431","1436","4.8","11","4.1","0","-0.23","-0.34","N/A","N/A","N/A","5-4-0","0.556"
"2001","HERMES","2984","19.9","1431","1436","4.8","5.3","9.8","-0.01","-0.23","-0.34","N/A","N/A","N/A","3-8-0","0.273"
"2064","The Panther Project","2985","19.9","1430","1436","5.6","9.7","4.6","0.02","-0.24","-0.34","N/A","N/A","N/A","11-19-0","0.367"
"4229","Magnetech","2986","19.9","1430","1436","8.3","7.6","4","-0.04","-0.23","-0.34","N/A","N/A","N/A","2-7-0","0.222"
"4455","The Burger Bots","2987","19.9","1430","1436","11.8","3","5.1","0.05","-0.24","-0.34","N/A","N/A","N/A","8-15-0","0.348"
"10043","Conscius Robotics","2988","19.9","1430","1436","8.4","7.6","3.8","0.1","-0.14","-0.34","N/A","N/A","N/A","16-14-1","0.532"
"6433","HZ4Z","2989","19.8","1430","1436","6.5","13.5","-0.2","0.16","-0.23","-0.34","N/A","N/A","N/A","5-4-0","0.556"
"5271","Open Circuits","2990","19.8","1430","1435","4.9","11.8","3.1","0.02","-0.23","-0.34","N/A","N/A","N/A","4-6-0","0.400"
"378","The Circuit Stompers","2991","19.8","1430","1435","6","6.5","7.3","0.02","-0.23","-0.34","N/A","N/A","N/A","1-8-0","0.111"
"8512","Manzano Monarchs","2992","19.8","1430","1435","4.3","10.7","4.9","0.05","-0.23","-0.34","N/A","N/A","N/A","5-7-0","0.417"
"10598","TADroid","2993","19.8","1430","1435","5.4","8","6.4","0.11","-0.23","-0.34","N/A","N/A","N/A","10-14-0","0.417"
"5965","Power Struck Girls","2994","19.8","1430","1435","2.4","10.2","7.3","0.21","-0.24","-0.34","N/A","N/A","N/A","4-4-0","0.500"
"4054","The Aeronauts","2995","19.8","1430","1435","7.4","2.1","10.3","0.03","-0.24","-0.34","N/A","N/A","N/A","10-14-0","0.417"
"9102","CyborgBulls","2996","19.8","1430","1435","4.1","9.1","6.6","0.08","-0.23","-0.34","N/A","N/A","N/A","5-8-0","0.385"
"7086","IOROBOT","2997","19.7","1430","1435","6.2","11.1","2.4","-0.03","-0.23","-0.34","N/A","N/A","N/A","3-6-0","0.333"
"1288","RAVEN Robotics","2998","19.7","1430","1435","6.5","9.2","4","0.08","-0.23","-0.34","N/A","N/A","N/A","6-6-0","0.500"
"10586","Unearthed","2999","19.7","1430","1435","9.7","3","7","-0.17","-0.18","-0.34","N/A","N/A","N/A","16-27-0","0.372"
"10591","No Cap","3000","19.7","1430","1435","7.3","6.5","5.8","-0.09","-0.24","-0.34","N/A","N/A","N/A","14-25-0","0.359"
"2969","Aftermath","3001","19.6","1430","1435","9.3","3.1","7.2","0.02","-0.24","-0.34","N/A","N/A","N/A","12-26-0","0.316"
"9478","Robo-Colts HSISL","3002","19.6","1429","1435","6.5","9.9","3.2","0.13","-0.24","-0.34","N/A","N/A","N/A","8-17-0","0.320"
"7818","Williamston High School Ves...","3003","19.6","1429","1435","6.9","4.7","8","0","-0.24","-0.34","N/A","N/A","N/A","6-18-0","0.250"
"9176","Greenspire Steel Sturgeons","3004","19.5","1429","1435","6.7","5.4","7.4","0.09","-0.23","-0.34","N/A","N/A","N/A","9-17-1","0.352"
"10583","Stampede","3005","19.5","1429","1435","5.7","9.6","4.2","0.08","-0.23","-0.34","N/A","N/A","N/A","5-19-0","0.208"
"9709","Isotope Robotics","3006","19.5","1429","1435","4.1","13.4","2","0.1","-0.24","-0.34","N/A","N/A","N/A","8-17-0","0.320"
"10512","Beyond Grad Greyhounds","3007","19.5","1429","1435","2.1","13.9","3.5","0.03","-0.23","-0.34","N/A","N/A","N/A","3-5-0","0.375"
"4998","TESLA","3008","19.5","1429","1435","4.9","7.8","6.8","0.17","-0.24","-0.34","N/A","N/A","N/A","10-17-0","0.370"
"5878","The Great Lakers","3009","19.4","1429","1434","9.1","6.6","3.8","0.08","-0.17","-0.34","N/A","N/A","N/A","8-16-0","0.333"
"10454","UPC Raptors","3010","19.4","1429","1434","7.1","8","4.4","0.02","-0.23","-0.34","N/A","N/A","N/A","5-3-0","0.625"
"7298","TOROS","3011","19.4","1429","1434","7.4","8.7","3.3","-0.1","-0.14","-0.34","N/A","N/A","N/A","6-4-0","0.600"
"2988","RoboRiot","3012","19.4","1429","1434","5.4","8.6","5.4","0.02","-0.24","-0.34","N/A","N/A","N/A","9-15-0","0.375"
"6489","Bronco Bolts","3013","19.4","1429","1434","4.1","14.1","1.2","0.07","-0.23","-0.34","N/A","N/A","N/A","2-6-0","0.250"
"6895","Mechanical Madness 4-H","3014","19.4","1429","1434","6.5","9.4","3.5","0.19","-0.24","-0.34","N/A","N/A","N/A","9-15-0","0.375"
"3610","Islanders","3015","19.4","1429","1434","5.9","8.2","5.2","0.04","-0.23","-0.34","N/A","N/A","N/A","7-15-0","0.318"
"10958","SWing","3016","19.4","1429","1434","7.4","5.1","6.9","-0.02","-0.23","-0.34","N/A","N/A","N/A","5-5-0","0.500"
"3340","Union City EagleX Robotics","3017","19.3","1428","1434","7.1","5.1","7.2","0.03","-0.24","-0.34","N/A","N/A","N/A","8-18-0","0.308"
"9735","Electric Dragons","3018","19.3","1428","1434","9","5.8","4.5","0.09","-0.24","-0.34","N/A","N/A","N/A","7-17-0","0.292"
"1763","Paséliens","3019","19.2","1428","1434","5.1","3.8","10.4","-0.1","-0.24","-0.34","N/A","N/A","N/A","5-15-0","0.250"
"4332","RoboCats","3020","19.2","1428","1434","7.4","3.6","8.2","-0.15","-0.24","-0.34","N/A","N/A","N/A","12-19-0","0.387"
"9542","Technodogs","3021","19.2","1428","1434","10.2","7.5","1.6","0.11","-0.24","-0.34","N/A","N/A","N/A","10-14-0","0.417"
"3944","All Knights","3022","19.2","1428","1434","3.4","13.9","2","0.09","-0.23","-0.34","N/A","N/A","N/A","4-5-0","0.444"
"10424","ANKA ROBOTICS","3023","19.2","1428","1434","7.1","2.1","9.9","0.13","-0.23","-0.34","N/A","N/A","N/A","4-6-0","0.400"
"9468","Team Sirius","3024","19.2","1428","1434","8.7","9.8","0.7","0.11","-0.24","-0.34","N/A","N/A","N/A","9-12-0","0.429"
"3219","TREAD (Trojan Robotics, Eng...","3025","19.2","1428","1434","3.9","3.3","12","0.08","-0.24","-0.34","N/A","N/A","N/A","7-17-0","0.292"
"5648","Melbourne RoboCats 5648","3026","19.1","1428","1434","1.3","12.8","5.1","0.09","-0.23","-0.34","N/A","N/A","N/A","3-10-0","0.231"
"6463","Robotic Reapers","3027","19.1","1428","1434","2.3","12.4","4.5","0.09","-0.24","-0.34","N/A","N/A","N/A","6-12-0","0.333"
"4156","Ninjaneers","3028","19.1","1428","1434","5.5","14.1","-0.4","0.1","-0.24","-0.34","N/A","N/A","N/A","4-8-0","0.333"
"5503","Smithville Tiger Trons","3029","19.1","1428","1434","4.6","7.8","6.8","-0.11","-0.2","-0.34","N/A","N/A","N/A","19-27-0","0.413"
"3459","Team PyroTech","3030","19.1","1428","1434","6.7","7.1","5.4","-0.17","-0.18","-0.34","N/A","N/A","N/A","14-28-0","0.333"
"10664","Big Reds","3031","19.1","1428","1434","4.8","11.4","2.8","0.05","-0.16","-0.34","N/A","N/A","N/A","8-16-0","0.333"
"6805","Quack Attack","3032","19.1","1427","1434","2.7","11.1","5.3","0.15","-0.23","-0.34","N/A","N/A","N/A","3-5-0","0.375"
"3632","D-Techs","3033","19.1","1427","1434","4.6","0","14.5","-0.14","-0.27","-0.34","N/A","N/A","N/A","19-30-0","0.388"
"9195","ProdiXy","3034","19.1","1427","1434","5.3","11.9","1.8","0.09","-0.23","-0.34","N/A","N/A","N/A","5-4-0","0.556"
"10425","WhiteFox","3035","19.1","1427","1433","8.3","6.5","4.3","-0.09","-0.14","-0.34","N/A","N/A","N/A","5-4-0","0.556"
"11287","Canton Rising Stars","3036","19.1","1427","1433","3.1","10.9","5.1","0.06","-0.12","-0.34","N/A","N/A","N/A","3-6-0","0.333"
"5970","Beavertronics","3037","19","1427","1433","4.7","13.2","1.2","0.15","-0.24","-0.34","N/A","N/A","N/A","13-19-0","0.406"
"8761","AHS TigerByte8761","3038","19","1427","1433","6.3","4.6","8.2","-0.1","-0.24","-0.34","N/A","N/A","N/A","8-17-1","0.327"
"3560","MechaWolves","3039","19","1427","1433","9.2","-0.5","10.3","0.03","-0.23","-0.34","N/A","N/A","N/A","9-27-0","0.250"
"9146","Burnouts","3040","19","1427","1433","4.8","8.5","5.7","0.05","-0.23","-0.34","N/A","N/A","N/A","5-5-0","0.500"
"10295","FOREST GUARDIANS","3041","19","1427","1433","4.6","8.2","6.2","0.04","-0.23","-0.34","N/A","N/A","N/A","3-6-0","0.333"
"8764","Thunder Robotics","3042","19","1427","1433","3","8.2","7.9","0.09","-0.03","-0.34","N/A","N/A","N/A","7-17-0","0.292"
"8790","Departure","3043","19","1427","1433","7.7","5.6","5.6","-0.03","-0.23","-0.34","N/A","N/A","N/A","2-8-0","0.200"
"11475","DawgBots","3044","19","1427","1433","8.7","7.3","2.9","0.04","-0.24","-0.34","N/A","N/A","N/A","9-15-0","0.375"
"1317","Digital Fusion","3045","18.9","1427","1433","7.1","7.4","4.5","0.08","-0.23","-0.34","N/A","N/A","N/A","1-7-0","0.125"
"7500","MARAUDERS","3046","18.9","1427","1433","7.3","7.8","3.9","0","-0.23","-0.34","N/A","N/A","N/A","3-5-0","0.375"
"10412","TechBotTronics-1RSNC","3047","18.9","1427","1433","4.5","8.4","6.1","-0.05","-0.24","-0.34","N/A","N/A","N/A","11-17-0","0.393"
"9698","Zipbombs of BGCNF","3048","18.9","1427","1433","5.9","6.8","6.2","0.01","-0.24","-0.34","N/A","N/A","N/A","5-4-0","0.556"
"3298","ArrowBots","3049","18.9","1427","1433","5.5","6.1","7.3","0.05","-0.23","-0.34","N/A","N/A","N/A","10-12-0","0.455"
"9151","RoboLynx","3050","18.8","1427","1433","7","8.9","3","0.01","-0.23","-0.34","N/A","N/A","N/A","3-7-0","0.300"
"22","Double Deuce","3051","18.8","1427","1433","5.3","7.3","6.2","0.12","-0.12","-0.34","N/A","N/A","N/A","9-15-0","0.375"
"2450","Wind Chill","3052","18.8","1426","1433","6.1","9.3","3.5","0","-0.23","-0.34","N/A","N/A","N/A","9-9-0","0.500"
"5060","IgKnight","3053","18.8","1426","1433","6.4","5.2","7.2","0","-0.23","-0.34","N/A","N/A","N/A","6-7-0","0.462"
"8726","CryptoHawks","3054","18.8","1426","1433","7.7","5.2","5.9","0.13","-0.13","-0.34","N/A","N/A","N/A","10-18-0","0.357"
"3282","Dallas Robo Tigers","3055","18.8","1426","1433","6.8","2.9","9.1","0.01","-0.24","-0.34","N/A","N/A","N/A","7-17-0","0.292"
"3090","Chaotic Robotics","3056","18.7","1426","1433","3.1","10.4","5.3","-0.04","-0.23","-0.34","N/A","N/A","N/A","5-6-0","0.455"
"10400","DART Doane Academy Robotics...","3057","18.7","1426","1433","5","10","3.8","0.08","-0.24","-0.34","N/A","N/A","N/A","16-13-0","0.552"
"9238","Jaybots","3058","18.7","1426","1433","4.5","5.1","9.2","0.07","-0.24","-0.34","N/A","N/A","N/A","9-15-0","0.375"
"11444","Cougar Claw Robotics","3059","18.7","1426","1433","3.8","4.3","10.6","-0.01","-0.24","-0.34","N/A","N/A","N/A","10-14-0","0.417"
"8832","AutoDawgs","3060","18.7","1426","1433","6.5","5.8","6.5","0.04","-0.24","-0.34","N/A","N/A","N/A","10-15-0","0.400"
"9472","K2C","3061","18.7","1426","1433","3.9","10.3","4.5","0.06","-0.16","-0.34","N/A","N/A","N/A","6-14-0","0.300"
"6725","WildBOTS","3062","18.7","1426","1432","4.1","11.9","2.7","0.01","-0.13","-0.34","N/A","N/A","N/A","10-14-0","0.417"
"9566","Red Storm Rookies","3063","18.7","1426","1432","4.8","7.8","6.1","0.12","-0.24","-0.34","N/A","N/A","N/A","12-17-0","0.414"
"11391","Hypatia","3064","18.7","1426","1432","1.1","9.1","8.5","0.04","-0.23","-0.34","N/A","N/A","N/A","4-6-0","0.400"
"743","Technobots","3065","18.6","1426","1432","9","9.2","0.4","0.05","-0.23","-0.34","N/A","N/A","N/A","3-5-0","0.375"
"9662","Valley Lutheran Chargers","3066","18.6","1426","1432","5.8","6.7","6.1","-0.02","-0.24","-0.34","N/A","N/A","N/A","9-15-0","0.375"
"4230","TopperBots","3067","18.5","1425","1432","7.7","5.6","5.2","0.08","-0.23","-0.34","N/A","N/A","N/A","9-11-0","0.450"
"2606","Irish Robotics","3068","18.5","1425","1432","6.8","4.4","7.4","0.29","-0.23","-0.34","N/A","N/A","N/A","3-7-0","0.300"
"9045","North Lions SESI/SENAI","3069","18.5","1425","1432","5.5","6.5","6.5","0.06","-0.23","-0.34","N/A","N/A","N/A","3-9-0","0.250"
"9060","Prepa Tecmilenio - Desert R...","3070","18.5","1425","1432","5.9","9.8","2.8","0.02","-0.23","-0.34","N/A","N/A","N/A","2-8-0","0.200"
"7471","Robo Montagnards","3071","18.5","1425","1432","8.2","6.1","4.2","0.08","-0.23","-0.34","N/A","N/A","N/A","3-8-0","0.273"
"8882","INFINITY BR","3072","18.5","1425","1432","3.2","12.6","2.8","-0.09","-0.23","-0.34","N/A","N/A","N/A","9-10-0","0.474"
"3559","Thundercats","3073","18.5","1425","1432","4","9.1","5.4","0.1","-0.13","-0.34","N/A","N/A","N/A","9-18-0","0.333"
"5225","The Shambotz","3074","18.5","1425","1432","3.4","9.6","5.5","-0.1","-0.17","-0.34","N/A","N/A","N/A","8-16-0","0.333"
"4010","PrepaTec - Nautilus","3075","18.4","1425","1432","4.6","8.8","5","0.02","-0.17","-0.34","N/A","N/A","N/A","8-11-1","0.425"
"7210","RoboJackets  7210","3076","18.4","1425","1432","4.1","6.4","7.9","0.06","-0.24","-0.34","N/A","N/A","N/A","9-17-0","0.346"
"10072","WhirlyBots","3077","18.4","1425","1432","3.9","9.6","4.9","-0.05","-0.24","-0.34","N/A","N/A","N/A","10-15-1","0.404"
"10552","Mazenod Machinists","3078","18.4","1425","1432","6.9","5.8","5.7","0.03","-0.23","-0.34","N/A","N/A","N/A","9-6-0","0.600"
"159","Alpine Robotics","3079","18.4","1425","1432","9.6","6.8","2","0.17","-0.24","-0.34","N/A","N/A","N/A","8-15-0","0.348"
"5247","Red Devil Robotics","3080","18.4","1425","1432","16.3","0.9","1.2","-0.12","-0.24","-0.34","N/A","N/A","N/A","11-13-0","0.458"
"6186","Hope BotCats","3081","18.3","1425","1432","5.9","4.8","7.7","0.17","-0.23","-0.34","N/A","N/A","N/A","10-7-0","0.588"
"7673","Formosan Sika","3082","18.3","1425","1432","4.4","6.6","7.4","0.03","-0.23","-0.34","N/A","N/A","N/A","6-7-0","0.462"
"10920","F²","3083","18.3","1425","1432","2.9","9.6","5.8","0.2","-0.23","-0.34","N/A","N/A","N/A","6-9-0","0.400"
"6833","Python Robotics","3084","18.3","1425","1431","7.4","9.8","1.2","0.15","-0.23","-0.34","N/A","N/A","N/A","5-4-0","0.556"
"7256","Irish Robotics","3085","18.3","1424","1431","5.5","10","2.8","0.06","-0.24","-0.34","N/A","N/A","N/A","8-16-0","0.333"
"9509","Cybears","3086","18.3","1424","1431","7.9","7","3.4","0.12","-0.23","-0.34","N/A","N/A","N/A","1-7-0","0.125"
"10427","Kitimat Sentinels","3087","18.3","1424","1431","4.8","9.8","3.8","0.15","-0.23","-0.34","N/A","N/A","N/A","6-4-0","0.600"
"6091","Eagle 1","3088","18.3","1424","1431","7.4","6.5","4.4","-0.09","-0.24","-0.34","N/A","N/A","N/A","11-13-0","0.458"
"7135","System Reset","3089","18.3","1424","1431","4.9","9.2","4.1","-0.05","-0.23","-0.34","N/A","N/A","N/A","2-8-0","0.200"
"11409","Alchemist's Return","3090","18.3","1424","1431","8.4","9.5","0.3","0.13","-0.25","-0.34","N/A","N/A","N/A","9-17-0","0.346"
"4239","WARPSPEED","3091","18.2","1424","1431","4.5","7.2","6.5","0.02","-0.23","-0.34","N/A","N/A","N/A","8-10-0","0.444"
"8100","Grayson Robotics","3092","18.2","1424","1431","6.3","6.1","5.7","-0.02","-0.24","-0.34","N/A","N/A","N/A","11-20-0","0.355"
"10682","Robo-Yotes","3093","18.2","1424","1431","9.1","6.5","2.6","0.06","-0.24","-0.34","N/A","N/A","N/A","5-14-0","0.263"
"7737","RaptorBotics","3094","18.1","1424","1431","6","9.4","2.7","0.05","-0.23","-0.34","N/A","N/A","N/A","2-7-0","0.222"
"8815","Barnstormers","3095","18.1","1424","1431","4.6","9.3","4.3","-0.03","-0.18","-0.34","N/A","N/A","N/A","14-16-0","0.467"
"4568","Robot Commander","3096","18.1","1424","1431","5.8","7.5","4.9","0.01","-0.24","-0.34","N/A","N/A","N/A","9-15-0","0.375"
"4597","SABERBOTS","3097","18.1","1424","1431","4.8","10","3.4","0.03","-0.24","-0.34","N/A","N/A","N/A","12-17-0","0.414"
"3680","Elemental Dragons","3098","18","1423","1431","3.4","10.1","4.6","-0.04","-0.24","-0.34","N/A","N/A","N/A","14-17-0","0.452"
"3673","C.Y.B.O.R.G. Seagulls","3099","18","1423","1431","6.5","4.2","7.3","-0.08","-0.24","-0.34","N/A","N/A","N/A","13-16-0","0.448"
"9579","Tech Devils","3100","18","1423","1431","5.8","9.7","2.5","-0.04","-0.23","-0.34","N/A","N/A","N/A","2-6-0","0.250"
"8561","Cartesian Robotics","3101","18","1423","1431","6.2","9.5","2.3","0.09","-0.23","-0.34","N/A","N/A","N/A","5-9-0","0.357"
"1293","Pandamaniacs","3102","18","1423","1431","5.2","5.5","7.2","-0.2","-0.24","-0.34","N/A","N/A","N/A","15-32-0","0.319"
"6199","E-Hawks - Peñoles","3103","18","1423","1431","3.7","9.8","4.5","-0.06","-0.23","-0.34","N/A","N/A","N/A","7-5-0","0.583"
"1111","Power Hawks Robotics","3104","17.9","1423","1431","9","2.8","6.2","-0.15","-0.19","-0.34","N/A","N/A","N/A","14-22-0","0.389"
"9788","R.A.M.","3105","17.9","1423","1430","3.8","6.3","7.8","-0.15","-0.25","-0.34","N/A","N/A","N/A","19-25-0","0.432"
"3597","Robo-Rangers","3106","17.9","1423","1430","4.6","1.3","11.9","-0.23","-0.1","-0.34","N/A","N/A","N/A","18-31-0","0.367"
"11090","Kronos","3107","17.9","1423","1430","8.8","11.3","-2.2","0.03","-0.13","-0.34","N/A","N/A","N/A","4-4-0","0.500"
"3300","Midwest WARRIORS","3108","17.8","1423","1430","4","6.9","6.9","0.14","-0.23","-0.34","N/A","N/A","N/A","1-8-0","0.111"
"3719","STEM Whalers","3109","17.8","1423","1430","2","11.3","4.5","0.12","-0.24","-0.34","N/A","N/A","N/A","8-16-0","0.333"
"7431","Wingspan","3110","17.8","1422","1430","6.6","6.6","4.6","0.1","-0.15","-0.34","N/A","N/A","N/A","3-13-1","0.206"
"4711","The Flying Aces","3111","17.7","1422","1430","3","5.2","9.6","0.04","-0.18","-0.34","N/A","N/A","N/A","9-17-0","0.346"
"11389","ŞAL RoboRage","3112","17.7","1422","1430","7.4","11.6","-1.3","0","-0.17","-0.34","N/A","N/A","N/A","3-6-0","0.333"
"2914","TIGER PRIDE","3113","17.7","1422","1430","7.9","5.2","4.5","0.07","-0.24","-0.34","N/A","N/A","N/A","11-14-0","0.440"
"2927","NEST Robotics","3114","17.6","1422","1430","7.3","5.6","4.7","0","-0.16","-0.34","N/A","N/A","N/A","8-16-0","0.333"
"7452","Dupo Tigers","3115","17.6","1422","1430","4.9","9","3.7","0.05","-0.23","-0.34","N/A","N/A","N/A","4-6-0","0.400"
"11288","Trident Force","3116","17.6","1422","1430","1.8","10.4","5.4","0","-0.23","-0.34","N/A","N/A","N/A","3-4-0","0.429"
"5933","JudgeMent Call Robotics","3117","17.5","1421","1429","7.6","5.4","4.5","0.01","-0.23","-0.34","N/A","N/A","N/A","9-10-0","0.474"
"5162","The Big Red Theory","3118","17.5","1421","1429","5.5","8","4.1","0.05","-0.24","-0.34","N/A","N/A","N/A","9-15-0","0.375"
"9073","Skol Robotics","3119","17.5","1421","1429","5.2","8.8","3.5","0.09","-0.24","-0.34","N/A","N/A","N/A","6-8-0","0.429"
"1915","Firebird Robotics","3120","17.4","1421","1429","5.3","8","4.1","0.1","-0.24","-0.34","N/A","N/A","N/A","9-16-0","0.360"
"8705","Sci Tech FRC","3121","17.4","1421","1429","13.4","-0.7","4.8","0.08","-0.23","-0.23","N/A","N/A","N/A","2-6-0","0.250"
"9415","Westinghouse Robotics","3122","17.4","1421","1429","2.7","9.1","5.6","0.01","-0.23","-0.34","N/A","N/A","N/A","3-5-0","0.375"
"10017","GPS Robotics","3123","17.4","1421","1429","5.9","10.5","1.1","0","-0.23","-0.34","N/A","N/A","N/A","1-7-0","0.125"
"10064","HanniBal","3124","17.4","1421","1429","5.5","7","5","0.02","-0.25","-0.34","N/A","N/A","N/A","9-17-0","0.346"
"10159","PHS MAC-ros","3125","17.4","1421","1429","4","3.5","9.9","0.05","-0.23","-0.34","N/A","N/A","N/A","3-6-0","0.333"
"10621","Crusaders","3126","17.4","1421","1429","5.5","3.8","8.2","0.03","-0.23","-0.34","N/A","N/A","N/A","5-4-0","0.556"
"4717","Westerner Robotics","3127","17.4","1421","1429","6.9","4.8","5.7","0.11","-0.17","-0.34","N/A","N/A","N/A","9-18-0","0.333"
"9682","Norway Robotics","3128","17.4","1421","1429","4.5","5.8","7.1","0.1","-0.24","-0.34","N/A","N/A","N/A","8-16-0","0.333"
"9040","Sunset Robo Knights","3129","17.3","1421","1429","7.7","4.4","5.3","0.06","-0.23","-0.34","N/A","N/A","N/A","2-7-1","0.250"
"10388","The Iron Wolverine Angels","3130","17.3","1421","1429","4","6.5","6.9","-0.21","-0.24","-0.34","N/A","N/A","N/A","17-25-0","0.405"
"5613","ThunderDogs","3131","17.3","1421","1429","1.7","8","7.6","0.1","-0.24","-0.34","N/A","N/A","N/A","9-20-0","0.310"
"2197","Las Pumas","3132","17.3","1420","1429","7.8","3.4","6.1","0.2","-0.24","-0.34","N/A","N/A","N/A","10-16-0","0.385"
"1027","Mechatronic Maniacs","3133","17.2","1420","1429","5.3","6.8","5.1","-0.06","-0.12","-0.34","N/A","N/A","N/A","9-15-0","0.375"
"2169","KING TeC","3134","17.2","1420","1429","4.4","10.3","2.5","-0.31","-0.27","-0.34","2026mil","Milstein Division","8","18-20-0","0.474"
"5732","ROBOTIGERS","3135","17.2","1420","1429","7.5","7.9","1.8","-0.03","-0.17","-0.34","N/A","N/A","N/A","14-17-0","0.452"
"7058","StrathDroids","3136","17.2","1420","1429","7.4","4.4","5.4","0.12","-0.18","-0.34","N/A","N/A","N/A","9-15-0","0.375"
"2840","PCDS Blue Tide","3137","17.2","1420","1429","4.7","10.1","2.4","0.13","-0.23","-0.34","N/A","N/A","N/A","5-4-0","0.556"
"11461","SW Phoenix","3138","17.2","1420","1429","6.5","6.1","4.7","-0.06","-0.24","-0.34","N/A","N/A","N/A","7-17-0","0.292"
"8431","Robo-Knights","3139","17.2","1420","1429","6.1","6.8","4.4","0.12","-0.24","-0.34","N/A","N/A","N/A","9-15-0","0.375"
"8787","Mavericks","3140","17.2","1420","1428","5.2","6.5","5.5","-0.03","-0.23","-0.34","N/A","N/A","N/A","4-6-0","0.400"
"10393","Foxborough High School","3141","17.2","1420","1428","8","7.4","1.8","0.13","-0.2","-0.34","N/A","N/A","N/A","11-16-0","0.407"
"11275","Defenders 1","3142","17.2","1420","1428","7.1","6.7","3.4","0.04","-0.23","-0.34","N/A","N/A","N/A","3-7-0","0.300"
"4083","The Legendary Iron Wolverines","3143","17.2","1420","1428","5.2","5","7","-0.22","-0.24","-0.34","N/A","N/A","N/A","14-25-0","0.359"
"2973","Mad Rockers","3144","17.1","1420","1428","4.3","4","8.8","0","-0.23","-0.34","N/A","N/A","N/A","1-9-0","0.100"
"10392","Brawley Robocats","3145","17.1","1420","1428","4.3","13.8","-1","0.03","-0.23","-0.34","N/A","N/A","N/A","8-5-0","0.615"
"9554","Portage Pythons","3146","17.1","1420","1428","2.3","6.9","7.9","0.03","-0.24","-0.34","N/A","N/A","N/A","11-17-0","0.393"
"2657","Team Thundercats","3147","17.1","1420","1428","6.7","7.1","3.3","-0.05","-0.24","-0.34","N/A","N/A","N/A","9-18-0","0.333"
"9121","Mavericks","3148","17.1","1420","1428","4.9","7.3","4.9","-0.11","-0.24","-0.34","N/A","N/A","N/A","10-20-0","0.333"
"7474","JXN United","3149","17.1","1419","1428","4.7","11.3","1","0.19","-0.23","-0.34","N/A","N/A","N/A","4-5-0","0.444"
"7091","KnightOwls","3150","17","1419","1428","5.3","2.8","8.9","0.14","-0.24","-0.34","N/A","N/A","N/A","8-16-0","0.333"
"11146","CitrusDuckz","3151","17","1419","1428","10.4","7","-0.4","-0.27","-0.18","-0.34","N/A","N/A","N/A","18-23-0","0.439"
"11235","Golden Ratio","3152","17","1419","1428","5.7","10.8","0.5","0.05","-0.23","-0.34","N/A","N/A","N/A","5-5-0","0.500"
"11423","Team IIA","3153","17","1419","1428","3.2","5.4","8.4","0.07","-0.24","-0.34","N/A","N/A","N/A","11-14-0","0.440"
"9304","legend's","3154","17","1419","1428","3.7","9.1","4.2","0.05","-0.22","-0.33","N/A","N/A","N/A","0-0-0","0.000"
"7813","New Haven RoboRaptors","3155","17","1419","1428","4.9","10.7","1.4","0.07","-0.24","-0.34","N/A","N/A","N/A","8-15-1","0.354"
"9761","LSMSA Robotics","3156","17","1419","1428","5.6","6.2","5.2","0.04","-0.23","-0.34","N/A","N/A","N/A","1-7-0","0.125"
"2550","Skynet","3157","17","1419","1428","6.4","3.7","6.8","0.07","-0.24","-0.34","N/A","N/A","N/A","5-21-0","0.192"
"10356","Capitech","3158","17","1419","1428","3.2","8.6","5.2","0.07","-0.23","-0.34","N/A","N/A","N/A","3-6-0","0.333"
"4579","RoboEagles","3159","16.9","1419","1428","2.3","8.8","5.9","-0.01","-0.24","-0.34","N/A","N/A","N/A","7-17-0","0.292"
"3482","Arrowbotics","3160","16.9","1419","1428","1.4","8.9","6.6","0.07","-0.24","-0.34","N/A","N/A","N/A","7-17-0","0.292"
"8737","Rocket Rampage#8737","3161","16.9","1419","1428","8.3","5","3.6","0.05","-0.23","-0.34","N/A","N/A","N/A","3-5-0","0.375"
"11167","Team Titan","3162","16.9","1419","1428","14.5","-0.4","2.8","-0.32","-0.3","-0.34","2026cur","Curie Division","8","24-31-0","0.436"
"9132","Roborsa Başakşehir","3163","16.9","1419","1428","8.4","5.1","3.3","-0.02","-0.23","-0.34","N/A","N/A","N/A","7-9-1","0.441"
"10181","ProtoWarriors","3164","16.9","1419","1428","5.6","4.7","6.6","0.08","-0.24","-0.34","N/A","N/A","N/A","13-17-0","0.433"
"2604","Metal and Soul","3165","16.8","1419","1428","7","4","5.8","0.03","-0.24","-0.34","N/A","N/A","N/A","7-17-0","0.292"
"9034","The Space Dolphins","3166","16.8","1419","1428","8.2","6.2","2.4","0.06","-0.17","-0.34","N/A","N/A","N/A","11-16-0","0.407"
"11188","SAR Dynamics","3167","16.8","1419","1428","4.6","5.7","6.6","-0.12","-0.23","-0.34","N/A","N/A","N/A","2-8-0","0.200"
"5726","RHUMBOTZ","3168","16.8","1419","1427","5.2","9.3","2.4","0.02","-0.24","-0.34","N/A","N/A","N/A","16-13-0","0.552"
"4383","The P-TECH Fly-Bots","3169","16.8","1418","1427","6.7","8","2.1","0.05","-0.23","-0.34","N/A","N/A","N/A","2-6-0","0.250"
"7570","New Tech","3170","16.8","1418","1427","3.7","7.5","5.6","0.13","-0.23","-0.34","N/A","N/A","N/A","2-8-0","0.200"
"10950","The Northern Knights","3171","16.8","1418","1427","6.8","2","8.1","-0.24","-0.3","-0.34","2026mil","Milstein Division","8","13-13-0","0.500"
"1793","The Aviators","3172","16.8","1418","1427","4.8","10","2","0.01","-0.24","-0.34","N/A","N/A","N/A","8-16-0","0.333"
"11161","SkyForge Griffins","3173","16.7","1418","1427","5","10.8","0.9","-0.09","-0.24","-0.34","N/A","N/A","N/A","10-14-0","0.417"
"9438","Leopard Tech","3174","16.7","1418","1427","5.6","5.4","5.7","0.03","-0.25","-0.34","N/A","N/A","N/A","23-20-1","0.534"
"11491","Bloomingdale Cardinals","3175","16.7","1418","1427","9","5.6","2.1","0.05","-0.24","-0.34","N/A","N/A","N/A","9-15-0","0.375"
"10141","Turing Robotics","3176","16.7","1418","1427","6.3","6.5","3.9","-0.13","-0.23","-0.34","N/A","N/A","N/A","8-9-0","0.471"
"10549","Robocretors Team","3177","16.7","1418","1427","3.8","10.2","2.7","0.04","-0.23","-0.34","N/A","N/A","N/A","2-5-0","0.286"
"9720","Metal Head Robotics","3178","16.7","1418","1427","2.9","7.5","6.3","0.09","-0.23","-0.34","N/A","N/A","N/A","3-6-0","0.333"
"9474","Red River Resistance (3R)","3179","16.7","1418","1427","6.5","6.9","3.3","0.06","-0.23","-0.34","N/A","N/A","N/A","5-5-0","0.500"
"10981","Jo-Bees","3180","16.7","1418","1427","4.9","4.6","7.1","0.02","-0.17","-0.34","N/A","N/A","N/A","7-10-0","0.412"
"4371","Prepa Tecmilenio - ART","3181","16.6","1418","1427","5.4","6.3","4.9","0.02","-0.23","-0.34","N/A","N/A","N/A","3-7-0","0.300"
"8263","Robin","3182","16.6","1418","1427","4.7","8.1","3.8","0.11","-0.25","-0.34","N/A","N/A","N/A","5-5-0","0.500"
"8188","Grand Force","3183","16.6","1418","1427","10.3","4.4","1.9","-0.01","-0.23","-0.34","N/A","N/A","N/A","5-13-0","0.278"
"4364","Metal Jackets","3184","16.6","1417","1427","5.7","5.4","5.5","0.06","-0.24","-0.34","N/A","N/A","N/A","9-15-0","0.375"
"7496","Robo Indians","3185","16.5","1417","1427","5.7","8","2.8","0.06","-0.23","-0.34","N/A","N/A","N/A","1-10-0","0.091"
"7125","Tigerbotics","3186","16.5","1417","1427","8.2","8.6","-0.2","-0.1","-0.24","-0.34","N/A","N/A","N/A","7-17-0","0.292"
"10529","BATS","3187","16.5","1417","1427","4.7","9.6","2.2","-0.02","-0.23","-0.34","N/A","N/A","N/A","4-6-0","0.400"
"3577","Saint's Robotics","3188","16.5","1417","1427","7.7","3.3","5.5","0.17","-0.23","-0.34","N/A","N/A","N/A","5-5-0","0.500"
"6908","Infuzed","3189","16.5","1417","1427","6.8","5.9","3.8","0.01","-0.24","-0.34","N/A","N/A","N/A","12-20-0","0.375"
"10650","Robonoles Robotics Team","3190","16.5","1417","1427","2.2","11","3.3","0.01","-0.23","-0.34","N/A","N/A","N/A","3-5-0","0.375"
"11257","Hi-Sac","3191","16.5","1417","1427","9.4","3.1","4.1","0","-0.23","-0.34","N/A","N/A","N/A","2-9-0","0.182"
"5282","Railroader Robotics","3192","16.5","1417","1427","9.9","7.1","-0.6","0","-0.24","-0.34","N/A","N/A","N/A","8-16-0","0.333"
"9218","Alpha #9218","3193","16.4","1417","1427","2.3","13.1","1.1","-0.08","-0.23","-0.34","N/A","N/A","N/A","5-5-0","0.500"
"4653","Ironmen Robotics","3194","16.4","1417","1426","7.2","6.4","2.8","0.06","-0.24","-0.34","N/A","N/A","N/A","10-18-0","0.357"
"9005","Avian Robotics","3195","16.4","1417","1426","5","7.5","3.9","-0.03","-0.24","-0.34","N/A","N/A","N/A","21-30-0","0.412"
"4990","Basement Bots","3196","16.4","1417","1426","4.4","4.5","7.5","-0.03","-0.06","-0.34","N/A","N/A","N/A","18-26-0","0.409"
"3234","Red Arrows","3197","16.4","1417","1426","4.1","8.4","3.9","0.04","-0.25","-0.34","N/A","N/A","N/A","9-15-0","0.375"
"6016","Tiger Robotics","3198","16.4","1417","1426","4.2","7.1","5.1","0.01","-0.24","-0.34","N/A","N/A","N/A","14-15-0","0.483"
"7855","Chronic Robophobia","3199","16.4","1417","1426","0.8","8.9","6.8","-0.05","-0.24","-0.34","N/A","N/A","N/A","11-17-0","0.393"
"7443","Jag-Wires","3200","16.4","1417","1426","4.5","7","4.9","0.07","-0.24","-0.34","N/A","N/A","N/A","9-18-0","0.333"
"5197","Northwestern High","3201","16.4","1417","1426","6.9","6","3.5","-0.01","-0.24","-0.34","N/A","N/A","N/A","11-13-0","0.458"
"7198","Fearsome Gears","3202","16.3","1417","1426","6.7","2.4","7.3","0.02","-0.24","-0.34","N/A","N/A","N/A","10-21-0","0.323"
"9727","Warrior Robotics","3203","16.3","1417","1426","7.8","2.4","6.2","0.04","-0.24","-0.34","N/A","N/A","N/A","9-15-0","0.375"
"3204","Steampunk Penguins","3204","16.3","1416","1426","5","4.2","7.1","-0.11","-0.16","-0.34","N/A","N/A","N/A","8-12-0","0.400"
"5871","Chickadees","3205","16.3","1416","1426","9.3","5.8","1.2","0.1","-0.23","-0.34","N/A","N/A","N/A","7-5-0","0.583"
"10384","Sparkanovas","3206","16.2","1416","1426","6.2","6.4","3.6","0.1","-0.24","-0.34","N/A","N/A","N/A","9-11-0","0.450"
"9214","Honking Narwhals","3207","16.2","1416","1426","4.9","7.4","3.8","0.05","-0.24","-0.34","N/A","N/A","N/A","7-17-0","0.292"
"6098","bIrobot","3208","16.2","1416","1426","6","4.6","5.6","-0.02","-0.24","-0.34","N/A","N/A","N/A","7-19-0","0.269"
"5214","The Mighty CavBots","3209","16.2","1416","1426","6.9","6.2","3.1","0.09","-0.24","-0.34","N/A","N/A","N/A","8-16-0","0.333"
"10587","Windover Wing Nuts","3210","16.1","1416","1426","4.8","4.4","6.9","0.05","-0.24","-0.34","N/A","N/A","N/A","10-14-0","0.417"
"6113","M.A.R.C. 1","3211","16.1","1416","1426","6","8.1","2.1","-0.03","-0.24","-0.34","N/A","N/A","N/A","4-20-0","0.167"
"10366","Builder Bears","3212","16.1","1416","1426","4.2","3.4","8.5","0.11","-0.24","-0.34","N/A","N/A","N/A","8-16-0","0.333"
"9617","Metal Knight","3213","16.1","1416","1426","4.8","8.8","2.5","-0.01","-0.23","-0.34","N/A","N/A","N/A","4-5-0","0.444"
"4166","Robostang","3214","16.1","1416","1426","6.4","6.9","2.8","0","-0.24","-0.34","N/A","N/A","N/A","6-15-0","0.286"
"5467","RoboTractors","3215","16.1","1416","1426","6.8","7.2","2.1","0.06","-0.25","-0.34","N/A","N/A","N/A","9-15-0","0.375"
"8041","Lake City Ultrabots","3216","16.1","1416","1426","4.7","9.7","1.7","0.08","-0.24","-0.34","N/A","N/A","N/A","11-15-0","0.423"
"3473","Team Sprocket","3217","16.1","1415","1426","6.3","6.4","3.4","-0.01","-0.24","-0.34","N/A","N/A","N/A","6-17-0","0.261"
"7576","FMWill","3218","16","1415","1425","4.7","9","2.3","-0.02","-0.12","-0.34","N/A","N/A","N/A","9-18-0","0.333"
"884","Mechanical Mules","3219","16","1415","1425","2.9","4.7","8.3","0.05","-0.23","-0.34","N/A","N/A","N/A","3-6-0","0.333"
"11457","INVEST","3220","16","1415","1425","5.4","4.6","6","0.06","-0.24","-0.34","N/A","N/A","N/A","10-14-0","0.417"
"5929","Raider Robotics","3221","16","1415","1425","6.1","6.4","3.5","0.08","-0.23","-0.34","N/A","N/A","N/A","9-10-0","0.474"
"9573","MarauderTech","3222","16","1415","1425","5.3","8.3","2.4","0.06","-0.24","-0.34","N/A","N/A","N/A","5-19-0","0.208"
"1785","Blue Springs Robocats","3223","16","1415","1425","5.1","2.8","8.1","0.04","-0.24","-0.34","N/A","N/A","N/A","11-20-0","0.355"
"8732","Trinity Force","3224","16","1415","1425","5.5","8.2","2.3","-0.03","-0.24","-0.34","N/A","N/A","N/A","13-16-0","0.448"
"6822","THE SHISHKABOTS","3225","15.9","1415","1425","4.1","2.1","9.7","0.12","-0.13","-0.34","N/A","N/A","N/A","9-19-0","0.321"
"7886","Cadet Robotics","3226","15.9","1415","1425","6.9","1.4","7.6","0.04","-0.24","-0.34","N/A","N/A","N/A","13-17-0","0.433"
"9611","SESI SENAI SC CyberRain","3227","15.9","1415","1425","7.2","6.5","2.2","0.05","-0.23","-0.34","N/A","N/A","N/A","9-13-0","0.409"
"9182","Tech Tr1be","3228","15.9","1415","1425","2.7","5.9","7.3","0.02","-0.24","-0.34","N/A","N/A","N/A","10-21-0","0.323"
"7718","HVPA Dragons","3229","15.9","1415","1425","0.7","11.2","3.9","-0.01","-0.23","-0.34","N/A","N/A","N/A","6-12-0","0.333"
"9080","ENIGMA","3230","15.8","1414","1425","0.1","12","3.8","0.08","-0.24","-0.34","N/A","N/A","N/A","10-17-0","0.370"
"9157","Iconic Panthers","3231","15.8","1414","1425","3.9","8","3.9","0.07","-0.23","-0.34","N/A","N/A","N/A","4-6-0","0.400"
"430","MORT GAMMA","3232","15.8","1414","1425","6.3","6.1","3.4","0.04","-0.24","-0.34","N/A","N/A","N/A","9-18-0","0.333"
"9561","Dawson Dinos","3233","15.8","1414","1425","0.2","7","8.7","-0.02","-0.24","-0.34","N/A","N/A","N/A","15-17-0","0.469"
"9651","Ecorse Robo Raiders","3234","15.8","1414","1425","6.1","7.8","2","-0.01","-0.18","-0.34","N/A","N/A","N/A","10-18-0","0.357"
"3537","Delta Force","3235","15.8","1414","1425","4.8","6.2","4.8","-0.03","-0.24","-0.34","N/A","N/A","N/A","8-16-0","0.333"
"7177","Turismo","3236","15.8","1414","1425","3.4","8.4","3.9","0.04","-0.22","-0.33","N/A","N/A","N/A","0-0-0","0.000"
"8899","CyberEagles","3237","15.7","1414","1425","5.3","6.6","3.8","-0.04","-0.24","-0.34","N/A","N/A","N/A","9-15-0","0.375"
"4652","Ironmen 2","3238","15.7","1414","1424","4.1","4.1","7.5","0.05","-0.24","-0.34","N/A","N/A","N/A","10-14-0","0.417"
"7534","Dragonflies","3239","15.7","1414","1424","0.6","5.9","9.1","0.03","-0.23","-0.34","N/A","N/A","N/A","4-8-0","0.333"
"10995","ACS Eagle Robotics","3240","15.6","1414","1424","8","4.3","3.3","-0.05","-0.24","-0.34","N/A","N/A","N/A","11-17-0","0.393"
"10000","Neutron Star","3241","15.6","1414","1424","4.4","5.8","5.4","0.06","-0.23","-0.34","N/A","N/A","N/A","3-4-0","0.429"
"10471","Gamarobotics","3242","15.6","1414","1424","2.5","8","5.1","0.18","-0.23","-0.34","N/A","N/A","N/A","4-5-0","0.444"
"9445","The Brave Bots","3243","15.6","1413","1424","6.9","2.5","6.3","0.1","-0.19","-0.34","N/A","N/A","N/A","8-16-0","0.333"
"7777","Septobots","3244","15.6","1413","1424","1.3","11.1","3.2","-0.03","-0.25","-0.34","N/A","N/A","N/A","10-17-0","0.370"
"8130","Absegami Robotics","3245","15.5","1413","1424","7.7","5.9","1.9","0.11","-0.24","-0.34","N/A","N/A","N/A","8-16-0","0.333"
"8266","Owlbot - Peñoles","3246","15.5","1413","1424","4.1","5.3","6.1","0.17","-0.23","-0.34","N/A","N/A","N/A","5-5-0","0.500"
"203","SOUPERBOTS","3247","15.5","1413","1424","7.1","5.4","3","-0.01","-0.24","-0.34","N/A","N/A","N/A","6-18-0","0.250"
"11371","Odyssey","3248","15.5","1413","1424","4.6","8.9","2","0.04","-0.24","-0.34","N/A","N/A","N/A","8-11-0","0.421"
"8891","Wild Raccoons","3249","15.5","1413","1424","7","2.1","6.4","0.01","-0.19","-0.34","N/A","N/A","N/A","10-19-0","0.345"
"11380","CECYBOTS - Peñoles","3250","15.5","1413","1424","3.4","12.2","-0.1","0.04","-0.23","-0.34","N/A","N/A","N/A","7-5-0","0.583"
"11174","Danes Robotics","3251","15.4","1413","1424","5.9","5.7","3.9","-0.06","-0.26","-0.34","N/A","N/A","N/A","20-23-0","0.465"
"435","Robodogs","3252","15.4","1413","1424","6.3","6.1","3","-0.09","-0.24","-0.34","N/A","N/A","N/A","12-13-1","0.481"
"6961","SIbots","3253","15.4","1413","1424","7.5","4.5","3.4","-0.12","-0.24","-0.34","N/A","N/A","N/A","12-15-0","0.444"
"10146","ROBIS","3254","15.4","1413","1424","4.3","10.2","0.9","0.04","-0.13","-0.34","N/A","N/A","N/A","5-6-1","0.458"
"9031","Wildbots","3255","15.4","1413","1424","7.6","5.6","2.2","0.09","-0.2","-0.34","N/A","N/A","N/A","6-15-0","0.286"
"9703","Q_Bots","3256","15.4","1412","1424","6.1","5.2","4.1","0.05","-0.24","-0.34","N/A","N/A","N/A","9-18-0","0.333"
"7030","The ROBOlympians","3257","15.4","1412","1424","7.7","7.8","-0.2","0.11","-0.23","-0.34","N/A","N/A","N/A","5-4-0","0.556"
"7272","Envirobots","3258","15.4","1412","1424","11","3.1","1.2","0.19","-0.23","-0.34","N/A","N/A","N/A","4-6-0","0.400"
"10695","Galileo","3259","15.3","1412","1424","3.4","8.2","3.8","0.04","-0.22","-0.33","N/A","N/A","N/A","0-0-0","0.000"
"9521","Humble Rumble","3260","15.3","1412","1424","7.4","5.9","2","0.03","-0.23","-0.34","N/A","N/A","N/A","3-9-0","0.250"
"10185","Nexify Robotics","3261","15.3","1412","1423","0.8","6.1","8.3","-0.06","-0.23","-0.34","N/A","N/A","N/A","4-5-0","0.444"
"4225","RoboCats","3262","15.3","1412","1423","2.7","2.8","9.8","0.02","-0.23","-0.34","N/A","N/A","N/A","4-5-0","0.444"
"9672","Colon Magi Robotics","3263","15.3","1412","1423","6.4","6","2.9","0.09","-0.24","-0.34","N/A","N/A","N/A","10-14-0","0.417"
"9020","MCT Galatasaray Robotics","3264","15.3","1412","1423","6.3","5","4","0.05","-0.24","-0.34","N/A","N/A","N/A","6-11-0","0.353"
"10929","Tarpon Robotics","3265","15.3","1412","1423","5.6","7.6","2.1","0.11","-0.24","-0.34","N/A","N/A","N/A","9-8-0","0.529"
"545","ROBO-DAWGS","3266","15.2","1412","1423","5.4","5.9","3.9","0.05","-0.23","-0.34","N/A","N/A","N/A","4-5-0","0.444"
"4459","LeoTechs","3267","15.2","1412","1423","6.7","6.8","1.8","0.09","-0.24","-0.34","N/A","N/A","N/A","13-14-0","0.481"
"7479","Cardinal Robotics","3268","15.2","1412","1423","3.8","4.5","6.9","0.11","-0.23","-0.34","N/A","N/A","N/A","4-6-0","0.400"
"2662","RoboKrew","3269","15.2","1412","1423","4.5","5.9","4.9","-0.1","-0.23","-0.34","N/A","N/A","N/A","2-7-0","0.222"
"6712","Mountaineers","3270","15.2","1412","1423","8.9","4.8","1.5","0.02","-0.17","-0.34","N/A","N/A","N/A","9-17-0","0.346"
"6768","Denison Robo-Jackets","3271","15.2","1412","1423","4.4","10.7","0","-0.05","-0.23","-0.34","N/A","N/A","N/A","7-5-0","0.583"
"2518","Spartan Robotics","3272","15.2","1412","1423","3.7","3.2","8.2","-0.02","-0.23","-0.34","N/A","N/A","N/A","2-8-0","0.200"
"6064","IstanBULLS","3273","15.2","1412","1423","6.6","6.6","1.9","-0.03","-0.23","-0.34","N/A","N/A","N/A","5-9-0","0.357"
"9439","Knights of Polaris","3274","15.1","1411","1423","3.7","7.8","3.7","0.11","-0.23","-0.34","N/A","N/A","N/A","5-7-0","0.417"
"5835","Sage Hill Robotics","3275","15","1411","1423","4.2","5.3","5.5","-0.03","-0.24","-0.34","N/A","N/A","N/A","8-15-0","0.348"
"8714","Robo Griffins'","3276","15","1411","1423","2.9","5.7","6.4","-0.09","-0.24","-0.34","N/A","N/A","N/A","11-16-0","0.407"
"2180","Zero Gravity","3277","15","1411","1423","5.5","4","5.5","-0.02","-0.24","-0.34","N/A","N/A","N/A","6-18-0","0.250"
"9289","Vikings","3278","15","1411","1423","8.2","1","5.7","0.1","-0.24","-0.34","N/A","N/A","N/A","8-22-0","0.267"
"9696","Hamichanics","3279","15","1411","1423","6.6","9.2","-0.9","0.05","-0.18","-0.34","N/A","N/A","N/A","8-15-0","0.348"
"772","Sabre Bytes Robotics","3280","14.9","1411","1423","7.4","3.8","3.8","-0.48","-0.19","-0.34","2026joh","Johnson Division","8","25-31-0","0.446"
"816","Anomaly","3281","14.9","1411","1423","3.7","5.3","6","-0.18","-0.24","-0.34","N/A","N/A","N/A","10-14-0","0.417"
"9453","Mount Vernon Wildcats","3282","14.9","1411","1423","6.5","5.7","2.7","0.1","-0.24","-0.34","N/A","N/A","N/A","9-20-0","0.310"
"6910","Mill Creek Steel Talons","3283","14.9","1411","1422","8","2.2","4.7","-0.2","-0.25","-0.34","N/A","N/A","N/A","17-24-0","0.415"
"6101","Strange Quarks","3284","14.9","1410","1422","5.4","5.6","3.9","-0.05","-0.24","-0.34","N/A","N/A","N/A","8-16-0","0.333"
"8795","The Chaotics","3285","14.9","1410","1422","3.9","4.6","6.4","0.05","-0.23","-0.34","N/A","N/A","N/A","4-7-0","0.364"
"9071","SlicerTech","3286","14.9","1410","1422","1.6","8.2","5","-0.12","-0.24","-0.34","N/A","N/A","N/A","8-16-0","0.333"
"10180","ÇOROBOT","3287","14.9","1410","1422","-2.3","9.3","7.8","0.1","-0.23","-0.34","N/A","N/A","N/A","6-5-0","0.545"
"6350","Clawbots","3288","14.9","1410","1422","5.8","5.9","3.1","0.14","-0.24","-0.34","N/A","N/A","N/A","9-15-0","0.375"
"617","Enginerds","3289","14.8","1410","1422","4.4","5.2","5.2","0.03","-0.24","-0.34","N/A","N/A","N/A","10-18-0","0.357"
"2574","RoboHuskie","3290","14.8","1410","1422","8.7","9.6","-3.4","-0.03","-0.24","-0.34","N/A","N/A","N/A","8-14-0","0.364"
"6072","Triton Tech 6072","3291","14.8","1410","1422","2.7","6.2","6","-0.11","-0.17","-0.34","N/A","N/A","N/A","8-15-0","0.348"
"547","Falcon Engineering And Robo...","3292","14.8","1410","1422","3.1","12.6","-0.9","0.05","-0.23","-0.34","N/A","N/A","N/A","3-7-0","0.300"
"9459","SESI SENAI RPRT HAWKS","3293","14.8","1410","1422","8.3","-3.2","9.7","0.02","-0.23","-0.34","N/A","N/A","N/A","11-10-0","0.524"
"11031","Golden STEAMex","3294","14.8","1410","1422","4.7","9.1","1","-0.07","-0.23","-0.34","N/A","N/A","N/A","4-6-0","0.400"
"8591","Archangels","3295","14.8","1410","1422","3.3","0.7","10.8","0.03","-0.23","-0.23","N/A","N/A","N/A","4-8-0","0.333"
"9125","Mechanical Magicians","3296","14.7","1409","1422","4.9","8.4","1.3","-0.05","-0.2","-0.34","N/A","N/A","N/A","8-16-0","0.333"
"11105","GC 4 Tomorrow","3297","14.7","1409","1422","5","7.2","2.5","-0.01","-0.23","-0.34","N/A","N/A","N/A","5-14-0","0.263"
"10138","VikingBot","3298","14.6","1409","1422","5.6","5.9","3.1","-0.06","-0.2","-0.34","N/A","N/A","N/A","6-18-0","0.250"
"1280","Ragin' C-Biscuits","3299","14.6","1409","1422","5","5.2","4.5","-0.02","-0.14","-0.34","N/A","N/A","N/A","15-18-0","0.455"
"9305","MonT","3300","14.6","1409","1422","4.9","7.1","2.6","-0.04","-0.23","-0.34","N/A","N/A","N/A","3-6-0","0.333"
"10411","G-Code Generals","3301","14.6","1409","1422","4.2","2.6","7.8","0.05","-0.24","-0.34","N/A","N/A","N/A","7-17-0","0.292"
"9048","SESI/SENAI P0T1BAT (Potibat)","3302","14.6","1409","1422","2.9","8.7","3.1","0.14","-0.23","-0.34","N/A","N/A","N/A","3-6-0","0.333"
"9473","CYGNUS ROBOTICS","3303","14.6","1409","1422","2.7","4.8","7.1","-0.02","-0.23","-0.34","N/A","N/A","N/A","7-8-0","0.467"
"3024","My Favorite Team","3304","14.6","1409","1422","3.6","8.2","2.8","0.04","-0.24","-0.34","N/A","N/A","N/A","9-15-0","0.375"
"11107","FARMBots","3305","14.6","1409","1421","6.3","7.4","0.8","-0.02","-0.23","-0.34","N/A","N/A","N/A","2-7-0","0.222"
"9582","HHS NASA Snaggbotics","3306","14.6","1409","1421","3","5.8","5.7","0.02","-0.24","-0.34","N/A","N/A","N/A","7-18-0","0.280"
"5493","SMAbotics","3307","14.5","1409","1421","5.6","6.3","2.7","0.05","-0.14","-0.34","N/A","N/A","N/A","9-13-0","0.409"
"9116","The Canucks & Bolts","3308","14.5","1409","1421","4.4","7.3","2.9","0.05","-0.24","-0.34","N/A","N/A","N/A","9-19-0","0.321"
"9534","Wolves Robotics (Basic HS)","3309","14.5","1409","1421","3.9","7.5","3.2","0.12","-0.24","-0.34","N/A","N/A","N/A","5-14-0","0.263"
"10905","Team LOVE","3310","14.5","1409","1421","2.3","7.2","5.1","0.1","-0.24","-0.34","N/A","N/A","N/A","7-11-1","0.395"
"9043","Valkyrie","3311","14.5","1409","1421","5.8","3.8","4.9","0.14","-0.14","-0.34","N/A","N/A","N/A","8-11-0","0.421"
"9046","SESI SENAI BBTECH","3312","14.5","1408","1421","4.2","3.4","6.9","0.06","-0.23","-0.34","N/A","N/A","N/A","2-7-0","0.222"
"10216","QUANTUMBEE","3313","14.4","1408","1421","5.2","0.2","9","0.12","-0.23","-0.34","N/A","N/A","N/A","3-8-0","0.273"
"9770","Victory Church of Christ Ro...","3314","14.4","1408","1421","5.5","3.1","5.8","-0.13","-0.24","-0.34","N/A","N/A","N/A","6-17-1","0.271"
"11247","Alisal High School Robotics...","3315","14.4","1408","1421","6.4","1.5","6.6","0.01","-0.26","-0.34","N/A","N/A","N/A","7-17-0","0.292"
"6916","Iron Thunder","3316","14.4","1408","1421","5","7.8","1.6","0.04","-0.23","-0.34","N/A","N/A","N/A","5-6-0","0.455"
"5560","Central Lake Trobotics","3317","14.4","1408","1421","5.5","7.4","1.5","0","-0.24","-0.34","N/A","N/A","N/A","10-16-0","0.385"
"1954","ElectroBunny","3318","14.4","1408","1421","3.1","7.7","3.6","0.04","-0.22","-0.33","N/A","N/A","N/A","0-0-0","0.000"
"8326","Hopper Robotics","3319","14.4","1408","1421","5.9","7.2","1.2","-0.08","-0.24","-0.34","N/A","N/A","N/A","12-17-0","0.414"
"2239","Technocrats","3320","14.3","1408","1421","7.8","4","2.5","0.09","-0.23","-0.34","N/A","N/A","N/A","12-15-1","0.446"
"8372","HCN Storm","3321","14.3","1408","1421","-0.6","10.4","4.6","0.06","-0.23","-0.34","N/A","N/A","N/A","3-6-0","0.333"
"10607","DAAS Jaguars","3322","14.3","1408","1421","3.7","9.6","1","-0.01","-0.24","-0.34","N/A","N/A","N/A","17-25-0","0.405"
"6401","8-bit RAMs","3323","14.3","1408","1421","7","5.5","1.8","0.07","-0.23","-0.34","N/A","N/A","N/A","5-12-1","0.306"
"3815","NF Raiders","3324","14.3","1408","1421","4.9","6.8","2.5","-0.19","-0.2","-0.34","N/A","N/A","N/A","19-27-1","0.415"
"5490","The Dark Byte","3325","14.3","1408","1421","6.7","4.1","3.4","0.12","-0.24","-0.34","N/A","N/A","N/A","9-15-0","0.375"
"9790","Crypto Creek II","3326","14.3","1408","1421","6.7","5.5","2.1","0.06","-0.24","-0.34","N/A","N/A","N/A","9-16-0","0.360"
"5702","Robotowatomi","3327","14.3","1408","1421","5.9","5.5","2.9","0.11","-0.23","-0.34","N/A","N/A","N/A","3-9-0","0.250"
"11098","MATRIX","3328","14.2","1408","1421","6.3","3.8","4.2","0","-0.13","-0.34","N/A","N/A","N/A","6-7-0","0.462"
"8805","NKST36","3329","14.2","1407","1421","6.2","-0.3","8.3","0.15","-0.14","-0.34","N/A","N/A","N/A","1-9-0","0.100"
"2367","Lancer Robotics","3330","14.2","1407","1421","4.8","6.8","2.6","0.04","-0.27","-0.34","N/A","N/A","N/A","13-16-0","0.448"
"8339","Penticton Robotics","3331","14.2","1407","1420","3.7","8.4","2.1","0.2","-0.23","-0.34","N/A","N/A","N/A","4-6-0","0.400"
"4729","EMU Robotics","3332","14.2","1407","1420","7.4","2.7","4.1","-0.02","-0.24","-0.34","N/A","N/A","N/A","10-10-0","0.500"
"919","PANTHERA TIGRIS","3333","14.1","1407","1420","2.9","6.3","4.9","0","-0.23","-0.34","N/A","N/A","N/A","20-24-0","0.455"
"2441","Spartechs","3334","14.1","1407","1420","2.8","4.1","7.2","0.08","-0.23","-0.34","N/A","N/A","N/A","7-8-0","0.467"
"9002","Falcon Dynamics - Foothill ...","3335","14.1","1407","1420","7.4","12.5","-5.7","0.14","-0.23","-0.34","N/A","N/A","N/A","2-8-0","0.200"
"10300","Obama FRC","3336","14.1","1407","1420","0.7","9.8","3.6","0.06","-0.23","-0.34","N/A","N/A","N/A","3-5-0","0.375"
"7521","ULTIMATE Robotics","3337","14.1","1407","1420","5.9","3.1","5.1","-0.16","-0.24","-0.34","N/A","N/A","N/A","8-16-0","0.333"
"2978","Cavaliers","3338","14","1407","1420","8.4","3.2","2.5","-0.01","-0.23","-0.34","N/A","N/A","N/A","3-6-1","0.350"
"5583","SistamatiK","3339","14","1406","1420","5.7","1.3","7","-0.02","-0.23","-0.34","N/A","N/A","N/A","4-6-0","0.400"
"6079","JET SET","3340","14","1406","1420","4.3","2.3","7.4","0","-0.17","-0.34","N/A","N/A","N/A","14-15-0","0.483"
"11099","Capella Robotics","3341","14","1406","1420","2.4","11.2","0.4","0","-0.23","-0.34","N/A","N/A","N/A","2-9-0","0.182"
"5553","Robo'Lyon","3342","14","1406","1420","6.3","4","3.6","-0.03","-0.23","-0.34","N/A","N/A","N/A","3-10-0","0.231"
"9505","Vyserions","3343","14","1406","1420","7.8","3.9","2.2","-0.07","-0.18","-0.34","N/A","N/A","N/A","9-14-0","0.391"
"7318","Nanuet Knightronz","3344","13.9","1406","1420","3.4","5.7","4.9","-0.08","-0.23","-0.34","N/A","N/A","N/A","3-7-0","0.300"
"11040","Aria STEAMex","3345","13.9","1406","1420","5.2","6.3","2.5","-0.1","-0.23","-0.34","N/A","N/A","N/A","2-7-1","0.250"
"1303","WYOHAZARD","3346","13.9","1406","1420","9.3","1.3","3.3","-0.06","-0.23","-0.34","N/A","N/A","N/A","4-6-0","0.400"
"7035","MEF Thunders","3347","13.9","1406","1420","6.2","8.4","-0.7","0.04","-0.24","-0.34","N/A","N/A","N/A","4-5-0","0.444"
"4179","Tahisco Techs","3348","13.8","1406","1420","-1.5","1","14.3","0.12","-0.23","-0.34","N/A","N/A","N/A","4-6-0","0.400"
"7477","Giddy GOATS","3349","13.8","1406","1420","3.1","4.6","6.2","-0.1","-0.24","-0.34","N/A","N/A","N/A","7-17-0","0.292"
"1982","Cougar Robotics","3350","13.8","1406","1419","6","-0.3","8.1","0.04","-0.24","-0.34","N/A","N/A","N/A","15-17-0","0.469"
"6240","Eagles of the Knight","3351","13.8","1405","1419","3.2","5.7","4.9","-0.03","-0.24","-0.34","N/A","N/A","N/A","4-21-1","0.173"
"7770","Infinite Voltage","3352","13.8","1405","1419","6.1","3.1","4.6","-0.14","-0.24","-0.34","N/A","N/A","N/A","8-16-0","0.333"
"2785","Prometheus","3353","13.7","1405","1419","9.2","7.4","-2.8","0.06","-0.24","-0.34","N/A","N/A","N/A","10-14-0","0.417"
"5478","Pershing Doughbots","3354","13.7","1405","1419","6.6","3.3","3.8","0","-0.24","-0.34","N/A","N/A","N/A","12-17-0","0.414"
"5511","Cortechs Robotics","3355","13.7","1405","1419","4.8","7.2","1.7","-0.13","-0.24","-0.34","N/A","N/A","N/A","10-18-0","0.357"
"5253","Bigfork Backwoods Bots 5253","3356","13.7","1405","1419","3.7","7.8","2.2","-0.01","-0.23","-0.34","N/A","N/A","N/A","5-6-0","0.455"
"10521","ERA Robotics","3357","13.7","1405","1419","5.8","5.5","2.4","-0.05","-0.23","-0.34","N/A","N/A","N/A","3-5-0","0.375"
"1566","AMMOKNIGHTS","3358","13.7","1405","1419","3.2","7.8","2.7","-0.01","-0.17","-0.34","N/A","N/A","N/A","9-13-0","0.409"
"5278","Los Clasicos","3359","13.7","1405","1419","5.4","7","1.3","-0.05","-0.23","-0.34","N/A","N/A","N/A","3-17-0","0.150"
"9706","R^3   (Redwood Ranger Robot...","3360","13.7","1405","1419","4.2","1.1","8.4","0.1","-0.25","-0.34","N/A","N/A","N/A","15-17-0","0.469"
"3291","Au Pirates","3361","13.6","1405","1419","7","7","-0.3","-0.05","-0.23","-0.34","N/A","N/A","N/A","3-7-0","0.300"
"11505","Kensington Woods Robotics","3362","13.6","1405","1419","7","5.1","1.5","0.06","-0.24","-0.34","N/A","N/A","N/A","12-14-0","0.462"
"1585","Scitobor Robotics","3363","13.6","1405","1419","5.9","8.9","-1.3","0.19","-0.23","-0.34","N/A","N/A","N/A","5-4-0","0.556"
"6112","Cyberstangs","3364","13.6","1405","1419","7.1","3.3","3.1","0.05","-0.24","-0.34","N/A","N/A","N/A","8-16-0","0.333"
"5642","Mumford Mechanical Mustangs","3365","13.6","1405","1419","3.5","5.5","4.6","-0.08","-0.24","-0.34","N/A","N/A","N/A","9-15-0","0.375"
"3606","BearMetal","3366","13.6","1405","1419","7","4.6","1.9","0.03","-0.23","-0.34","N/A","N/A","N/A","3-6-0","0.333"
"4093","Hardwired","3367","13.6","1404","1419","5.8","3.9","3.9","-0.06","-0.23","-0.34","N/A","N/A","N/A","1-8-0","0.111"
"11379","TURTLESS","3368","13.5","1404","1419","5.7","7.4","0.4","-0.04","-0.23","-0.34","N/A","N/A","N/A","5-7-0","0.417"
"7128","XLR8","3369","13.5","1404","1419","4.1","5.3","4.1","0.12","-0.23","-0.34","N/A","N/A","N/A","5-5-0","0.500"
"7459","Taubatexas Robotics","3370","13.5","1404","1419","3.6","6.1","3.8","-0.04","-0.23","-0.34","N/A","N/A","N/A","6-13-0","0.316"
"4019","Mechanical Paradise","3371","13.4","1404","1418","4.3","5.5","3.6","-0.02","-0.23","-0.34","N/A","N/A","N/A","4-7-0","0.364"
"7288","NOMMA D3V1LB0TS","3372","13.4","1404","1418","5.9","3.9","3.6","0.09","-0.24","-0.34","N/A","N/A","N/A","3-5-0","0.375"
"7865","HODAbotics","3373","13.3","1404","1418","6.5","7.1","-0.3","0.06","-0.24","-0.34","N/A","N/A","N/A","10-16-0","0.385"
"10656","RataToaster","3374","13.3","1403","1418","8.3","-0.1","5.1","0.04","-0.24","-0.34","N/A","N/A","N/A","7-17-0","0.292"
"2501","Bionic Polars","3375","13.3","1403","1418","5.4","3.3","4.6","-0.2","-0.23","-0.34","N/A","N/A","N/A","3-8-0","0.273"
"10936","Hooverstan","3376","13.3","1403","1418","8.5","-0.6","5.4","0.06","-0.24","-0.34","N/A","N/A","N/A","7-17-0","0.292"
"10121","TMSA MechaTiger","3377","13.3","1403","1418","3.8","1.2","8.2","-0.14","-0.24","-0.34","N/A","N/A","N/A","19-28-0","0.404"
"8707","The Newark Circuit Breakers","3378","13.2","1403","1418","4.8","7.5","0.9","0.04","-0.24","-0.34","N/A","N/A","N/A","14-12-0","0.538"
"7019","Rubber Ducks","3379","13.2","1403","1418","2.2","2.8","8.2","-0.18","-0.23","-0.34","N/A","N/A","N/A","2-7-0","0.222"
"3794","Prepa Tecmilenio WinT","3380","13.2","1403","1418","5.1","7.3","0.8","0.05","-0.23","-0.34","N/A","N/A","N/A","3-7-0","0.300"
"9734","Jasper County Devil Dogs","3381","13.2","1403","1418","5.2","1.8","6.2","0.08","-0.23","-0.34","N/A","N/A","N/A","3-6-0","0.333"
"9753","Team Success","3382","13.2","1403","1418","3.7","4.9","4.6","0.06","-0.24","-0.34","N/A","N/A","N/A","6-18-0","0.250"
"5213","St. Ignace SHIELD","3383","13.2","1403","1418","3.5","5.4","4.3","-0.01","-0.24","-0.34","N/A","N/A","N/A","11-18-0","0.379"
"10338","10338 - CircuitMakers","3384","13.2","1403","1418","2.3","3.9","7","-0.02","-0.24","-0.34","N/A","N/A","N/A","9-18-1","0.339"
"4764","The Memphis MechWarriors","3385","13.2","1403","1418","-0.7","8.6","5.3","0.07","-0.23","-0.34","N/A","N/A","N/A","4-9-0","0.308"
"752","Chargers","3386","13.1","1403","1418","2.2","6.2","4.8","-0.04","-0.24","-0.34","N/A","N/A","N/A","11-15-0","0.423"
"6067","The Underdogs","3387","13.1","1403","1418","2","6.3","4.8","0.01","-0.24","-0.34","N/A","N/A","N/A","10-14-0","0.417"
"9424","E.O. JAG BOTS","3388","13.1","1403","1418","5.1","8.6","-0.6","-0.01","-0.24","-0.34","N/A","N/A","N/A","9-15-0","0.375"
"3324","The Metrobots","3389","13.1","1402","1418","3.5","3.6","6","0.18","-0.24","-0.34","N/A","N/A","N/A","3-14-0","0.176"
"4571","Rambots","3390","13.1","1402","1417","3","6.1","3.9","-0.02","-0.13","-0.34","N/A","N/A","N/A","9-10-0","0.474"
"10449","Robo Crusaders 1","3391","13.1","1402","1417","4.1","6.5","2.5","0.05","-0.24","-0.34","N/A","N/A","N/A","4-20-0","0.167"
"9704","IgKnighted","3392","13","1402","1417","8","1.3","3.8","0.02","-0.23","-0.34","N/A","N/A","N/A","2-7-0","0.222"
"8303","GatorBytes","3393","13","1402","1417","1.5","4","7.6","0.14","-0.24","-0.34","N/A","N/A","N/A","10-14-0","0.417"
"7037","Jeunes D'Argent - FresnilloPLC","3394","13","1402","1417","5.6","3","4.4","0.01","-0.23","-0.34","N/A","N/A","N/A","3-7-0","0.300"
"5874","Prepa Tecmilenio BorderBots","3395","12.9","1402","1417","4.4","5.7","2.8","0.07","-0.23","-0.34","N/A","N/A","N/A","4-6-0","0.400"
"9694","TUBITECH","3396","12.9","1402","1417","7.2","6","-0.3","-0.1","-0.13","-0.34","N/A","N/A","N/A","4-6-0","0.400"
"9762","Raccoon Robotics","3397","12.9","1401","1417","6.6","1.6","4.7","-0.08","-0.24","-0.34","N/A","N/A","N/A","10-19-0","0.345"
"8588","Tech Devils","3398","12.8","1401","1417","7.1","2.6","3.1","-0.01","-0.24","-0.34","N/A","N/A","N/A","10-16-0","0.385"
"11300","ZENITH","3399","12.8","1401","1417","3.9","1.7","7.1","0.11","-0.24","-0.34","2026cmptx","FIRST Championship - FIRST Robotics Competition","8","20-14-0","0.588"
"10642","Comstock Colts","3400","12.8","1401","1417","3.3","5.1","4.4","0.04","-0.24","-0.34","N/A","N/A","N/A","17-13-0","0.567"
"11176","RoboRabbits","3401","12.8","1401","1417","3.7","9.1","0","0.03","-0.23","-0.34","N/A","N/A","N/A","3-6-0","0.333"
"10243","Yücel Boru ANATOLIAN WOLVES","3402","12.8","1401","1417","-0.5","8","5.3","0.02","-0.23","-0.34","N/A","N/A","N/A","1-6-0","0.143"
"9193","Short-Circuited Eagles","3403","12.7","1401","1417","3.6","3.9","5.2","0.08","-0.25","-0.34","N/A","N/A","N/A","9-15-0","0.375"
"5876","ARTEMIS","3404","12.7","1400","1416","4.1","3.8","4.7","-0.03","-0.23","-0.34","N/A","N/A","N/A","4-8-0","0.333"
"2410","Blue Valley CAPS Metal Must...","3405","12.6","1400","1416","10.6","2.9","-0.8","-0.01","-0.26","-0.34","N/A","N/A","N/A","8-13-0","0.381"
"11331","TarryBots","3406","12.6","1400","1416","4.6","7.9","0.1","0.07","-0.23","-0.34","N/A","N/A","N/A","6-4-0","0.600"
"8140","RoboManiacs","3407","12.6","1400","1416","7.5","0.7","4.3","-0.07","-0.23","-0.34","N/A","N/A","N/A","1-10-0","0.091"
"9555","TEAM HELIOS","3408","12.5","1400","1416","5.9","6.4","0.2","0.04","-0.23","-0.34","N/A","N/A","N/A","1-6-0","0.143"
"7864","The Bear Bots","3409","12.5","1400","1416","4.1","-0.1","8.5","0.18","-0.23","-0.34","N/A","N/A","N/A","5-6-0","0.455"
"4664","Butler Bots","3410","12.5","1400","1416","3.5","1.1","7.8","0.04","-0.23","-0.34","N/A","N/A","N/A","3-6-0","0.333"
"11241","PRAIRIE","3411","12.4","1399","1416","5","2.5","5","0.03","-0.23","-0.34","N/A","N/A","N/A","1-7-0","0.125"
"5872","Wiredcats","3412","12.4","1399","1416","2.9","-3.3","12.8","0.06","-0.23","-0.34","N/A","N/A","N/A","7-8-0","0.467"
"8573","Rogue-Rangers LEGACY","3413","12.4","1399","1416","6.8","3.2","2.4","0.01","-0.24","-0.34","N/A","N/A","N/A","15-16-0","0.484"
"9622","GRIDLOCK","3414","12.3","1399","1415","4.3","2.4","5.6","0.03","-0.13","-0.34","N/A","N/A","N/A","4-6-1","0.409"
"4319","Ladies FIRST","3415","12.3","1399","1415","2.7","6.6","3.1","0.03","-0.22","-0.33","N/A","N/A","N/A","0-0-0","0.000"
"6132","Iron Rangers","3416","12.3","1399","1415","4.9","4.6","2.8","0.05","-0.23","-0.34","N/A","N/A","N/A","3-8-0","0.273"
"4630","Robodragons","3417","12.3","1399","1415","4.1","3.8","4.4","0.01","-0.23","-0.34","N/A","N/A","N/A","3-7-0","0.300"
"10452","RoboLions","3418","12.3","1398","1415","7.1","5.3","-0.2","-0.04","-0.23","-0.34","N/A","N/A","N/A","5-13-0","0.278"
"6032","Pirate Robotics","3419","12.2","1398","1415","3","8","1.2","-0.16","-0.23","-0.34","N/A","N/A","N/A","3-5-0","0.375"
"9247","SainTech Robotics","3420","12.2","1398","1415","7.8","3.6","0.8","0.03","-0.24","-0.34","N/A","N/A","N/A","11-12-0","0.478"
"4973","Gator Gears","3421","12.2","1398","1415","3","6.1","3.1","0.05","-0.17","-0.34","N/A","N/A","N/A","8-16-0","0.333"
"8105","Apollo Black Cat - Peñoles","3422","12.2","1398","1415","-0.4","4.9","7.7","-0.08","-0.23","-0.34","N/A","N/A","N/A","3-7-0","0.300"
"11366","Red Devil's Redemption","3423","12.2","1398","1415","8.7","2.5","1","0.07","-0.24","-0.34","N/A","N/A","N/A","10-16-0","0.385"
"3807","Overland BlazerBots","3424","12.1","1398","1415","6.4","-0.5","6.2","-0.02","-0.15","-0.23","N/A","N/A","N/A","8-14-0","0.364"
"854","Iron Bears","3425","12.1","1398","1415","8.4","-1","4.7","-0.18","-0.24","-0.34","N/A","N/A","N/A","14-29-0","0.326"
"7190","Vancouver Rainstorms","3426","12.1","1398","1415","4.9","3.8","3.4","0","-0.23","-0.34","N/A","N/A","N/A","7-7-0","0.500"
"9479","CREDENTIS","3427","12.1","1398","1415","4.5","6.9","0.8","0.12","-0.23","-0.34","N/A","N/A","N/A","3-8-0","0.273"
"4816","Gadget Girls","3428","12.1","1398","1415","4.8","6.5","0.9","-0.02","-0.24","-0.34","N/A","N/A","N/A","7-17-0","0.292"
"6155","ElektraBots","3429","12.1","1398","1415","5","4.1","3","0","-0.23","-0.34","N/A","N/A","N/A","2-10-0","0.167"
"10444","Ursa Major","3430","12.1","1398","1415","7.3","3.2","1.6","0.04","-0.17","-0.34","N/A","N/A","N/A","11-17-0","0.393"
"3843","ROBO RACERS","3431","12","1397","1415","3.1","0.6","8.3","0","-0.23","-0.34","N/A","N/A","N/A","5-5-0","0.500"
"5143","Raw Steel","3432","12","1397","1415","3.9","7.6","0.5","0.04","-0.23","-0.34","N/A","N/A","N/A","4-5-0","0.444"
"8066","WOLF ARMY ROBOTICS","3433","12","1397","1415","2.9","6.9","2.2","0.02","-0.23","-0.34","N/A","N/A","N/A","4-5-0","0.444"
"9467","EsRobotik","3434","11.9","1397","1415","2.7","8.5","0.8","0.03","-0.23","-0.34","N/A","N/A","N/A","6-7-0","0.462"
"10205","MAGNETAR","3435","11.9","1397","1414","3.9","2","6","0.03","-0.23","-0.34","N/A","N/A","N/A","3-6-0","0.333"
"3359","Royal Robotics","3436","11.9","1397","1414","7.4","6.3","-1.9","-0.03","-0.24","-0.34","N/A","N/A","N/A","6-18-0","0.250"
"8584","Infinity Robotics","3437","11.9","1397","1414","2.9","1.9","7.1","0.1","-0.23","-0.34","N/A","N/A","N/A","4-11-0","0.267"
"9669","Regina Riveters","3438","11.8","1396","1414","7.3","2.6","2","0.12","-0.23","-0.34","N/A","N/A","N/A","2-8-0","0.200"
"877","Pi Rho 'botics @ North Star","3439","11.8","1396","1414","8.6","3.6","-0.4","0.09","-0.23","-0.34","N/A","N/A","N/A","3-6-0","0.333"
"10478","NEO Robotics","3440","11.8","1396","1414","2","8.2","1.6","-0.04","-0.24","-0.34","N/A","N/A","N/A","4-7-0","0.364"
"9302","PARATECH FRC","3441","11.8","1396","1414","4.1","6.8","0.9","0.08","-0.23","-0.34","N/A","N/A","N/A","2-7-0","0.222"
"8500","ROBEST Robotics","3442","11.8","1396","1414","5.9","4.7","1.3","0.11","-0.23","-0.34","N/A","N/A","N/A","6-7-0","0.462"
"4567","The Mechanized Mafia","3443","11.7","1396","1414","4.4","5.1","2.3","0.09","-0.23","-0.34","N/A","N/A","N/A","2-7-0","0.222"
"9627","Yellow Haze","3444","11.7","1396","1414","1.6","10.6","-0.4","0.09","-0.23","-0.34","N/A","N/A","N/A","5-4-0","0.556"
"8870","RedCards","3445","11.7","1396","1414","2.8","-1.9","10.8","-0.02","-0.23","-0.34","N/A","N/A","N/A","8-6-0","0.571"
"5027","Event Horizon (5027)","3446","11.7","1396","1414","-1.5","13.9","-0.8","-0.05","-0.24","-0.34","N/A","N/A","N/A","3-9-0","0.250"
"11350","Guilford Gearheads","3447","11.7","1396","1414","4.7","3.3","3.6","-0.01","-0.24","-0.34","N/A","N/A","N/A","13-14-0","0.481"
"11342","StingVille Robotics Team","3448","11.6","1396","1414","8.2","4.8","-1.4","0.09","-0.23","-0.34","N/A","N/A","N/A","3-5-0","0.375"
"8711","The Midnight Ostrich Runners","3449","11.6","1395","1414","5.7","8.1","-2.2","-0.08","-0.23","-0.34","N/A","N/A","N/A","6-14-0","0.300"
"4024","TechnoSaints","3450","11.6","1395","1414","2.8","2.2","6.6","-0.09","-0.23","-0.34","N/A","N/A","N/A","4-6-0","0.400"
"10629","Bath High School Bee-Botics","3451","11.6","1395","1414","1.6","3.6","6.4","-0.07","-0.24","-0.34","N/A","N/A","N/A","3-21-0","0.125"
"10285","Sacred Heart Outlanders","3452","11.6","1395","1414","7.1","2","2.5","-0.01","-0.24","-0.34","N/A","N/A","N/A","7-16-1","0.313"
"5986","┌ Iron Fangs ┐","3453","11.6","1395","1413","5.5","1.3","4.7","0.07","-0.24","-0.34","N/A","N/A","N/A","7-16-1","0.313"
"9485","HYOBOTS","3454","11.6","1395","1413","3.1","6","2.5","-0.07","-0.23","-0.34","N/A","N/A","N/A","7-12-0","0.368"
"11352","Flying Tiger","3455","11.6","1395","1413","0.8","9.1","1.7","0.05","-0.23","-0.34","N/A","N/A","N/A","1-6-0","0.143"
"2815","Blue Devil Mechanics","3456","11.5","1395","1413","4","2.6","4.9","-0.05","-0.24","-0.34","N/A","N/A","N/A","13-31-0","0.295"
"94","The  TechnoJays","3457","11.5","1395","1413","3","6","2.5","-0.01","-0.23","-0.34","N/A","N/A","N/A","4-8-0","0.333"
"9733","Gold Diggers","3458","11.5","1395","1413","6.7","0.7","4","0.07","-0.24","-0.34","N/A","N/A","N/A","7-17-0","0.292"
"11313","tROBOmakEr","3459","11.4","1394","1413","3.6","5.2","2.6","0.06","-0.23","-0.34","N/A","N/A","N/A","2-8-0","0.200"
"5123","Mechadogs","3460","11.4","1394","1413","2.9","3.8","4.8","-0.06","-0.24","-0.34","N/A","N/A","N/A","5-13-0","0.278"
"2487","Mechanical Animals","3461","11.4","1394","1413","2","4.8","4.6","-0.01","-0.23","-0.34","N/A","N/A","N/A","2-7-0","0.222"
"3745","Governors","3462","11.4","1394","1413","2.4","3.8","5.1","-0.01","-0.23","-0.34","N/A","N/A","N/A","1-8-0","0.111"
"3848","Bots in Shining Armour","3463","11.3","1394","1413","4.4","4.4","2.5","-0.09","-0.23","-0.34","N/A","N/A","N/A","5-4-0","0.556"
"8374","Bongo Bots","3464","11.3","1394","1413","3.4","4.9","3.1","-0.06","-0.24","-0.34","N/A","N/A","N/A","11-20-0","0.355"
"9471","EF Academy","3465","11.3","1394","1413","9","0.4","1.9","0.05","-0.24","-0.34","N/A","N/A","N/A","4-8-0","0.333"
"8362","Circuit Breakers","3466","11.3","1394","1413","3.1","0.9","7.2","-0.06","-0.24","-0.34","N/A","N/A","N/A","9-15-0","0.375"
"8719","Oakville Dynamics","3467","11.2","1394","1413","7.5","1.1","2.7","0.16","-0.24","-0.34","N/A","N/A","N/A","15-15-0","0.500"
"8778","HSUWerx","3468","11.2","1394","1413","3.2","1.5","6.5","-0.04","-0.23","-0.34","N/A","N/A","N/A","3-7-0","0.300"
"11345","Long Beach RoboBearcats","3469","11.2","1394","1413","6.7","2.7","1.8","0.02","-0.23","-0.34","N/A","N/A","N/A","4-5-0","0.444"
"5863","Hypercubed","3470","11.2","1394","1413","6.9","3.7","0.6","0.05","-0.24","-0.34","N/A","N/A","N/A","6-12-0","0.333"
"9433","Lil' Timmy's Big Team","3471","11.2","1394","1413","3.5","3.1","4.7","-0.03","-0.23","-0.34","N/A","N/A","N/A","5-5-0","0.500"
"1739","Chicago Knights Robotics","3472","11.2","1393","1412","3.7","4.3","3.2","0.06","-0.23","-0.34","N/A","N/A","N/A","2-8-0","0.200"
"5504","The Loose Connections","3473","11.2","1393","1412","4.8","4.2","2.2","-0.04","-0.24","-0.34","N/A","N/A","N/A","4-20-0","0.167"
"6415","Gultepe Robotics Team 6415","3474","11.1","1393","1412","6.2","-1.9","6.9","0.1","-0.26","-0.34","N/A","N/A","N/A","4-5-0","0.444"
"11435","St. Peter's High School Rai...","3475","11","1393","1412","3","0.7","7.3","-0.03","-0.24","-0.34","N/A","N/A","N/A","9-15-0","0.375"
"7796","Breaker Robotics","3476","11","1393","1412","5.1","1.6","4.4","-0.05","-0.23","-0.34","N/A","N/A","N/A","3-8-0","0.273"
"5624","TIGER TECH Robotics","3477","11","1392","1412","1.5","9.4","0.1","-0.04","-0.24","-0.34","N/A","N/A","N/A","8-16-0","0.333"
"7729","RAMs","3478","11","1392","1412","-0.5","7.2","4.3","-0.05","-0.23","-0.34","N/A","N/A","N/A","4-8-0","0.333"
"6044","Circuit Breakers","3479","10.9","1392","1412","4.8","1.4","4.7","0","-0.23","-0.34","N/A","N/A","N/A","2-9-0","0.182"
"6606","Prepa Tecmilenio Pink Hawks...","3480","10.9","1392","1412","1.8","6.5","2.6","0.09","-0.23","-0.34","N/A","N/A","N/A","2-8-0","0.200"
"10474","Turcia Machina","3481","10.9","1392","1412","1.3","6.8","2.8","0.01","-0.23","-0.34","N/A","N/A","N/A","2-9-0","0.182"
"3760","Robo Raccoons","3482","10.8","1392","1412","3","2.6","5.2","-0.08","-0.13","-0.34","N/A","N/A","N/A","4-6-0","0.400"
"3826","Sequim Robotics Federation ...","3483","10.8","1392","1411","6.8","0.9","3.2","0.08","-0.24","-0.34","N/A","N/A","N/A","14-17-0","0.452"
"395","2 Train Robotics","3484","10.8","1392","1411","4.9","3.7","2.3","0.03","-0.24","-0.34","N/A","N/A","N/A","6-12-0","0.333"
"8024","Robotans","3485","10.8","1392","1411","7.8","2.4","0.7","0.04","-0.24","-0.34","N/A","N/A","N/A","10-15-2","0.407"
"2227","Tigers","3486","10.8","1391","1411","5.6","-1.1","6.3","0.01","-0.23","-0.34","N/A","N/A","N/A","5-17-0","0.227"
"8850","Ed Bears","3487","10.8","1391","1411","1.6","2.6","6.6","0.05","-0.19","-0.34","N/A","N/A","N/A","11-16-0","0.407"
"5541","Shakopee Sabers","3488","10.8","1391","1411","7.2","5.7","-2.1","0.01","-0.24","-0.34","N/A","N/A","N/A","7-13-0","0.350"
"3574","HIGH TEKERZ","3489","10.7","1391","1411","5.7","0.8","4.3","-0.02","-0.24","-0.34","N/A","N/A","N/A","12-17-0","0.414"
"1450","XQ Robotix Team 1450","3490","10.7","1391","1411","7","2.2","1.5","-0.09","-0.23","-0.34","N/A","N/A","N/A","2-7-0","0.222"
"5232","Talons","3491","10.7","1391","1411","3.6","5.1","2.1","-0.06","-0.23","-0.34","N/A","N/A","N/A","5-18-0","0.217"
"6904","TeraWatts","3492","10.7","1391","1411","3.4","5.9","1.5","0.11","-0.24","-0.34","N/A","N/A","N/A","8-17-0","0.320"
"7138","Wing It","3493","10.7","1391","1411","3.3","4.5","2.9","-0.02","-0.24","-0.34","N/A","N/A","N/A","7-17-0","0.292"
"2896","MechaMonarchs","3494","10.7","1391","1411","3.8","3.6","3.3","0.06","-0.23","-0.34","N/A","N/A","N/A","6-10-0","0.375"
"6000","Firehawk Robotics","3495","10.7","1391","1411","6.1","5.4","-0.8","-0.15","-0.18","-0.34","N/A","N/A","N/A","8-15-0","0.348"
"4931","Edwardsville Technologies","3496","10.7","1391","1411","7.6","4.1","-1","-0.07","-0.23","-0.34","N/A","N/A","N/A","3-7-0","0.300"
"2477","Marauder Rascals","3497","10.7","1391","1411","0.3","4.9","5.4","0.07","-0.23","-0.34","N/A","N/A","N/A","3-11-0","0.214"
"5894","CyberJags","3498","10.7","1391","1411","6.7","2","2","0.1","-0.24","-0.34","N/A","N/A","N/A","12-16-0","0.429"
"10377","Aughtonauts","3499","10.7","1391","1411","2","3","5.6","0.01","-0.24","-0.34","N/A","N/A","N/A","6-14-0","0.300"
"6073","Cav-Bots","3500","10.6","1391","1411","5.9","0.8","3.9","-0.07","-0.24","-0.34","N/A","N/A","N/A","8-19-0","0.296"
"6859","Big Metal Lakers 6859- BML ...","3501","10.6","1391","1411","4.8","1.6","4.3","-0.1","-0.16","-0.34","N/A","N/A","N/A","9-17-0","0.346"
"4306","Robokomodos","3502","10.6","1390","1411","4.2","4.6","1.8","0.03","-0.25","-0.34","N/A","N/A","N/A","2-8-0","0.200"
"8624","Sasquatch Robotics","3503","10.5","1390","1411","6.2","1.6","2.7","-0.04","-0.23","-0.34","N/A","N/A","N/A","2-8-0","0.200"
"5841","The Patriots","3504","10.5","1390","1411","4.7","3","2.7","-0.03","-0.24","-0.34","N/A","N/A","N/A","6-18-0","0.250"
"10297","PANTANALBOTS","3505","10.3","1389","1410","3.6","0.2","6.5","-0.07","-0.23","-0.34","N/A","N/A","N/A","2-7-0","0.222"
"11064","ASTERIA","3506","10.3","1389","1410","10.6","-2.8","2.5","-0.05","-0.13","-0.34","N/A","N/A","N/A","4-7-0","0.364"
"6047","Proctor Frostbyte","3507","10.3","1389","1410","7.4","1.4","1.6","-0.07","-0.23","-0.34","N/A","N/A","N/A","8-6-0","0.571"
"8276","OPTRON#8276","3508","10.3","1389","1410","6.1","2.4","1.8","-0.06","-0.23","-0.34","N/A","N/A","N/A","2-8-0","0.200"
"2827","The Tiki Bots","3509","10.2","1389","1410","5.6","4.1","0.5","-0.05","-0.23","-0.34","N/A","N/A","N/A","5-7-0","0.417"
"2538","The Plaid Pillagers","3510","10.2","1388","1410","4.9","4.7","0.6","0.06","-0.23","-0.34","N/A","N/A","N/A","2-7-0","0.222"
"8759","ARPEX","3511","10.1","1388","1410","-0.1","7.4","2.9","0","-0.23","-0.34","N/A","N/A","N/A","2-5-0","0.286"
"9219","Nine Tails","3512","10.1","1388","1410","6.4","2.8","0.9","-0.08","-0.23","-0.34","N/A","N/A","N/A","6-15-0","0.286"
"2039","Rockford Robotics","3513","10.1","1388","1410","3.4","5","1.7","0","-0.16","-0.34","N/A","N/A","N/A","4-8-0","0.333"
"3984","Topper Robotics","3514","10.1","1388","1409","2.4","0.3","7.3","-0.05","-0.23","-0.34","N/A","N/A","N/A","6-18-0","0.250"
"9643","Lady Voltage","3515","10","1388","1409","2.4","0.9","6.7","0.01","-0.23","-0.34","N/A","N/A","N/A","5-6-0","0.455"
"10173","Minot Syber-Sentinels","3516","9.9","1387","1409","4.9","-0.9","5.9","0.1","-0.23","-0.34","N/A","N/A","N/A","6-12-0","0.333"
"10247","RedFox","3517","9.8","1387","1409","4.6","3.5","1.8","0.01","-0.23","-0.34","N/A","N/A","N/A","3-11-0","0.214"
"10430","Solar Chill","3518","9.8","1387","1409","9.4","0.1","0.3","0.02","-0.24","-0.34","N/A","N/A","N/A","5-17-2","0.250"
"2151","PMSA Monty Pythons","3519","9.8","1387","1409","5.2","1","3.7","-0.01","-0.23","-0.34","N/A","N/A","N/A","4-6-0","0.400"
"6420","Fire Island Robotics","3520","9.7","1386","1409","2.7","5.7","1.3","-0.02","-0.23","-0.34","N/A","N/A","N/A","9-11-0","0.450"
"10170","ND Robotics","3521","9.7","1386","1409","5.1","-0.2","4.8","-0.03","-0.24","-0.34","N/A","N/A","N/A","8-16-0","0.333"
"7121","Keller Fusion Robotics","3522","9.7","1386","1408","4.9","0.6","4.2","-0.02","-0.24","-0.34","N/A","N/A","N/A","8-18-0","0.308"
"11410","WGSS Delta Lab","3523","9.6","1385","1408","5","1.5","3.1","-0.01","-0.23","-0.34","N/A","N/A","N/A","6-4-0","0.600"
"11265","Rockbotics -FRC","3524","9.5","1385","1408","2.3","2.3","5","-0.11","-0.23","-0.34","N/A","N/A","N/A","3-6-0","0.333"
"240","TEMPEST","3525","9.5","1385","1408","2.9","-0.2","6.8","0.11","-0.24","-0.34","N/A","N/A","N/A","12-16-1","0.431"
"5532","The Panther Bots","3526","9.4","1385","1408","7.2","2.8","-0.6","-0.02","-0.24","-0.34","N/A","N/A","N/A","5-19-0","0.208"
"9163","HYDRA","3527","9.4","1385","1408","4.9","2.1","2.5","0.02","-0.23","-0.34","N/A","N/A","N/A","3-6-0","0.333"
"569","Rambots 569","3528","9.4","1385","1408","8.6","0.9","0","0.07","-0.23","-0.34","N/A","N/A","N/A","4-5-0","0.444"
"8758","Tar-Robo Turtles","3529","9.4","1384","1408","5","0.6","3.7","-0.15","-0.24","-0.34","N/A","N/A","N/A","5-19-0","0.208"
"3397","Robolions","3530","9.3","1384","1408","2.9","4.1","2.3","0.04","-0.23","-0.34","N/A","N/A","N/A","5-9-0","0.357"
"10445","HYPERVOLT","3531","9.3","1384","1407","6.7","4","-1.3","0.01","-0.23","-0.34","N/A","N/A","N/A","0-7-0","0.000"
"4701","Warriors (Team W.I.R.E.)","3532","9.3","1384","1407","4.8","1.2","3.3","-0.07","-0.24","-0.34","N/A","N/A","N/A","13-16-0","0.448"
"2415","WiredCats","3533","9.2","1384","1407","5.4","2.7","1.2","0.03","-0.24","-0.34","N/A","N/A","N/A","8-16-1","0.340"
"7676","THS RoboDogs","3534","9.2","1384","1407","5.9","3.3","0.1","-0.16","-0.24","-0.34","N/A","N/A","N/A","11-17-1","0.397"
"6230","Team Koi","3535","9.2","1384","1407","2","4.9","2.3","0.03","-0.22","-0.33","N/A","N/A","N/A","0-0-0","0.000"
"10933","Tie Dye Samurai","3536","9.2","1383","1407","4.4","2","2.8","0.15","-0.24","-0.34","N/A","N/A","N/A","9-17-0","0.346"
"514","Entropy","3537","9.1","1383","1407","9.2","0.8","-0.8","-0.06","-0.23","-0.34","N/A","N/A","N/A","3-6-0","0.333"
"9602","CANINTECH","3538","9.1","1383","1407","1.7","4.8","2.6","-0.09","-0.23","-0.34","N/A","N/A","N/A","2-8-0","0.200"
"1994","Quixote","3539","9.1","1383","1407","0.7","2.7","5.7","-0.05","-0.23","-0.34","N/A","N/A","N/A","6-13-1","0.325"
"10600","Two Steps Ahead","3540","9.1","1383","1407","3.8","3.8","1.4","0.07","-0.24","-0.34","N/A","N/A","N/A","13-17-0","0.433"
"9610","Blue Ivy","3541","9.1","1383","1407","4.3","6.1","-1.3","0","-0.23","-0.34","N/A","N/A","N/A","7-6-0","0.538"
"11392","Gulf Tech","3542","9","1383","1407","7.4","1.3","0.3","-0.05","-0.22","-0.34","N/A","N/A","N/A","3-4-0","0.429"
"9649","Mulgrave Robotics","3543","9","1382","1407","4.3","3.8","0.9","0.02","-0.23","-0.34","N/A","N/A","N/A","3-7-0","0.300"
"8045","The Wallace Dynasty","3544","9","1382","1407","4.6","-1.2","5.5","-0.1","-0.25","-0.34","N/A","N/A","N/A","9-15-0","0.375"
"11343","SoulCity Circuits (JPS Robo...","3545","9","1382","1407","6.3","-1.6","4.3","-0.12","-0.23","-0.34","N/A","N/A","N/A","2-7-0","0.222"
"7296","TeRoBoT","3546","8.9","1382","1406","3.2","4.2","1.6","-0.11","-0.23","-0.34","N/A","N/A","N/A","3-9-0","0.250"
"2095","Direct Current","3547","8.9","1382","1406","5.9","3.9","-0.9","-0.03","-0.23","-0.34","N/A","N/A","N/A","6-14-0","0.300"
"6068","Delta Overload","3548","8.8","1382","1406","5.9","0.1","2.9","0.02","-0.23","-0.34","N/A","N/A","N/A","3-5-0","0.375"
"8432","Cyber Knights","3549","8.8","1382","1406","3.3","3.5","2.1","-0.03","-0.24","-0.34","N/A","N/A","N/A","8-16-0","0.333"
"4862","Manning Mountaineers","3550","8.8","1382","1406","3.7","2.6","2.6","-0.05","-0.23","-0.34","N/A","N/A","N/A","2-8-0","0.200"
"6533","BeaverTech noducks","3551","8.8","1381","1406","8.1","-0.2","0.8","-0.09","-0.24","-0.34","N/A","N/A","N/A","9-15-0","0.375"
"10619","Rana's Rivets","3552","8.8","1381","1406","3.5","9.2","-3.9","-0.32","-0.18","-0.34","2026dal","Daly Division","8","17-36-0","0.321"
"10550","35 Soaring Roneagles","3553","8.7","1381","1406","8.2","-1.1","1.6","-0.04","-0.23","-0.34","N/A","N/A","N/A","1-7-0","0.125"
"3017","Patriots","3554","8.6","1381","1406","2.9","4.1","1.7","-0.11","-0.12","-0.34","N/A","N/A","N/A","2-6-0","0.250"
"4994","Kingston Robo-Cards","3555","8.6","1381","1406","7.1","1.4","0.1","0","-0.24","-0.34","N/A","N/A","N/A","8-16-0","0.333"
"8092","Greatest of All Times","3556","8.6","1381","1406","2.6","5","1.1","0.05","-0.24","-0.34","N/A","N/A","N/A","3-6-0","0.333"
"806","The Brooklyn Blacksmiths","3557","8.6","1381","1406","4.1","3.7","0.8","0.03","-0.24","-0.34","N/A","N/A","N/A","9-13-0","0.409"
"5182","Chieftainators","3558","8.6","1381","1406","1.3","5.7","1.5","-0.05","-0.24","-0.34","N/A","N/A","N/A","12-14-0","0.462"
"8585","Bombax Leopard","3559","8.5","1380","1405","1.6","7.7","-0.8","0.02","-0.23","-0.34","N/A","N/A","N/A","5-7-0","0.417"
"6905","Raiders of the ARC- TEAR-A-...","3560","8.5","1380","1405","10.7","3.3","-5.4","-0.11","-0.26","-0.34","N/A","N/A","N/A","19-27-0","0.413"
"8766","The Black Machine","3561","8.5","1380","1405","4.5","1.5","2.5","-0.08","-0.23","-0.34","N/A","N/A","N/A","2-6-0","0.250"
"8784","HEVSEL","3562","8.5","1380","1405","4.8","3.2","0.6","-0.01","-0.23","-0.34","N/A","N/A","N/A","4-5-0","0.444"
"867","Absolute Value","3563","8.5","1380","1405","1.9","3.1","3.4","-0.03","-0.24","-0.34","N/A","N/A","N/A","6-17-0","0.261"
"2963","AnaDroids","3564","8.4","1380","1405","6.1","1.3","1.1","0.04","-0.24","-0.34","N/A","N/A","N/A","8-16-0","0.333"
"3533","Mekano","3565","8.4","1380","1405","1.1","2.2","5.1","0","-0.23","-0.34","N/A","N/A","N/A","3-8-0","0.273"
"1178","DURT  (De Smet United Robot...","3566","8.4","1379","1405","4.2","1.8","2.4","-0.09","-0.23","-0.34","N/A","N/A","N/A","2-8-0","0.200"
"11440","Casman EObots","3567","8.3","1379","1405","3.1","3.5","1.8","-0.07","-0.24","-0.34","N/A","N/A","N/A","8-16-0","0.333"
"9731","All Saints Range Precision","3568","8.3","1379","1405","2.4","4.4","1.5","0","-0.24","-0.34","N/A","N/A","N/A","6-18-0","0.250"
"296","Northern Knights","3569","8.2","1378","1405","2.7","1.5","3.9","0.19","-0.23","-0.34","N/A","N/A","N/A","1-10-0","0.091"
"7115","Red Lion Bots","3570","8.1","1378","1404","4.2","0.5","3.5","-0.13","-0.24","-0.34","N/A","N/A","N/A","11-12-1","0.479"
"6932","SMART","3571","8.1","1378","1404","6.1","0.1","2","-0.06","-0.24","-0.34","N/A","N/A","N/A","8-18-0","0.308"
"5339","Hurricanes","3572","8.1","1378","1404","4.8","0.8","2.6","-0.05","-0.23","-0.34","N/A","N/A","N/A","2-9-0","0.182"
"3751","Tower View Robotics","3573","8.1","1378","1404","6.3","-1.1","2.9","-0.09","-0.23","-0.34","N/A","N/A","N/A","2-8-0","0.200"
"3976","Electric Hornets","3574","8.1","1378","1404","3.7","0.9","3.5","-0.04","-0.24","-0.34","N/A","N/A","N/A","9-18-0","0.333"
"11102","Real Steel","3575","8.1","1378","1404","6.9","-0.4","1.6","0.02","-0.23","-0.34","N/A","N/A","N/A","8-9-0","0.471"
"3985","Sonic Howl","3576","7.9","1377","1404","8","3.3","-3.3","-0.01","-0.23","-0.34","N/A","N/A","N/A","3-8-0","0.273"
"10380","The Dragon Hunters","3577","7.9","1377","1404","4","3.1","0.8","0.04","-0.23","-0.34","N/A","N/A","N/A","3-6-0","0.333"
"250","The Dynamos","3578","7.9","1377","1404","3.3","0.3","4.3","-0.09","-0.23","-0.34","N/A","N/A","N/A","4-14-0","0.222"
"6135","Arctos","3579","7.9","1377","1404","1.4","0.8","5.7","0.01","-0.25","-0.34","N/A","N/A","N/A","16-17-0","0.485"
"4693","Talk Nerdy to Me","3580","7.9","1377","1404","6.1","1","0.8","0.05","-0.23","-0.34","N/A","N/A","N/A","7-14-0","0.333"
"10945","ELP's Mad CAD-ers","3581","7.9","1377","1404","4.3","-2.4","6","0.1","-0.26","-0.34","N/A","N/A","N/A","5-19-0","0.208"
"1528","MTR (Monroe Trojan Robotics)","3582","7.8","1377","1404","4.2","-1","4.6","0.16","-0.24","-0.34","N/A","N/A","N/A","9-15-0","0.375"
"9019","Ko'olaupoko","3583","7.8","1376","1403","3.1","4.5","0.2","-0.07","-0.23","-0.34","N/A","N/A","N/A","3-9-0","0.250"
"7332","Vancouver Puddle Jumpers","3584","7.8","1376","1403","2.5","7.6","-2.3","-0.1","-0.23","-0.34","N/A","N/A","N/A","5-5-0","0.500"
"5517","The Engineers on Fire","3585","7.8","1376","1403","4.8","1.2","1.7","-0.04","-0.24","-0.34","N/A","N/A","N/A","10-14-0","0.417"
"4610","BearTecs","3586","7.7","1376","1403","2.7","1.8","3.2","0.01","-0.24","-0.34","N/A","N/A","N/A","12-18-0","0.400"
"7668","GatorBots","3587","7.7","1376","1403","3.9","1.4","2.3","0.01","-0.24","-0.34","N/A","N/A","N/A","8-10-0","0.444"
"6428","STEMINEERS","3588","7.7","1376","1403","6.8","-1","2","0.01","-0.24","-0.34","N/A","N/A","N/A","8-16-0","0.333"
"8569","Zenith Polaris","3589","7.7","1376","1403","4.6","2.9","0.2","-0.06","-0.23","-0.34","N/A","N/A","N/A","5-9-0","0.357"
"8077","DREAM","3590","7.6","1376","1403","5.3","2.7","-0.3","-0.04","-0.23","-0.34","N/A","N/A","N/A","2-8-0","0.200"
"9057","G.I.R.L.","3591","7.6","1375","1403","6.1","-1.6","3.1","0","-0.13","-0.34","N/A","N/A","N/A","7-19-1","0.278"
"11382","INTERHERMES","3592","7.5","1375","1403","5.1","-4.2","6.6","-0.06","-0.15","-0.34","N/A","N/A","N/A","4-11-0","0.267"
"2259","1/4 Twenties","3593","7.5","1375","1403","3.7","3.1","0.7","0.08","-0.24","-0.34","N/A","N/A","N/A","3-6-0","0.333"
"7911","Scrap Cat Robotics Team Puma","3594","7.4","1374","1402","4.2","2.2","1","-0.1","-0.24","-0.34","N/A","N/A","N/A","7-17-0","0.292"
"6880","Universal Serial Brawlers (...","3595","7.4","1374","1402","2.3","5.1","0","0.09","-0.13","-0.34","N/A","N/A","N/A","4-6-0","0.400"
"10309","Jayhawks Robotics","3596","7.3","1374","1402","5.2","3.2","-1.1","-0.08","-0.23","-0.34","N/A","N/A","N/A","2-7-0","0.222"
"5430","Pirate Robolution","3597","7.3","1374","1402","2.6","1.2","3.5","0","-0.17","-0.34","N/A","N/A","N/A","7-17-0","0.292"
"6404","Brazilian Storm","3598","7.3","1374","1402","4.8","1.7","0.9","-0.13","-0.23","-0.34","N/A","N/A","N/A","6-14-0","0.300"
"5176","RoboBills","3599","7.3","1374","1402","4.4","-3.1","6","-0.09","-0.23","-0.34","N/A","N/A","N/A","5-5-0","0.500"
"5941","Cast Iron Orcas","3600","6.8","1371","1401","2","1.9","2.9","0.03","-0.24","-0.34","N/A","N/A","N/A","13-20-0","0.394"
"6969","Cyborgs6969","3601","6.8","1371","1401","3.4","1.5","2","-0.05","-0.23","-0.34","N/A","N/A","N/A","4-14-0","0.222"
"9591","DESTAN","3602","6.8","1371","1401","1.9","2.4","2.6","-0.07","-0.23","-0.34","N/A","N/A","N/A","1-6-0","0.143"
"7110","Heights Bytes","3603","6.7","1371","1401","4.3","-3","5.5","-0.21","-0.26","-0.34","N/A","N/A","N/A","20-27-0","0.426"
"4286","Imperial Robotics","3604","6.7","1371","1401","2.2","3.3","1.3","-0.05","-0.24","-0.34","N/A","N/A","N/A","4-20-0","0.167"
"1247","Blood, Sweat, and Gears","3605","6.7","1370","1400","-2.6","9.4","-0.1","-0.02","-0.27","-0.34","N/A","N/A","N/A","8-16-0","0.333"
"8741","Prepa Tecmilenio - Raccoons","3606","6.7","1370","1400","4","1","1.7","-0.03","-0.23","-0.34","N/A","N/A","N/A","2-8-0","0.200"
"9650","Mio Thunderbotz","3607","6.7","1370","1400","4.5","2.2","0","-0.13","-0.24","-0.34","N/A","N/A","N/A","14-16-0","0.467"
"6764","Flash Drives","3608","6.6","1370","1400","4.8","0.6","1.2","0","-0.24","-0.34","N/A","N/A","N/A","7-16-0","0.304"
"9138","Robo Hawks","3609","6.5","1370","1400","4.6","3.2","-1.3","-0.06","-0.24","-0.34","N/A","N/A","N/A","2-8-0","0.200"
"6162","Cap Alpaca","3610","6.5","1369","1400","6.2","2.7","-2.4","-0.02","-0.1","-0.34","N/A","N/A","N/A","7-17-0","0.292"
"5231","The Radical Jays","3611","6.4","1369","1400","6.4","-3","3.1","-0.07","-0.24","-0.34","N/A","N/A","N/A","6-18-0","0.250"
"6322","OneClay ARMORY","3612","6.4","1369","1400","3","3.5","0","-0.01","-0.23","-0.34","N/A","N/A","N/A","3-5-0","0.375"
"9601","BageTech","3613","6.4","1369","1400","3.7","7","-4.3","0.02","-0.16","-0.34","N/A","N/A","N/A","10-15-0","0.400"
"8751","Miramonte Robotics Team","3614","6.4","1369","1400","2.6","2.3","1.5","0.04","-0.23","-0.34","N/A","N/A","N/A","2-10-0","0.167"
"7907","Spartan Robotics","3615","6.3","1369","1400","0.9","5","0.5","0","-0.25","-0.34","N/A","N/A","N/A","10-19-0","0.345"
"9178","Cyber One","3616","6.3","1369","1400","2.6","1.7","2.1","-0.02","-0.23","-0.34","N/A","N/A","N/A","5-5-0","0.500"
"10166","Thunder Vikes","3617","6.3","1368","1399","2.9","-1.1","4.5","0","-0.24","-0.34","N/A","N/A","N/A","9-14-0","0.391"
"8747","BLACK SEA ROBOTICS","3618","6.2","1368","1399","3.4","1.3","1.6","-0.03","-0.23","-0.34","N/A","N/A","N/A","5-4-0","0.556"
"8623","Michigan FC","3619","6.1","1368","1399","4.3","-1.1","2.9","0.15","-0.24","-0.34","N/A","N/A","N/A","6-18-0","0.250"
"229","Division By Zero","3620","6.1","1367","1399","4.9","-0.7","1.9","-0.02","-0.23","-0.34","N/A","N/A","N/A","2-6-0","0.250"
"1795","Carver Clutch","3621","6.1","1367","1399","4.9","1.9","-0.7","-0.06","-0.24","-0.34","N/A","N/A","N/A","7-18-0","0.280"
"11456","UMWACC Ruff Creek RoboMiners","3622","6.1","1367","1399","3.9","2.1","0.2","0.02","-0.23","-0.34","N/A","N/A","N/A","1-7-0","0.125"
"1972","Searing Engineering","3623","6.1","1367","1399","4.1","-0.5","2.5","-0.03","-0.24","-0.34","N/A","N/A","N/A","6-17-0","0.261"
"5145","WolfBotics","3624","6","1367","1399","3.3","1.9","0.8","-0.05","-0.23","-0.34","N/A","N/A","N/A","2-6-0","0.250"
"6190","Cybernetic Crusaders","3625","6","1367","1399","2.2","3.1","0.7","0.01","-0.24","-0.34","N/A","N/A","N/A","8-16-0","0.333"
"8885","Socratic Schematics","3626","5.9","1366","1398","7.5","-2.4","0.8","-0.06","-0.25","-0.34","N/A","N/A","N/A","5-17-0","0.227"
"6945","Children of the Corn","3627","5.9","1366","1398","4.2","-0.7","2.3","-0.02","-0.24","-0.34","N/A","N/A","N/A","13-18-0","0.419"
"7036","The Beta Bots","3628","5.9","1366","1398","5.3","-0.5","1.1","-0.13","-0.23","-0.34","N/A","N/A","N/A","1-7-0","0.125"
"3054","IceStorm","3629","5.9","1366","1398","3.8","3.4","-1.4","-0.02","-0.23","-0.34","N/A","N/A","N/A","3-8-0","0.273"
"5856","Bullbots","3630","5.7","1365","1398","4.2","1.5","0","-0.17","-0.16","-0.34","N/A","N/A","N/A","7-17-0","0.292"
"9061","Mechanical Mutts","3631","5.6","1365","1398","6.3","-3.1","2.5","0.09","-0.23","-0.34","N/A","N/A","N/A","3-5-0","0.375"
"10251","Chimera","3632","5.6","1365","1398","2.2","1.9","1.5","-0.15","-0.23","-0.34","N/A","N/A","N/A","2-5-0","0.286"
"6902","STRIKE","3633","5.6","1364","1398","4.8","2","-1.3","0.03","-0.23","-0.34","N/A","N/A","N/A","3-7-0","0.300"
"10931","Silver Talon","3634","5.5","1364","1397","4.7","0.2","0.6","-0.07","-0.23","-0.34","N/A","N/A","N/A","3-7-0","0.300"
"10940","AVIATRONIX","3635","5.5","1364","1397","1.7","3.7","0.2","0.05","-0.13","-0.34","N/A","N/A","N/A","2-10-0","0.167"
"6057","Thunderbots","3636","5.5","1364","1397","1.7","-1.4","5.2","-0.02","-0.24","-0.34","N/A","N/A","N/A","8-16-0","0.333"
"601","BayBots","3637","5.5","1364","1397","2.7","-0.2","3","-0.03","-0.23","-0.34","N/A","N/A","N/A","1-8-0","0.111"
"5437","Rocky Balboabots","3638","5.4","1363","1397","3.1","-2.3","4.6","-0.1","-0.23","-0.34","N/A","N/A","N/A","5-12-0","0.294"
"2171","RoboDogs","3639","5.2","1362","1396","2.8","-0.3","2.6","0.02","-0.24","-0.34","N/A","N/A","N/A","5-19-0","0.208"
"2408","Shrapnel Sergeants","3640","5.2","1362","1396","3.3","-1.4","3.3","-0.05","-0.23","-0.34","N/A","N/A","N/A","4-6-0","0.400"
"9721","Red Hawk Robotics","3641","5.1","1362","1396","0.8","1.1","3.2","-0.16","-0.24","-0.34","N/A","N/A","N/A","6-18-0","0.250"
"6981","Clockwork Concord","3642","5.1","1362","1396","0.1","2.3","2.7","-0.09","-0.16","-0.34","N/A","N/A","N/A","8-16-0","0.333"
"1580","The Blue Monkeys","3643","5","1361","1396","1.1","2.7","1.3","0.01","-0.22","-0.33","N/A","N/A","N/A","0-0-0","0.000"
"10659","Jaguar Byte","3644","5","1361","1396","2","0.5","2.6","-0.11","-0.19","-0.34","N/A","N/A","N/A","6-18-0","0.250"
"8364","Rising Stars Academy - Nebulas","3645","5","1361","1396","3.4","-2.9","4.6","-0.13","-0.18","-0.34","N/A","N/A","N/A","10-14-0","0.417"
"5704","Weird & Wired","3646","4.8","1360","1396","2.9","0","1.9","-0.06","-0.24","-0.34","N/A","N/A","N/A","9-15-0","0.375"
"9715","Tsinelas'","3647","4.8","1360","1395","1.5","3.5","-0.1","0.02","-0.23","-0.34","N/A","N/A","N/A","9-8-0","0.529"
"6200","PrepaTec - XRAMS","3648","4.7","1360","1395","6.4","1.3","-3","-0.31","-0.29","-0.34","2026hop","Hopper Division","8","10-16-0","0.385"
"11302","Hot Rods","3649","4.7","1359","1395","1","3.4","0.3","-0.11","-0.23","-0.34","N/A","N/A","N/A","1-9-0","0.100"
"3053","VB Stingers","3650","4.6","1359","1395","1.7","0.7","2.3","-0.05","-0.23","-0.34","N/A","N/A","N/A","2-6-0","0.250"
"8704","Void Warranty","3651","4.6","1359","1395","7","-2.6","0.2","-0.08","-0.24","-0.34","N/A","N/A","N/A","10-17-0","0.370"
"8158","Bosphorus Robotics","3652","4.6","1359","1395","3.7","-3.3","4.1","-0.26","-0.3","-0.34","2026mil","Milstein Division","8","10-14-0","0.417"
"6473","Rock Star Robotics","3653","4.3","1358","1394","2.9","-3.2","4.6","-0.05","-0.23","-0.34","N/A","N/A","N/A","6-11-0","0.353"
"6832","STEAMex","3654","4.3","1358","1394","3.5","0.1","0.8","-0.13","-0.23","-0.34","N/A","N/A","N/A","3-8-0","0.273"
"9303","PORTAL","3655","4.3","1357","1394","0.9","2.3","1.1","0.01","-0.22","-0.33","N/A","N/A","N/A","0-0-0","0.000"
"9203","Quake","3656","4.2","1357","1394","2.7","1.9","-0.4","-0.1","-0.24","-0.34","N/A","N/A","N/A","4-20-0","0.167"
"3247","Robopack","3657","4.2","1357","1394","2.6","1.1","0.6","0","-0.23","-0.34","N/A","N/A","N/A","3-7-0","0.300"
"7538","Metal Mountain","3658","4.2","1357","1394","6.6","-2.1","-0.4","-0.1","-0.24","-0.34","N/A","N/A","N/A","8-20-1","0.293"
"4637","BambieBotz","3659","4.2","1357","1394","0.9","-1.3","4.6","0.04","-0.24","-0.34","N/A","N/A","N/A","5-19-0","0.208"
"6936","Vault 6936","3660","3.9","1355","1393","3.3","-1","1.6","0.02","-0.23","-0.34","N/A","N/A","N/A","4-7-0","0.364"
"9189","Disastrous Data","3661","3.8","1355","1393","7","-1.5","-1.6","-0.07","-0.23","-0.34","N/A","N/A","N/A","4-6-0","0.400"
"9493","TechWasps923","3662","3.8","1355","1393","6","-8.2","6","-0.21","-0.23","-0.34","N/A","N/A","N/A","2-7-0","0.222"
"9300","Olympians","3663","3.8","1354","1393","3.2","-1.3","1.9","-0.07","-0.23","-0.34","N/A","N/A","N/A","2-6-0","0.250"
"5923","WildC.A.T.S.","3664","3.7","1354","1393","3.1","1.4","-0.8","0.03","-0.24","-0.34","N/A","N/A","N/A","8-18-0","0.308"
"4854","Trobots","3665","3.6","1354","1392","2.5","0.5","0.6","-0.04","-0.23","-0.34","N/A","N/A","N/A","3-9-0","0.250"
"10350","Canberra CIPHER","3666","3.4","1353","1392","7.4","-2.5","-1.5","-0.14","-0.23","-0.34","N/A","N/A","N/A","4-6-0","0.400"
"9614","ROBOSSAUROS","3667","3.4","1352","1392","5.5","-0.1","-2","-0.07","-0.23","-0.34","N/A","N/A","N/A","4-5-0","0.444"
"2912","Panther Robotics","3668","3.2","1351","1391","4.1","-0.9","0","-0.07","-0.24","-0.34","N/A","N/A","N/A","8-16-0","0.333"
"7203","Cyber Bearcats","3669","3.2","1351","1391","3.3","-1.3","1.2","0.04","-0.24","-0.34","N/A","N/A","N/A","9-15-0","0.375"
"6854","Viking Robotics","3670","3.2","1351","1391","0.9","-6.5","8.7","0","-0.18","-0.34","N/A","N/A","N/A","10-20-0","0.333"
"2513","T.E.R.T.O.L.A.","3671","3.1","1350","1391","9.3","-5.4","-0.8","0.03","-0.23","-0.34","N/A","N/A","N/A","2-8-0","0.200"
"3821","Pirabots","3672","3","1350","1391","7.2","-3","-1.2","-0.04","-0.23","-0.34","N/A","N/A","N/A","2-8-0","0.200"
"9091","A.W.E.","3673","3","1350","1391","0.9","-0.6","2.8","-0.09","-0.23","-0.34","N/A","N/A","N/A","4-5-0","0.444"
"2839","Daedalus","3674","2.8","1349","1390","6.3","1.5","-5.1","-0.08","-0.24","-0.34","N/A","N/A","N/A","6-18-0","0.250"
"10045","Casque Robotics","3675","2.7","1349","1390","1.4","2","-0.6","-0.06","-0.23","-0.34","N/A","N/A","N/A","5-5-0","0.500"
"2348","Mechahunes","3676","2.6","1348","1390","1.2","0.4","1","-0.19","-0.23","-0.34","N/A","N/A","N/A","5-7-0","0.417"
"8898","Royal Rebel Robotics","3677","2.5","1347","1389","1.9","-4","4.6","-0.1","-0.24","-0.34","N/A","N/A","N/A","5-18-0","0.217"
"3704","RoboSapiens","3678","2.3","1346","1389","0.8","-1.2","2.7","-0.09","-0.23","-0.34","N/A","N/A","N/A","3-11-0","0.214"
"10261","PYRONEERS","3679","2.3","1346","1389","3.2","-0.7","-0.3","-0.09","-0.23","-0.34","N/A","N/A","N/A","4-8-0","0.333"
"7018","EOLOTICS - Peñoles","3680","2.2","1346","1389","1.7","-4.4","4.9","-0.06","-0.23","-0.34","N/A","N/A","N/A","2-8-0","0.200"
"11304","Meowbotics - Fresnillo PLC","3681","2.2","1345","1388","1.8","7.5","-7.1","-0.3","-0.37","-0.34","2026cur","Curie Division","8","10-16-0","0.385"
"9053","Prepa Tecmilenio - Iron Hawks","3682","2.1","1345","1388","5.8","-1.2","-2.5","-0.11","-0.23","-0.34","N/A","N/A","N/A","3-7-0","0.300"
"11103","Redshift Robotics","3683","2","1345","1388","3.7","-3","1.4","-0.09","-0.23","-0.34","N/A","N/A","N/A","5-3-0","0.625"
"10590","Compass Team","3684","2","1344","1388","4.4","2","-4.4","0","-0.24","-0.34","N/A","N/A","N/A","6-18-0","0.250"
"10266","Hopkins Galvanized Goats","3685","1.9","1344","1388","3.1","-3","1.8","-0.08","-0.24","-0.34","N/A","N/A","N/A","7-17-0","0.292"
"11429","NEW AI","3686","1.8","1343","1387","2.2","-2.1","1.8","-0.19","-0.23","-0.34","N/A","N/A","N/A","2-8-0","0.200"
"3240","Team Orion","3687","1.7","1343","1387","1.5","0.6","-0.3","-0.13","-0.24","-0.34","N/A","N/A","N/A","4-20-0","0.167"
"9012","Team Waffles","3688","1.5","1342","1387","1.6","0.9","-0.9","0.01","-0.23","-0.34","N/A","N/A","N/A","7-8-0","0.467"
"10906","Lunea Lumen","3689","1.5","1341","1387","3.6","-3.7","1.6","-0.09","-0.23","-0.34","N/A","N/A","N/A","3-6-0","0.333"
"10515","Aluminum Tethys","3690","1","1339","1385","1.7","2.4","-3.1","-0.04","-0.23","-0.34","N/A","N/A","N/A","1-7-0","0.125"
"5720","Jagobotics","3691","0.9","1338","1385","4","-4.6","1.5","-0.01","-0.23","-0.34","N/A","N/A","N/A","6-5-0","0.545"
"9768","ROBOKNIGHTS","3692","0.6","1336","1384","3.9","-2.6","-0.7","-0.03","-0.23","-0.34","N/A","N/A","N/A","1-7-0","0.125"
"7903","Tigers","3693","0.6","1336","1384","8.7","-5.1","-3","0.01","-0.24","-0.34","N/A","N/A","N/A","1-17-0","0.056"
"10953","LYRON","3694","0.5","1335","1384","3.3","-5.9","3.1","-0.05","-0.23","-0.34","N/A","N/A","N/A","3-6-0","0.333"
"10029","The Portotypes","3695","0.5","1335","1384","2.9","-1","-1.4","-0.06","-0.24","-0.34","N/A","N/A","N/A","9-18-0","0.333"
"9419","VULCAN","3696","0.3","1334","1383","3.1","-3.1","0.4","-0.16","-0.23","-0.34","N/A","N/A","N/A","4-8-0","0.333"
"2511","Cougars","3697","-0.4","1330","1382","4.6","-6.6","1.6","-0.03","-0.23","-0.34","N/A","N/A","N/A","1-8-0","0.111"
"6476","Supernova Star Squad","3698","-0.5","1329","1381","0.6","-0.7","-0.4","-0.08","-0.23","-0.34","N/A","N/A","N/A","1-9-0","0.100"
"11404","The Power of Skopje","3699","-0.5","1329","1381","5.1","-2.9","-2.7","-0.01","-0.16","-0.34","N/A","N/A","N/A","3-6-0","0.333"
"6975","The Neil McNeil Brotherhood...","3700","-0.6","1329","1381","4.1","-8.5","3.9","-0.03","-0.19","-0.34","N/A","N/A","N/A","14-22-0","0.389"
"904","D Cubed","3701","-0.6","1328","1381","6.2","-5.9","-0.9","-0.14","-0.24","-0.34","N/A","N/A","N/A","4-20-0","0.167"
"10147","ArmBots","3702","-0.8","1327","1380","1","-4.2","2.4","0.02","-0.24","-0.34","N/A","N/A","N/A","7-16-0","0.304"
"9309","Metal Mages","3703","-0.9","1326","1380","2.2","-1.1","-2","0.01","-0.24","-0.34","N/A","N/A","N/A","10-9-0","0.526"
"4169","Warrior Robotics","3704","-1.1","1325","1380","0","-4","3","-0.05","-0.24","-0.34","N/A","N/A","N/A","12-12-0","0.500"
"7758","MEVOLUTION","3705","-1.1","1325","1380","4.7","-3.3","-2.5","-0.08","-0.24","-0.34","N/A","N/A","N/A","3-6-0","0.333"
"8849","Storm Robotics","3706","-1.2","1325","1380","2","-1.9","-1.2","-0.17","-0.24","-0.34","N/A","N/A","N/A","7-19-0","0.269"
"8780","TED ROBOTICS","3707","-1.3","1324","1379","3.2","-3.9","-0.7","-0.06","-0.23","-0.34","N/A","N/A","N/A","4-8-0","0.333"
"9456","Nunez Robotics","3708","-2.1","1319","1377","3.6","-3.2","-2.5","-0.05","-0.23","-0.34","N/A","N/A","N/A","2-6-0","0.250"
"6608","Prepa Tecmilenio - ARCADIA","3709","-3.5","1310","1373","3.9","-7.5","0.1","-0.07","-0.23","-0.34","N/A","N/A","N/A","2-7-1","0.250"
"10214","Team Doritos","3710","-3.5","1310","1373","1.4","-0.4","-4.6","-0.04","-0.23","-0.34","N/A","N/A","N/A","2-5-0","0.286"
"8012","APEX Robotics","3711","-5.2","1300","1369","1.7","-5.2","-1.7","-0.11","-0.23","-0.34","N/A","N/A","N/A","3-6-0","0.333"
"7327","Metal Jackets","3712","-5.5","1298","1368","1.6","-9.2","2.1","-0.07","-0.24","-0.34","N/A","N/A","N/A","8-15-0","0.348"
"10228","Phoenix Robotics","3713","-6.6","1291","1365","4","-12.1","1.5","0.01","-0.23","-0.34","N/A","N/A","N/A","5-12-0","0.294"
"5988","Narooma High RoboRebels","3714","-6.7","1291","1365","2.2","-3.9","-5","-0.24","-0.23","-0.34","N/A","N/A","N/A","4-6-0","0.400"
"988","Steel Phoenix","3715","-7.2","1287","1363","4.1","-11.8","0.4","-0.09","-0.23","-0.34","N/A","N/A","N/A","2-8-0","0.200"
"4643","Butte Built Bots","3716","-7.3","1287","1363","5.3","-7.8","-4.8","-0.16","-0.22","-0.34","N/A","N/A","N/A","4-8-0","0.333"
"9550","STRIX Robotics","3717","-7.9","1283","1362","0.4","-5","-3.3","-0.03","-0.23","-0.34","N/A","N/A","N/A","2-8-0","0.200"
"5576","Team Terminator","3718","-8.4","1280","1360","3.2","-10.7","-0.8","-0.12","-0.23","-0.34","N/A","N/A","N/A","5-14-0","0.263"
"7738","Helion","3719","-8.5","1279","1360","2.7","-11.4","0.3","0.03","-0.23","-0.34","N/A","N/A","N/A","0-7-0","0.000"
"10937","River Valley RADs+","3720","-8.7","1278","1360","0.8","-7.7","-1.8","-0.01","-0.26","-0.34","N/A","N/A","N/A","7-17-0","0.292"
"10548","TechTonic Robotics","3721","-9.4","1274","1358","0.8","-8.1","-2.1","-0.16","-0.23","-0.34","N/A","N/A","N/A","4-7-0","0.364"
"11214","[CY]BEARCATS robotics","3722","-11.2","1263","1353","3.7","-21.8","6.9","-0.46","-0.27","-0.34","2026gal","Galileo Division","8","18-37-0","0.327"
"6686","Bionic Broncos","3723","-14","1245","1345","2","-15.6","-0.4","-0.02","-0.23","-0.34","N/A","N/A","N/A","2-8-0","0.200"
"335","Skillz Tech Gear Botz","3724","-14.4","1243","1344","6.5","-10.7","-10.2","-0.05","-0.24","-0.34","N/A","N/A","N/A","3-7-0","0.300"